epoch,alpha,q_assignment,q_mean,q_mean_pre_norm,q_tilde_mean,q_std,q_min,q_max,q_os_mean,q_os_std,p_gt_tau,p_at_qmax,q_cap,mean_normalize_q,ga_mode,ga_kappa_res_mean,ga_kappa_sc_mean,ga_frac_phi_neg_res,ga_cov_mean,risk_source,gm_p_mean,gm_d_mean,gm_m_mean,gm_r_mean,mne_grad_match_scale,mne_ref_grad_norm,reg_grad_norm,reg_coeff_grad_norm,ce_grad_norm,reg_ce_ratio,ann_train_acc,ann_test_acc,train_loss
0.0,0.25,risk,1.0,1.0,1.0,0.0,1.0,1.0,1.0,0.0,0.0,0.0,0.0,0.0,off,1.0,1.0,0.0,0.0,bn,1.0,1.0,1.0,1.0,,,2.5826819754279717,0.0002582681975427972,0.44689241779623196,0.0005779202941423787,16.3,24.79,923.4643778800964
1.0,0.25,risk,1.0,1.0,1.0,0.0,1.0,1.0,1.0,0.0,0.0,0.0,0.0,0.0,off,1.0,1.0,0.0,0.0,bn,1.0,1.0,1.0,1.0,,,2.5695853048778843,0.00025695853048778846,0.6584647139150785,0.0003902388769778909,23.994,33.51,786.7311638593674
2.0,0.25,risk,1.0,1.0,1.0,0.0,1.0,1.0,1.0,0.0,0.0,0.0,0.0,0.0,off,1.0,1.0,0.0,0.0,bn,1.0,1.0,1.0,1.0,,,2.513441598556617,0.0002513441598556617,0.5861156591967344,0.0004288303100451648,30.628,45.01,728.1627128124237
3.0,0.25,risk,1.0,1.0,1.0,0.0,1.0,1.0,1.0,0.0,0.0,0.0,0.0,0.0,off,1.0,1.0,0.0,0.0,bn,1.0,1.0,1.0,1.0,,,2.3711072459702884,0.00023711072459702885,0.6315515990400987,0.00037544157113593836,35.608,46.98,681.7820587158203
4.0,0.25,risk,1.0,1.0,1.0,0.0,1.0,1.0,1.0,0.0,0.0,0.0,0.0,0.0,off,1.0,1.0,0.0,0.0,bn,1.0,1.0,1.0,1.0,,,2.4580308732796974,0.00024580308732796973,0.8387208044904928,0.0002930690236988821,41.356,52.12,627.4223699569702
5.0,0.25,risk,1.0,1.0,1.0,0.0,1.0,1.0,1.0,0.0,0.0,0.0,0.0,0.0,off,1.0,1.0,0.0,0.0,bn,1.0,1.0,1.0,1.0,,,2.9232723073531632,0.0002923272307353163,0.8477957680023899,0.0003448085515030458,46.362,58.91,579.1166753768921
6.0,0.25,risk,1.0,1.0,1.0,0.0,1.0,1.0,1.0,0.0,0.0,0.0,0.0,0.0,off,1.0,1.0,0.0,0.0,bn,1.0,1.0,1.0,1.0,,,3.5809462862873844,0.00035809462862873846,1.0121524260704664,0.0003537951591135225,50.106,55.0,541.5964894294739
7.0,0.25,risk,1.0,1.0,1.0,0.0,1.0,1.0,1.0,0.0,0.0,0.0,0.0,0.0,off,1.0,1.0,0.0,0.0,bn,1.0,1.0,1.0,1.0,,,4.019854457759931,0.0004019854457759931,0.7149131032870081,0.0005622857434389653,52.92,64.77,513.7101045846939
8.0,0.25,risk,1.0,1.0,1.0,0.0,1.0,1.0,1.0,0.0,0.0,0.0,0.0,0.0,off,1.0,1.0,0.0,0.0,bn,1.0,1.0,1.0,1.0,,,5.130527481224458,0.0005130527481224459,0.8856085366214658,0.0005793222704014418,56.222,69.65,479.2155544757843
9.0,0.25,risk,1.0,1.0,1.0,0.0,1.0,1.0,1.0,0.0,0.0,0.0,0.0,0.0,off,1.0,1.0,0.0,0.0,bn,1.0,1.0,1.0,1.0,,,5.7075765951227915,0.0005707576595122792,0.7874752166588859,0.0007247944410668568,58.484,71.73,454.69957584142685
10.0,0.25,risk,1.0,1.0,1.0,0.0,1.0,1.0,1.0,0.0,0.0,0.0,0.0,0.0,off,1.0,1.0,0.0,0.0,bn,1.0,1.0,1.0,1.0,,,6.4746290779101665,0.0006474629077910166,1.1410727417021174,0.0005674159798307057,60.38,72.68,434.98980873823166
11.0,0.25,risk,1.0,1.0,1.0,0.0,1.0,1.0,1.0,0.0,0.0,0.0,0.0,0.0,off,1.0,1.0,0.0,0.0,bn,1.0,1.0,1.0,1.0,,,7.66112685517869,0.000766112685517869,0.916672920954788,0.0008357535910626677,62.574,71.9,413.60340082645416
12.0,0.25,risk,1.0,1.0,1.0,0.0,1.0,1.0,1.0,0.0,0.0,0.0,0.0,0.0,off,1.0,1.0,0.0,0.0,bn,1.0,1.0,1.0,1.0,,,8.21277578553685,0.000821277578553685,0.9754432242918176,0.0008419532353099705,64.65,75.53,393.93568819761276
13.0,0.25,risk,1.0,1.0,1.0,0.0,1.0,1.0,1.0,0.0,0.0,0.0,0.0,0.0,off,1.0,1.0,0.0,0.0,bn,1.0,1.0,1.0,1.0,,,8.878204229257701,0.0008878204229257701,0.8361507828000657,0.0010617946442060071,66.42,76.71,374.2439479827881
14.0,0.25,risk,1.0,1.0,1.0,0.0,1.0,1.0,1.0,0.0,0.0,0.0,0.0,0.0,off,1.0,1.0,0.0,0.0,bn,1.0,1.0,1.0,1.0,,,10.050486751534903,0.0010050486751534903,0.9016737883140289,0.0011146477674955533,67.666,77.85,360.2162289619446
15.0,0.25,risk,1.0,1.0,1.0,0.0,1.0,1.0,1.0,0.0,0.0,0.0,0.0,0.0,off,1.0,1.0,0.0,0.0,bn,1.0,1.0,1.0,1.0,,,10.46109751298713,0.001046109751298713,0.9035736473407283,0.0011577470794743485,68.792,79.47,344.42295026779175
16.0,0.25,risk,1.0,1.0,1.0,0.0,1.0,1.0,1.0,0.0,0.0,0.0,0.0,0.0,off,1.0,1.0,0.0,0.0,bn,1.0,1.0,1.0,1.0,,,11.485449369611057,0.0011485449369611057,0.9244597730631618,0.0012423957974455138,70.08,80.04,332.8316676020622
17.0,0.25,risk,1.0,1.0,1.0,0.0,1.0,1.0,1.0,0.0,0.0,0.0,0.0,0.0,off,1.0,1.0,0.0,0.0,bn,1.0,1.0,1.0,1.0,,,11.130548600442124,0.0011130548600442123,0.9225973580136105,0.0012064362100934957,70.944,79.67,324.4085013270378
18.0,0.25,risk,1.0,1.0,1.0,0.0,1.0,1.0,1.0,0.0,0.0,0.0,0.0,0.0,off,1.0,1.0,0.0,0.0,bn,1.0,1.0,1.0,1.0,,,12.080311063252001,0.0012080311063252002,0.832429471072171,0.001451211361809732,72.14,82.86,311.032049536705
19.0,0.25,risk,1.0,1.0,1.0,0.0,1.0,1.0,1.0,0.0,0.0,0.0,0.0,0.0,off,1.0,1.0,0.0,0.0,bn,1.0,1.0,1.0,1.0,,,11.411239074339589,0.0011411239074339589,0.8517116500114092,0.0013398007499588302,73.12,82.03,300.70538794994354
20.0,0.25,risk,1.0,1.0,1.0,0.0,1.0,1.0,1.0,0.0,0.0,0.0,0.0,0.0,off,1.0,1.0,0.0,0.0,bn,1.0,1.0,1.0,1.0,,,12.594721201879777,0.0012594721201879778,0.8852803359571222,0.001422681685148126,73.708,82.97,294.50205433368683
21.0,0.25,risk,1.0,1.0,1.0,0.0,1.0,1.0,1.0,0.0,0.0,0.0,0.0,0.0,off,1.0,1.0,0.0,0.0,bn,1.0,1.0,1.0,1.0,,,12.63860450403402,0.0012638604504034022,0.9413772239791265,0.0013425653587210925,74.33,84.12,287.58592030406
22.0,0.25,risk,1.0,1.0,1.0,0.0,1.0,1.0,1.0,0.0,0.0,0.0,0.0,0.0,off,1.0,1.0,0.0,0.0,bn,1.0,1.0,1.0,1.0,,,13.136388559176751,0.0013136388559176753,0.775878341380177,0.0016930990154730946,75.3,84.56,277.8593884706497
23.0,0.25,risk,1.0,1.0,1.0,0.0,1.0,1.0,1.0,0.0,0.0,0.0,0.0,0.0,off,1.0,1.0,0.0,0.0,bn,1.0,1.0,1.0,1.0,,,12.141125261247923,0.0012141125261247924,0.8781421483632069,0.0013825922470386029,75.864,85.75,270.3195298910141
24.0,0.25,risk,1.0,1.0,1.0,0.0,1.0,1.0,1.0,0.0,0.0,0.0,0.0,0.0,off,1.0,1.0,0.0,0.0,bn,1.0,1.0,1.0,1.0,,,13.269765859265016,0.0013269765859265017,0.803089998412605,0.001652338577929517,76.636,85.88,263.45264914631844
25.0,0.25,risk,1.0,1.0,1.0,0.0,1.0,1.0,1.0,0.0,0.0,0.0,0.0,0.0,off,1.0,1.0,0.0,0.0,bn,1.0,1.0,1.0,1.0,,,13.436611742242675,0.0013436611742242675,0.7236160096236985,0.0018568704345319979,76.776,86.57,259.4708563685417
26.0,0.25,risk,1.0,1.0,1.0,0.0,1.0,1.0,1.0,0.0,0.0,0.0,0.0,0.0,off,1.0,1.0,0.0,0.0,bn,1.0,1.0,1.0,1.0,,,12.558753152280802,0.0012558753152280802,0.8659825231825847,0.0014502317097723808,77.432,86.28,254.16763311624527
27.0,0.25,risk,1.0,1.0,1.0,0.0,1.0,1.0,1.0,0.0,0.0,0.0,0.0,0.0,off,1.0,1.0,0.0,0.0,bn,1.0,1.0,1.0,1.0,,,12.572548135660968,0.0012572548135660968,0.9358366956100218,0.0013434553479937648,77.946,85.51,247.66208320856094
28.0,0.25,risk,1.0,1.0,1.0,0.0,1.0,1.0,1.0,0.0,0.0,0.0,0.0,0.0,off,1.0,1.0,0.0,0.0,bn,1.0,1.0,1.0,1.0,,,13.381601428275717,0.0013381601428275717,0.8440294758041235,0.00158544242966477,78.518,85.44,242.2433070242405
29.0,0.25,risk,1.0,1.0,1.0,0.0,1.0,1.0,1.0,0.0,0.0,0.0,0.0,0.0,off,1.0,1.0,0.0,0.0,bn,1.0,1.0,1.0,1.0,,,12.98241155969789,0.001298241155969789,0.9725373539674689,0.0013349010715872358,78.724,86.14,236.95604321360588
30.0,0.25,risk,1.0,1.0,1.0,0.0,1.0,1.0,1.0,0.0,0.0,0.0,0.0,0.0,off,1.0,1.0,0.0,0.0,bn,1.0,1.0,1.0,1.0,,,14.033674555352919,0.001403367455535292,1.041132036540242,0.0013479245727552338,79.046,87.83,234.1135480105877
31.0,0.25,risk,1.0,1.0,1.0,0.0,1.0,1.0,1.0,0.0,0.0,0.0,0.0,0.0,off,1.0,1.0,0.0,0.0,bn,1.0,1.0,1.0,1.0,,,13.291389353122108,0.0013291389353122108,0.876498393660332,0.0015164191342799994,79.834,87.53,226.88988092541695
32.0,0.25,risk,1.0,1.0,1.0,0.0,1.0,1.0,1.0,0.0,0.0,0.0,0.0,0.0,off,1.0,1.0,0.0,0.0,bn,1.0,1.0,1.0,1.0,,,13.99147555118484,0.001399147555118484,0.7448166646439431,0.0018785126884712513,80.022,88.34,224.52144888043404
33.0,0.25,risk,1.0,1.0,1.0,0.0,1.0,1.0,1.0,0.0,0.0,0.0,0.0,0.0,off,1.0,1.0,0.0,0.0,bn,1.0,1.0,1.0,1.0,,,12.997891753841683,0.0012997891753841683,0.7707225004500295,0.0016864554682459816,80.432,88.46,217.73103377223015
34.0,0.25,risk,1.0,1.0,1.0,0.0,1.0,1.0,1.0,0.0,0.0,0.0,0.0,0.0,off,1.0,1.0,0.0,0.0,bn,1.0,1.0,1.0,1.0,,,14.762997643269765,0.0014762997643269766,1.0190538446240076,0.0014486965258167252,80.686,87.47,216.64921647310257
35.0,0.25,risk,1.0,1.0,1.0,0.0,1.0,1.0,1.0,0.0,0.0,0.0,0.0,0.0,off,1.0,1.0,0.0,0.0,bn,1.0,1.0,1.0,1.0,,,13.27516570534904,0.0013275165705349042,0.8288597036304874,0.0016016179393451636,81.124,89.13,210.34511017799377
36.0,0.25,risk,1.0,1.0,1.0,0.0,1.0,1.0,1.0,0.0,0.0,0.0,0.0,0.0,off,1.0,1.0,0.0,0.0,bn,1.0,1.0,1.0,1.0,,,13.55056421711893,0.0013550564217118932,0.7054112563965803,0.0019209452775588885,81.5,89.51,209.14393466711044
37.0,0.25,risk,1.0,1.0,1.0,0.0,1.0,1.0,1.0,0.0,0.0,0.0,0.0,0.0,off,1.0,1.0,0.0,0.0,bn,1.0,1.0,1.0,1.0,,,13.020718262242436,0.0013020718262242437,0.7909504365585224,0.0016462116537790208,81.742,89.45,206.12357085943222
38.0,0.25,risk,1.0,1.0,1.0,0.0,1.0,1.0,1.0,0.0,0.0,0.0,0.0,0.0,off,1.0,1.0,0.0,0.0,bn,1.0,1.0,1.0,1.0,,,13.41894053379945,0.0013418940533799452,0.6773391765077282,0.001981125704700228,81.872,88.55,202.14330846071243
39.0,0.25,risk,1.0,1.0,1.0,0.0,1.0,1.0,1.0,0.0,0.0,0.0,0.0,0.0,off,1.0,1.0,0.0,0.0,bn,1.0,1.0,1.0,1.0,,,13.715515523752261,0.0013715515523752262,0.9281967223672682,0.001477651794414042,82.326,89.1,198.60432973504066
40.0,0.25,risk,1.0,1.0,1.0,0.0,1.0,1.0,1.0,0.0,0.0,0.0,0.0,0.0,off,1.0,1.0,0.0,0.0,bn,1.0,1.0,1.0,1.0,,,13.536392725593817,0.0013536392725593818,0.8636133586580185,0.0015674135410119428,82.56,89.31,196.27395182847977
41.0,0.25,risk,1.0,1.0,1.0,0.0,1.0,1.0,1.0,0.0,0.0,0.0,0.0,0.0,off,1.0,1.0,0.0,0.0,bn,1.0,1.0,1.0,1.0,,,13.292825845716683,0.0013292825845716684,0.9856640788712545,0.0013486162406302895,82.796,90.2,193.4415401518345
42.0,0.25,risk,1.0,1.0,1.0,0.0,1.0,1.0,1.0,0.0,0.0,0.0,0.0,0.0,off,1.0,1.0,0.0,0.0,bn,1.0,1.0,1.0,1.0,,,13.111566528732455,0.0013111566528732457,0.9447114619902658,0.001387891124037993,83.09,89.9,190.21631637215614
43.0,0.25,risk,1.0,1.0,1.0,0.0,1.0,1.0,1.0,0.0,0.0,0.0,0.0,0.0,off,1.0,1.0,0.0,0.0,bn,1.0,1.0,1.0,1.0,,,13.525446081701952,0.0013525446081701952,0.7363123624416968,0.001836916880880556,83.556,90.53,188.5532709658146
44.0,0.25,risk,1.0,1.0,1.0,0.0,1.0,1.0,1.0,0.0,0.0,0.0,0.0,0.0,off,1.0,1.0,0.0,0.0,bn,1.0,1.0,1.0,1.0,,,13.166089250103074,0.0013166089250103074,0.6886727924283567,0.001911806215500049,83.388,90.29,185.9548057615757
45.0,0.25,risk,1.0,1.0,1.0,0.0,1.0,1.0,1.0,0.0,0.0,0.0,0.0,0.0,off,1.0,1.0,0.0,0.0,bn,1.0,1.0,1.0,1.0,,,12.361767614441764,0.0012361767614441764,0.8067656386279012,0.0015322625335736808,83.758,89.63,183.79658502340317
46.0,0.25,risk,1.0,1.0,1.0,0.0,1.0,1.0,1.0,0.0,0.0,0.0,0.0,0.0,off,1.0,1.0,0.0,0.0,bn,1.0,1.0,1.0,1.0,,,12.746732281488153,0.0012746732281488154,0.8156724374123028,0.0015627268615238236,83.982,90.61,181.5161446928978
47.0,0.25,risk,1.0,1.0,1.0,0.0,1.0,1.0,1.0,0.0,0.0,0.0,0.0,0.0,off,1.0,1.0,0.0,0.0,bn,1.0,1.0,1.0,1.0,,,13.12021270354455,0.001312021270354455,0.8623942937165316,0.0015213705377156814,84.324,90.65,176.7861510515213
48.0,0.25,risk,1.0,1.0,1.0,0.0,1.0,1.0,1.0,0.0,0.0,0.0,0.0,0.0,off,1.0,1.0,0.0,0.0,bn,1.0,1.0,1.0,1.0,,,12.70243637428094,0.001270243637428094,0.7335972374988068,0.0017315272911318182,84.39,91.07,175.95585426688194
49.0,0.25,risk,1.0,1.0,1.0,0.0,1.0,1.0,1.0,0.0,0.0,0.0,0.0,0.0,off,1.0,1.0,0.0,0.0,bn,1.0,1.0,1.0,1.0,,,13.470559278494186,0.0013470559278494186,0.8936251085182441,0.0015074060867459583,84.462,91.26,175.7880911231041
50.0,0.25,risk,1.0,1.0,1.0,0.0,1.0,1.0,1.0,0.0,0.0,0.0,0.0,0.0,off,1.0,1.0,0.0,0.0,bn,1.0,1.0,1.0,1.0,,,12.736579418591676,0.0012736579418591676,0.8929115526386052,0.0014264099709488972,84.472,91.05,174.75033336877823
51.0,0.25,risk,1.0,1.0,1.0,0.0,1.0,1.0,1.0,0.0,0.0,0.0,0.0,0.0,off,1.0,1.0,0.0,0.0,bn,1.0,1.0,1.0,1.0,,,13.091335482431191,0.0013091335482431192,0.679849030524965,0.0019256239098145568,85.124,91.17,168.39680176973343
52.0,0.25,risk,1.0,1.0,1.0,0.0,1.0,1.0,1.0,0.0,0.0,0.0,0.0,0.0,off,1.0,1.0,0.0,0.0,bn,1.0,1.0,1.0,1.0,,,12.532773426662994,0.0012532773426662993,0.695910230602745,0.0018009181178164386,84.954,90.78,168.45660489797592
53.0,0.25,risk,1.0,1.0,1.0,0.0,1.0,1.0,1.0,0.0,0.0,0.0,0.0,0.0,off,1.0,1.0,0.0,0.0,bn,1.0,1.0,1.0,1.0,,,12.928398292766298,0.0012928398292766298,0.7753815113413555,0.0016673596292489717,85.114,90.57,166.48370796442032
54.0,0.25,risk,1.0,1.0,1.0,0.0,1.0,1.0,1.0,0.0,0.0,0.0,0.0,0.0,off,1.0,1.0,0.0,0.0,bn,1.0,1.0,1.0,1.0,,,13.743602065188778,0.0013743602065188778,0.8358980063784939,0.0016441721310872092,85.492,91.1,163.92585062980652
55.0,0.25,risk,1.0,1.0,1.0,0.0,1.0,1.0,1.0,0.0,0.0,0.0,0.0,0.0,off,1.0,1.0,0.0,0.0,bn,1.0,1.0,1.0,1.0,,,13.415090507288719,0.001341509050728872,0.9321610771050547,0.0014391386678524484,85.812,91.65,160.47704741358757
56.0,0.25,risk,1.0,1.0,1.0,0.0,1.0,1.0,1.0,0.0,0.0,0.0,0.0,0.0,off,1.0,1.0,0.0,0.0,bn,1.0,1.0,1.0,1.0,,,13.621161066724616,0.0013621161066724617,0.7811333230981159,0.0017437690422296454,85.582,91.74,160.94570243358612
57.0,0.25,risk,1.0,1.0,1.0,0.0,1.0,1.0,1.0,0.0,0.0,0.0,0.0,0.0,off,1.0,1.0,0.0,0.0,bn,1.0,1.0,1.0,1.0,,,13.658487760013477,0.0013658487760013478,0.7903087423334053,0.00172824707970286,85.782,92.04,158.3832894563675
58.0,0.25,risk,1.0,1.0,1.0,0.0,1.0,1.0,1.0,0.0,0.0,0.0,0.0,0.0,off,1.0,1.0,0.0,0.0,bn,1.0,1.0,1.0,1.0,,,12.942747172799917,0.0012942747172799917,0.8483798875905884,0.0015255839232065618,86.266,91.54,155.27118383347988
59.0,0.25,risk,1.0,1.0,1.0,0.0,1.0,1.0,1.0,0.0,0.0,0.0,0.0,0.0,off,1.0,1.0,0.0,0.0,bn,1.0,1.0,1.0,1.0,,,12.545798926327373,0.0012545798926327375,0.747234647577905,0.0016789637588398064,86.208,91.29,155.51609681546688
60.0,0.25,risk,1.0,1.0,1.0,0.0,1.0,1.0,1.0,0.0,0.0,0.0,0.0,0.0,off,1.0,1.0,0.0,0.0,bn,1.0,1.0,1.0,1.0,,,13.326028244975484,0.0013326028244975486,0.9131980474976004,0.001459270339165996,86.494,92.13,151.43182158470154
61.0,0.25,risk,1.0,1.0,1.0,0.0,1.0,1.0,1.0,0.0,0.0,0.0,0.0,0.0,off,1.0,1.0,0.0,0.0,bn,1.0,1.0,1.0,1.0,,,13.294991921927819,0.001329499192192782,0.6286507467193793,0.0021148454831729506,86.634,91.91,149.7107693105936
62.0,0.25,risk,1.0,1.0,1.0,0.0,1.0,1.0,1.0,0.0,0.0,0.0,0.0,0.0,off,1.0,1.0,0.0,0.0,bn,1.0,1.0,1.0,1.0,,,12.50577163938263,0.001250577163938263,0.9304922816761406,0.0013439952040069994,86.6,91.6,152.57784873247147
63.0,0.25,risk,1.0,1.0,1.0,0.0,1.0,1.0,1.0,0.0,0.0,0.0,0.0,0.0,off,1.0,1.0,0.0,0.0,bn,1.0,1.0,1.0,1.0,,,13.36400710418829,0.0013364007104188292,0.7906219218669065,0.0016903157798397086,86.612,92.47,149.53717045485973
64.0,0.25,risk,1.0,1.0,1.0,0.0,1.0,1.0,1.0,0.0,0.0,0.0,0.0,0.0,off,1.0,1.0,0.0,0.0,bn,1.0,1.0,1.0,1.0,,,12.82497854975653,0.001282497854975653,0.7646449059159232,0.0016772463205511378,86.896,92.19,147.47478400170803
65.0,0.25,risk,1.0,1.0,1.0,0.0,1.0,1.0,1.0,0.0,0.0,0.0,0.0,0.0,off,1.0,1.0,0.0,0.0,bn,1.0,1.0,1.0,1.0,,,13.422938573924034,0.0013422938573924034,0.699724247556434,0.0019183183405176265,87.334,92.08,143.40545827150345
66.0,0.25,risk,1.0,1.0,1.0,0.0,1.0,1.0,1.0,0.0,0.0,0.0,0.0,0.0,off,1.0,1.0,0.0,0.0,bn,1.0,1.0,1.0,1.0,,,13.423145272069112,0.0013423145272069112,0.7377673164871847,0.001819428019118854,87.23,92.23,144.19709265232086
67.0,0.25,risk,1.0,1.0,1.0,0.0,1.0,1.0,1.0,0.0,0.0,0.0,0.0,0.0,off,1.0,1.0,0.0,0.0,bn,1.0,1.0,1.0,1.0,,,12.545934998871806,0.0012545934998871807,0.8498620290699881,0.001476231972923998,87.48,92.47,141.75801222026348
68.0,0.25,risk,1.0,1.0,1.0,0.0,1.0,1.0,1.0,0.0,0.0,0.0,0.0,0.0,off,1.0,1.0,0.0,0.0,bn,1.0,1.0,1.0,1.0,,,12.978208087069937,0.0012978208087069938,0.7750302609904726,0.0016745421101989047,87.51,92.21,141.06284673511982
69.0,0.25,risk,1.0,1.0,1.0,0.0,1.0,1.0,1.0,0.0,0.0,0.0,0.0,0.0,off,1.0,1.0,0.0,0.0,bn,1.0,1.0,1.0,1.0,,,14.29830665697374,0.001429830665697374,0.6955580294584709,0.002055659779832566,87.586,92.63,140.1443617939949
70.0,0.25,risk,1.0,1.0,1.0,0.0,1.0,1.0,1.0,0.0,0.0,0.0,0.0,0.0,off,1.0,1.0,0.0,0.0,bn,1.0,1.0,1.0,1.0,,,13.070327351247672,0.0013070327351247671,0.8724090797076052,0.0014981879092349996,87.706,92.25,137.8891562372446
71.0,0.25,risk,1.0,1.0,1.0,0.0,1.0,1.0,1.0,0.0,0.0,0.0,0.0,0.0,off,1.0,1.0,0.0,0.0,bn,1.0,1.0,1.0,1.0,,,12.890983070851473,0.0012890983070851473,0.8000209830771055,0.0016113306205131183,87.41,92.42,141.66798843443394
72.0,0.25,risk,1.0,1.0,1.0,0.0,1.0,1.0,1.0,0.0,0.0,0.0,0.0,0.0,off,1.0,1.0,0.0,0.0,bn,1.0,1.0,1.0,1.0,,,12.602970654046901,0.0012602970654046902,0.9488637311670512,0.0013282171338286823,87.828,92.42,137.47740632295609
73.0,0.25,risk,1.0,1.0,1.0,0.0,1.0,1.0,1.0,0.0,0.0,0.0,0.0,0.0,off,1.0,1.0,0.0,0.0,bn,1.0,1.0,1.0,1.0,,,11.946225148784427,0.0011946225148784426,0.6228847558370677,0.0019178869023260031,88.048,92.44,133.88500671088696
74.0,0.25,risk,1.0,1.0,1.0,0.0,1.0,1.0,1.0,0.0,0.0,0.0,0.0,0.0,off,1.0,1.0,0.0,0.0,bn,1.0,1.0,1.0,1.0,,,12.656313587776983,0.0012656313587776984,0.7480181436634482,0.0016919794920738408,88.094,92.8,132.1488658040762
75.0,0.25,risk,1.0,1.0,1.0,0.0,1.0,1.0,1.0,0.0,0.0,0.0,0.0,0.0,off,1.0,1.0,0.0,0.0,bn,1.0,1.0,1.0,1.0,,,13.275222635581299,0.00132752226355813,0.7283374880907354,0.0018226746326597827,88.354,92.37,133.01414012908936
76.0,0.25,risk,1.0,1.0,1.0,0.0,1.0,1.0,1.0,0.0,0.0,0.0,0.0,0.0,off,1.0,1.0,0.0,0.0,bn,1.0,1.0,1.0,1.0,,,12.215531771864967,0.0012215531771864968,0.806199450176769,0.0015151997150564373,88.418,92.04,130.81058013439178
77.0,0.25,risk,1.0,1.0,1.0,0.0,1.0,1.0,1.0,0.0,0.0,0.0,0.0,0.0,off,1.0,1.0,0.0,0.0,bn,1.0,1.0,1.0,1.0,,,11.872654617108738,0.0011872654617108738,0.9805879296765413,0.0012107689945791069,88.322,92.88,129.36352521181107
78.0,0.25,risk,1.0,1.0,1.0,0.0,1.0,1.0,1.0,0.0,0.0,0.0,0.0,0.0,off,1.0,1.0,0.0,0.0,bn,1.0,1.0,1.0,1.0,,,12.2473253184867,0.00122473253184867,0.7422464962305713,0.0016500347769485724,88.506,92.64,129.18109510838985
79.0,0.25,risk,1.0,1.0,1.0,0.0,1.0,1.0,1.0,0.0,0.0,0.0,0.0,0.0,off,1.0,1.0,0.0,0.0,bn,1.0,1.0,1.0,1.0,,,12.476750255877558,0.0012476750255877558,0.6302230386799256,0.0019797356634266407,88.518,92.53,128.95682360231876
80.0,0.25,risk,1.0,1.0,1.0,0.0,1.0,1.0,1.0,0.0,0.0,0.0,0.0,0.0,off,1.0,1.0,0.0,0.0,bn,1.0,1.0,1.0,1.0,,,12.417255952413475,0.0012417255952413475,0.7405639668828253,0.001676729696244886,88.838,93.08,125.43147896230221
81.0,0.25,risk,1.0,1.0,1.0,0.0,1.0,1.0,1.0,0.0,0.0,0.0,0.0,0.0,off,1.0,1.0,0.0,0.0,bn,1.0,1.0,1.0,1.0,,,12.942510921815966,0.0012942510921815967,0.8706553847863467,0.0014865251106202,88.824,93.29,124.96796506643295
82.0,0.25,risk,1.0,1.0,1.0,0.0,1.0,1.0,1.0,0.0,0.0,0.0,0.0,0.0,off,1.0,1.0,0.0,0.0,bn,1.0,1.0,1.0,1.0,,,11.905476982272777,0.0011905476982272778,0.8160242824806784,0.0014589611164609764,88.926,92.96,124.87470352649689
83.0,0.25,risk,1.0,1.0,1.0,0.0,1.0,1.0,1.0,0.0,0.0,0.0,0.0,0.0,off,1.0,1.0,0.0,0.0,bn,1.0,1.0,1.0,1.0,,,12.90806448733297,0.001290806448733297,0.7559106108015561,0.001707617845666362,89.066,93.41,123.74117714166641
84.0,0.25,risk,1.0,1.0,1.0,0.0,1.0,1.0,1.0,0.0,0.0,0.0,0.0,0.0,off,1.0,1.0,0.0,0.0,bn,1.0,1.0,1.0,1.0,,,11.702637716572546,0.0011702637716572548,0.5546652483952947,0.0021098559447215266,89.054,93.21,123.61434702575207
85.0,0.25,risk,1.0,1.0,1.0,0.0,1.0,1.0,1.0,0.0,0.0,0.0,0.0,0.0,off,1.0,1.0,0.0,0.0,bn,1.0,1.0,1.0,1.0,,,12.346393783408786,0.0012346393783408786,0.5800493576358062,0.002128507448698991,89.266,92.99,122.2152579575777
86.0,0.25,risk,1.0,1.0,1.0,0.0,1.0,1.0,1.0,0.0,0.0,0.0,0.0,0.0,off,1.0,1.0,0.0,0.0,bn,1.0,1.0,1.0,1.0,,,12.696172192607591,0.001269617219260759,0.6017761859561642,0.002109783086951937,89.262,93.49,121.06330932676792
87.0,0.25,risk,1.0,1.0,1.0,0.0,1.0,1.0,1.0,0.0,0.0,0.0,0.0,0.0,off,1.0,1.0,0.0,0.0,bn,1.0,1.0,1.0,1.0,,,12.7016127246764,0.00127016127246764,0.8474598575625377,0.0014987863568203398,89.264,93.34,119.59172147512436
88.0,0.25,risk,1.0,1.0,1.0,0.0,1.0,1.0,1.0,0.0,0.0,0.0,0.0,0.0,off,1.0,1.0,0.0,0.0,bn,1.0,1.0,1.0,1.0,,,12.804455663844335,0.0012804455663844336,0.6820629485674613,0.0018773128918287629,89.604,93.47,116.83533987402916
89.0,0.25,risk,1.0,1.0,1.0,0.0,1.0,1.0,1.0,0.0,0.0,0.0,0.0,0.0,off,1.0,1.0,0.0,0.0,bn,1.0,1.0,1.0,1.0,,,12.097373643583666,0.0012097373643583666,0.6744486139298083,0.0017936686937639215,89.58,93.27,117.55947570502758
90.0,0.25,risk,1.0,1.0,1.0,0.0,1.0,1.0,1.0,0.0,0.0,0.0,0.0,0.0,off,1.0,1.0,0.0,0.0,bn,1.0,1.0,1.0,1.0,,,12.744610346024682,0.0012744610346024684,0.6318894583187042,0.002016905042210203,89.49,93.56,116.12674316763878
91.0,0.25,risk,1.0,1.0,1.0,0.0,1.0,1.0,1.0,0.0,0.0,0.0,0.0,0.0,off,1.0,1.0,0.0,0.0,bn,1.0,1.0,1.0,1.0,,,13.051947200783962,0.0013051947200783962,0.8617549593971824,0.0015145775557722466,89.816,93.43,114.06876741349697
92.0,0.25,risk,1.0,1.0,1.0,0.0,1.0,1.0,1.0,0.0,0.0,0.0,0.0,0.0,off,1.0,1.0,0.0,0.0,bn,1.0,1.0,1.0,1.0,,,13.403131293100069,0.001340313129310007,0.8785610285707045,0.0015255777182497025,89.646,93.58,116.77017556875944
93.0,0.25,risk,1.0,1.0,1.0,0.0,1.0,1.0,1.0,0.0,0.0,0.0,0.0,0.0,off,1.0,1.0,0.0,0.0,bn,1.0,1.0,1.0,1.0,,,12.82642095827713,0.001282642095827713,0.8217475859171747,0.0015608711456038188,89.84,93.6,114.46949109435081
94.0,0.25,risk,1.0,1.0,1.0,0.0,1.0,1.0,1.0,0.0,0.0,0.0,0.0,0.0,off,1.0,1.0,0.0,0.0,bn,1.0,1.0,1.0,1.0,,,12.551270720087249,0.001255127072008725,0.8245102452605405,0.0015222698313616613,89.994,93.99,111.66933334618807
95.0,0.25,risk,1.0,1.0,1.0,0.0,1.0,1.0,1.0,0.0,0.0,0.0,0.0,0.0,off,1.0,1.0,0.0,0.0,bn,1.0,1.0,1.0,1.0,,,12.715967764994485,0.0012715967764994486,0.9326077620928177,0.0013634850879279867,90.022,94.0,112.57064159214497
96.0,0.25,risk,1.0,1.0,1.0,0.0,1.0,1.0,1.0,0.0,0.0,0.0,0.0,0.0,off,1.0,1.0,0.0,0.0,bn,1.0,1.0,1.0,1.0,,,12.20397111869042,0.001220397111869042,0.7863335938901129,0.0015520093778920857,90.084,93.7,111.55951872467995
97.0,0.25,risk,1.0,1.0,1.0,0.0,1.0,1.0,1.0,0.0,0.0,0.0,0.0,0.0,off,1.0,1.0,0.0,0.0,bn,1.0,1.0,1.0,1.0,,,11.880121289823744,0.0011880121289823745,1.0671361517416968,0.0011132713731452104,90.056,93.57,111.38874126970768
98.0,0.25,risk,1.0,1.0,1.0,0.0,1.0,1.0,1.0,0.0,0.0,0.0,0.0,0.0,off,1.0,1.0,0.0,0.0,bn,1.0,1.0,1.0,1.0,,,11.880691730702642,0.0011880691730702642,0.7005660374013327,0.0016958703528895962,90.278,93.33,110.7250159457326
99.0,0.25,risk,1.0,1.0,1.0,0.0,1.0,1.0,1.0,0.0,0.0,0.0,0.0,0.0,off,1.0,1.0,0.0,0.0,bn,1.0,1.0,1.0,1.0,,,11.778879108035241,0.0011778879108035243,0.5602615870128009,0.0021023892019507873,90.216,93.25,109.22033409029245
100.0,0.25,risk,1.0,1.0,1.0,0.0,1.0,1.0,1.0,0.0,0.0,0.0,0.0,0.0,off,1.0,1.0,0.0,0.0,bn,1.0,1.0,1.0,1.0,,,12.638578275667909,0.0012638578275667909,1.0576259446099587,0.0011949951057912901,90.468,93.42,107.74056793749332
101.0,0.25,risk,1.0,1.0,1.0,0.0,1.0,1.0,1.0,0.0,0.0,0.0,0.0,0.0,off,1.0,1.0,0.0,0.0,bn,1.0,1.0,1.0,1.0,,,12.565367446190342,0.0012565367446190343,0.8716856886125613,0.0014415020930526347,90.352,93.79,108.45850413292646
102.0,0.25,risk,1.0,1.0,1.0,0.0,1.0,1.0,1.0,0.0,0.0,0.0,0.0,0.0,off,1.0,1.0,0.0,0.0,bn,1.0,1.0,1.0,1.0,,,12.269601212085426,0.0012269601212085426,0.6742247639682233,0.0018198087444714062,90.692,93.68,105.57908403128386
103.0,0.25,risk,1.0,1.0,1.0,0.0,1.0,1.0,1.0,0.0,0.0,0.0,0.0,0.0,off,1.0,1.0,0.0,0.0,bn,1.0,1.0,1.0,1.0,,,12.64741084962639,0.001264741084962639,0.6894588130831079,0.0018343968645596037,90.642,93.45,105.09936800599098
104.0,0.25,risk,1.0,1.0,1.0,0.0,1.0,1.0,1.0,0.0,0.0,0.0,0.0,0.0,off,1.0,1.0,0.0,0.0,bn,1.0,1.0,1.0,1.0,,,12.335623345019805,0.0012335623345019805,0.7059304236634474,0.0017474276403903536,90.466,93.27,107.78384166955948
105.0,0.25,risk,1.0,1.0,1.0,0.0,1.0,1.0,1.0,0.0,0.0,0.0,0.0,0.0,off,1.0,1.0,0.0,0.0,bn,1.0,1.0,1.0,1.0,,,11.883201832072691,0.001188320183207269,0.9447166811823497,0.0012578587918232163,90.466,93.68,106.55853608250618
106.0,0.25,risk,1.0,1.0,1.0,0.0,1.0,1.0,1.0,0.0,0.0,0.0,0.0,0.0,off,1.0,1.0,0.0,0.0,bn,1.0,1.0,1.0,1.0,,,12.90138771538469,0.001290138771538469,0.8843395320707369,0.0014588726668336625,90.626,93.73,105.99657943099737
107.0,0.25,risk,1.0,1.0,1.0,0.0,1.0,1.0,1.0,0.0,0.0,0.0,0.0,0.0,off,1.0,1.0,0.0,0.0,bn,1.0,1.0,1.0,1.0,,,12.286671011504641,0.0012286671011504642,0.8559407827609586,0.0014354580666050562,91.002,93.52,102.52713820338249
108.0,0.25,risk,1.0,1.0,1.0,0.0,1.0,1.0,1.0,0.0,0.0,0.0,0.0,0.0,off,1.0,1.0,0.0,0.0,bn,1.0,1.0,1.0,1.0,,,12.47005056846743,0.001247005056846743,0.7410480302654769,0.001682758749658925,90.768,93.81,103.90563368052244
109.0,0.25,risk,1.0,1.0,1.0,0.0,1.0,1.0,1.0,0.0,0.0,0.0,0.0,0.0,off,1.0,1.0,0.0,0.0,bn,1.0,1.0,1.0,1.0,,,13.530865827348295,0.0013530865827348297,0.8304491088938528,0.0016293431689476108,91.07,93.92,102.23810588568449
110.0,0.25,risk,1.0,1.0,1.0,0.0,1.0,1.0,1.0,0.0,0.0,0.0,0.0,0.0,off,1.0,1.0,0.0,0.0,bn,1.0,1.0,1.0,1.0,,,12.911976548679302,0.0012911976548679303,0.9453570174177806,0.0013658307190597737,91.112,93.78,99.93023347109556
111.0,0.25,risk,1.0,1.0,1.0,0.0,1.0,1.0,1.0,0.0,0.0,0.0,0.0,0.0,off,1.0,1.0,0.0,0.0,bn,1.0,1.0,1.0,1.0,,,12.449695553246736,0.0012449695553246737,0.6770197997256622,0.0018388968178318457,91.066,93.82,99.60632837563753
112.0,0.25,risk,1.0,1.0,1.0,0.0,1.0,1.0,1.0,0.0,0.0,0.0,0.0,0.0,off,1.0,1.0,0.0,0.0,bn,1.0,1.0,1.0,1.0,,,12.199695583965648,0.0012199695583965649,0.6128416095502839,0.0019906767742023986,91.002,93.84,101.34644210338593
113.0,0.25,risk,1.0,1.0,1.0,0.0,1.0,1.0,1.0,0.0,0.0,0.0,0.0,0.0,off,1.0,1.0,0.0,0.0,bn,1.0,1.0,1.0,1.0,,,12.352854561222179,0.001235285456122218,0.6612730950387803,0.0018680413060654989,91.234,93.71,99.0326499864459
114.0,0.25,risk,1.0,1.0,1.0,0.0,1.0,1.0,1.0,0.0,0.0,0.0,0.0,0.0,off,1.0,1.0,0.0,0.0,bn,1.0,1.0,1.0,1.0,,,12.55645810167935,0.001255645810167935,0.7817210474172149,0.0016062581586060074,91.35,93.89,98.2203926295042
115.0,0.25,risk,1.0,1.0,1.0,0.0,1.0,1.0,1.0,0.0,0.0,0.0,0.0,0.0,off,1.0,1.0,0.0,0.0,bn,1.0,1.0,1.0,1.0,,,12.259863801898538,0.0012259863801898539,0.717949678659286,0.0017076216016689164,91.174,93.79,100.6198221668601
116.0,0.25,risk,1.0,1.0,1.0,0.0,1.0,1.0,1.0,0.0,0.0,0.0,0.0,0.0,off,1.0,1.0,0.0,0.0,bn,1.0,1.0,1.0,1.0,,,12.71630991063197,0.0012716309910631972,0.7276656768952281,0.0017475484022950434,91.62,93.81,94.73790419846773
117.0,0.25,risk,1.0,1.0,1.0,0.0,1.0,1.0,1.0,0.0,0.0,0.0,0.0,0.0,off,1.0,1.0,0.0,0.0,bn,1.0,1.0,1.0,1.0,,,12.26203361944646,0.001226203361944646,0.7673548368639541,0.001597961338141721,91.578,94.04,95.4947811588645
118.0,0.25,risk,1.0,1.0,1.0,0.0,1.0,1.0,1.0,0.0,0.0,0.0,0.0,0.0,off,1.0,1.0,0.0,0.0,bn,1.0,1.0,1.0,1.0,,,12.316379059363204,0.0012316379059363204,0.9129858710570226,0.0013490218687725955,91.718,94.15,93.58374778181314
119.0,0.25,risk,1.0,1.0,1.0,0.0,1.0,1.0,1.0,0.0,0.0,0.0,0.0,0.0,off,1.0,1.0,0.0,0.0,bn,1.0,1.0,1.0,1.0,,,11.940724665590833,0.0011940724665590835,0.6419048835176665,0.0018602015613520726,91.512,94.06,94.71546893566847
120.0,0.25,risk,1.0,1.0,1.0,0.0,1.0,1.0,1.0,0.0,0.0,0.0,0.0,0.0,off,1.0,1.0,0.0,0.0,bn,1.0,1.0,1.0,1.0,,,12.71993789209913,0.001271993789209913,0.8230457909666298,0.001545471470932394,91.508,93.79,97.67974281311035
121.0,0.25,risk,1.0,1.0,1.0,0.0,1.0,1.0,1.0,0.0,0.0,0.0,0.0,0.0,off,1.0,1.0,0.0,0.0,bn,1.0,1.0,1.0,1.0,,,13.132197699191776,0.0013132197699191777,0.7549386007549408,0.0017395053963407806,91.682,94.24,94.6707514077425
122.0,0.25,risk,1.0,1.0,1.0,0.0,1.0,1.0,1.0,0.0,0.0,0.0,0.0,0.0,off,1.0,1.0,0.0,0.0,bn,1.0,1.0,1.0,1.0,,,12.345142475997571,0.0012345142475997572,0.8689466348395117,0.0014207020294494416,91.604,93.97,94.87589577585459
123.0,0.25,risk,1.0,1.0,1.0,0.0,1.0,1.0,1.0,0.0,0.0,0.0,0.0,0.0,off,1.0,1.0,0.0,0.0,bn,1.0,1.0,1.0,1.0,,,12.385079708656475,0.0012385079708656477,0.6337066960560022,0.0019543867511164783,91.796,93.98,92.67836578190327
124.0,0.25,risk,1.0,1.0,1.0,0.0,1.0,1.0,1.0,0.0,0.0,0.0,0.0,0.0,off,1.0,1.0,0.0,0.0,bn,1.0,1.0,1.0,1.0,,,12.267100926474587,0.0012267100926474587,0.9618089059628152,0.0012754197689815163,91.882,94.12,92.81001149863005
125.0,0.25,risk,1.0,1.0,1.0,0.0,1.0,1.0,1.0,0.0,0.0,0.0,0.0,0.0,off,1.0,1.0,0.0,0.0,bn,1.0,1.0,1.0,1.0,,,12.556691163221386,0.0012556691163221386,0.7646852124254291,0.0016420732295049966,91.826,94.07,92.47891436517239
126.0,0.25,risk,1.0,1.0,1.0,0.0,1.0,1.0,1.0,0.0,0.0,0.0,0.0,0.0,off,1.0,1.0,0.0,0.0,bn,1.0,1.0,1.0,1.0,,,12.855565315754404,0.0012855565315754405,0.8846805908059786,0.001453130706082574,92.152,94.24,90.00886504352093
127.0,0.25,risk,1.0,1.0,1.0,0.0,1.0,1.0,1.0,0.0,0.0,0.0,0.0,0.0,off,1.0,1.0,0.0,0.0,bn,1.0,1.0,1.0,1.0,,,12.893261334271752,0.0012893261334271753,1.1174031366170611,0.001153859418482224,92.042,93.81,90.82919038832188
128.0,0.25,risk,1.0,1.0,1.0,0.0,1.0,1.0,1.0,0.0,0.0,0.0,0.0,0.0,off,1.0,1.0,0.0,0.0,bn,1.0,1.0,1.0,1.0,,,13.460352342014602,0.0013460352342014603,0.5884323797863276,0.002287493483431749,92.116,93.96,90.20275892317295
129.0,0.25,risk,1.0,1.0,1.0,0.0,1.0,1.0,1.0,0.0,0.0,0.0,0.0,0.0,off,1.0,1.0,0.0,0.0,bn,1.0,1.0,1.0,1.0,,,12.894772023829393,0.0012894772023829394,0.8683544995055387,0.0014849663393432036,91.958,94.07,90.96015511453152
130.0,0.25,risk,1.0,1.0,1.0,0.0,1.0,1.0,1.0,0.0,0.0,0.0,0.0,0.0,off,1.0,1.0,0.0,0.0,bn,1.0,1.0,1.0,1.0,,,12.251519958369387,0.0012251519958369388,0.9086758909647245,0.0013482827133624261,91.946,93.98,90.39933235943317
131.0,0.25,risk,1.0,1.0,1.0,0.0,1.0,1.0,1.0,0.0,0.0,0.0,0.0,0.0,off,1.0,1.0,0.0,0.0,bn,1.0,1.0,1.0,1.0,,,12.98584558653915,0.0012985845586539152,0.8445930445002681,0.0015375269392873896,92.062,94.29,89.22625257074833
132.0,0.25,risk,1.0,1.0,1.0,0.0,1.0,1.0,1.0,0.0,0.0,0.0,0.0,0.0,off,1.0,1.0,0.0,0.0,bn,1.0,1.0,1.0,1.0,,,12.11535521812061,0.0012115355218120611,0.7265144064530219,0.0016676001343552186,92.328,94.18,86.73145758360624
133.0,0.25,risk,1.0,1.0,1.0,0.0,1.0,1.0,1.0,0.0,0.0,0.0,0.0,0.0,off,1.0,1.0,0.0,0.0,bn,1.0,1.0,1.0,1.0,,,12.468754336554596,0.0012468754336554598,0.8593806968494101,0.0014508999774217068,92.284,94.32,87.13293834030628
134.0,0.25,risk,1.0,1.0,1.0,0.0,1.0,1.0,1.0,0.0,0.0,0.0,0.0,0.0,off,1.0,1.0,0.0,0.0,bn,1.0,1.0,1.0,1.0,,,12.850137167520996,0.0012850137167520997,1.1139760334396644,0.0011535380279091966,92.356,94.29,86.5271768271923
135.0,0.25,risk,1.0,1.0,1.0,0.0,1.0,1.0,1.0,0.0,0.0,0.0,0.0,0.0,off,1.0,1.0,0.0,0.0,bn,1.0,1.0,1.0,1.0,,,12.69374792132306,0.0012693747921323061,0.7261728146704657,0.0017480340305886324,92.35,94.14,86.04437456279993
136.0,0.25,risk,1.0,1.0,1.0,0.0,1.0,1.0,1.0,0.0,0.0,0.0,0.0,0.0,off,1.0,1.0,0.0,0.0,bn,1.0,1.0,1.0,1.0,,,11.996393536170542,0.0011996393536170542,0.8515293660499262,0.0014088056166306282,92.352,94.22,86.07320506125689
137.0,0.25,risk,1.0,1.0,1.0,0.0,1.0,1.0,1.0,0.0,0.0,0.0,0.0,0.0,off,1.0,1.0,0.0,0.0,bn,1.0,1.0,1.0,1.0,,,12.290026214886158,0.0012290026214886159,0.9678541410008693,0.0012698221451196044,92.35,94.55,86.19547262042761
138.0,0.25,risk,1.0,1.0,1.0,0.0,1.0,1.0,1.0,0.0,0.0,0.0,0.0,0.0,off,1.0,1.0,0.0,0.0,bn,1.0,1.0,1.0,1.0,,,11.90387845659435,0.001190387845659435,0.8905025507136499,0.0013367596136647298,92.514,94.19,84.60975552350283
139.0,0.25,risk,1.0,1.0,1.0,0.0,1.0,1.0,1.0,0.0,0.0,0.0,0.0,0.0,off,1.0,1.0,0.0,0.0,bn,1.0,1.0,1.0,1.0,,,11.930963577969122,0.0011930963577969122,0.7234186685302054,0.0016492473994636702,92.714,94.3,83.14832744002342
140.0,0.25,risk,1.0,1.0,1.0,0.0,1.0,1.0,1.0,0.0,0.0,0.0,0.0,0.0,off,1.0,1.0,0.0,0.0,bn,1.0,1.0,1.0,1.0,,,12.612087242084772,0.0012612087242084772,0.8252582046365339,0.0015282595400114172,92.554,94.29,84.40719915181398
141.0,0.25,risk,1.0,1.0,1.0,0.0,1.0,1.0,1.0,0.0,0.0,0.0,0.0,0.0,off,1.0,1.0,0.0,0.0,bn,1.0,1.0,1.0,1.0,,,11.998363918560718,0.0011998363918560718,0.6789451239358402,0.0017672067293165441,92.72,94.32,82.82290063798428
142.0,0.25,risk,1.0,1.0,1.0,0.0,1.0,1.0,1.0,0.0,0.0,0.0,0.0,0.0,off,1.0,1.0,0.0,0.0,bn,1.0,1.0,1.0,1.0,,,12.813984411120243,0.0012813984411120243,0.822606582192582,0.0015577293798167465,92.816,94.45,81.99208737164736
143.0,0.25,risk,1.0,1.0,1.0,0.0,1.0,1.0,1.0,0.0,0.0,0.0,0.0,0.0,off,1.0,1.0,0.0,0.0,bn,1.0,1.0,1.0,1.0,,,12.14446793233268,0.001214446793233268,0.842534551194838,0.001441420760146873,92.824,94.31,81.4707252830267
144.0,0.25,risk,1.0,1.0,1.0,0.0,1.0,1.0,1.0,0.0,0.0,0.0,0.0,0.0,off,1.0,1.0,0.0,0.0,bn,1.0,1.0,1.0,1.0,,,12.227175348205723,0.0012227175348205723,1.2024867269867356,0.0010168241423209154,92.592,94.32,83.14089560508728
145.0,0.25,risk,1.0,1.0,1.0,0.0,1.0,1.0,1.0,0.0,0.0,0.0,0.0,0.0,off,1.0,1.0,0.0,0.0,bn,1.0,1.0,1.0,1.0,,,12.909372054184743,0.0012909372054184744,0.6489896642365643,0.0019891490982942876,92.966,94.44,80.98190806806087
146.0,0.25,risk,1.0,1.0,1.0,0.0,1.0,1.0,1.0,0.0,0.0,0.0,0.0,0.0,off,1.0,1.0,0.0,0.0,bn,1.0,1.0,1.0,1.0,,,12.703431186359916,0.0012703431186359916,1.0167706666183314,0.0012493900152145564,92.862,94.42,82.48934735357761
147.0,0.25,risk,1.0,1.0,1.0,0.0,1.0,1.0,1.0,0.0,0.0,0.0,0.0,0.0,off,1.0,1.0,0.0,0.0,bn,1.0,1.0,1.0,1.0,,,12.760648379141987,0.0012760648379141987,0.6074414817433772,0.0021007206064555394,92.722,94.81,82.86259610950947
148.0,0.25,risk,1.0,1.0,1.0,0.0,1.0,1.0,1.0,0.0,0.0,0.0,0.0,0.0,off,1.0,1.0,0.0,0.0,bn,1.0,1.0,1.0,1.0,,,12.590348172524198,0.0012590348172524198,0.6648773878960164,0.001893634586125114,93.034,94.49,79.17150264978409
149.0,0.25,risk,1.0,1.0,1.0,0.0,1.0,1.0,1.0,0.0,0.0,0.0,0.0,0.0,off,1.0,1.0,0.0,0.0,bn,1.0,1.0,1.0,1.0,,,12.818625449679587,0.0012818625449679587,0.5949360614576894,0.002154622367027456,92.86,94.47,80.29174669086933
150.0,0.25,risk,1.0,1.0,1.0,0.0,1.0,1.0,1.0,0.0,0.0,0.0,0.0,0.0,off,1.0,1.0,0.0,0.0,bn,1.0,1.0,1.0,1.0,,,12.46594830470453,0.001246594830470453,1.0807751550604547,0.001153426616658969,92.918,94.32,79.49137104302645
151.0,0.25,risk,1.0,1.0,1.0,0.0,1.0,1.0,1.0,0.0,0.0,0.0,0.0,0.0,off,1.0,1.0,0.0,0.0,bn,1.0,1.0,1.0,1.0,,,12.827049571623029,0.001282704957162303,0.8025141748654329,0.0015983580070437877,92.974,94.36,78.68995495140553
152.0,0.25,risk,1.0,1.0,1.0,0.0,1.0,1.0,1.0,0.0,0.0,0.0,0.0,0.0,off,1.0,1.0,0.0,0.0,bn,1.0,1.0,1.0,1.0,,,12.719486542137643,0.0012719486542137643,0.668424279470092,0.0019029061230722043,93.112,94.13,78.31878712028265
153.0,0.25,risk,1.0,1.0,1.0,0.0,1.0,1.0,1.0,0.0,0.0,0.0,0.0,0.0,off,1.0,1.0,0.0,0.0,bn,1.0,1.0,1.0,1.0,,,12.59201697872693,0.001259201697872693,0.646378495302361,0.001948087238396858,93.084,94.4,78.78167717158794
154.0,0.25,risk,1.0,1.0,1.0,0.0,1.0,1.0,1.0,0.0,0.0,0.0,0.0,0.0,off,1.0,1.0,0.0,0.0,bn,1.0,1.0,1.0,1.0,,,12.3672144021864,0.00123672144021864,0.7866637101178569,0.0015721094341994704,93.172,94.36,78.88121618703008
155.0,0.25,risk,1.0,1.0,1.0,0.0,1.0,1.0,1.0,0.0,0.0,0.0,0.0,0.0,off,1.0,1.0,0.0,0.0,bn,1.0,1.0,1.0,1.0,,,12.7900454444597,0.0012790045444459701,0.9884010077709177,0.0012940138004618525,93.246,94.62,76.44646391272545
156.0,0.25,risk,1.0,1.0,1.0,0.0,1.0,1.0,1.0,0.0,0.0,0.0,0.0,0.0,off,1.0,1.0,0.0,0.0,bn,1.0,1.0,1.0,1.0,,,12.66406645749408,0.001266406645749408,0.9158973968166152,0.001382694884984997,93.416,94.34,75.81556895375252
157.0,0.25,risk,1.0,1.0,1.0,0.0,1.0,1.0,1.0,0.0,0.0,0.0,0.0,0.0,off,1.0,1.0,0.0,0.0,bn,1.0,1.0,1.0,1.0,,,12.240609362629284,0.0012240609362629284,0.5924305166081163,0.002066167933534433,93.71,94.5,73.0122836753726
158.0,0.25,risk,1.0,1.0,1.0,0.0,1.0,1.0,1.0,0.0,0.0,0.0,0.0,0.0,off,1.0,1.0,0.0,0.0,bn,1.0,1.0,1.0,1.0,,,12.205623397056202,0.0012205623397056203,0.8108249901557443,0.001505333893903755,93.524,94.53,73.47848005592823
159.0,0.25,risk,1.0,1.0,1.0,0.0,1.0,1.0,1.0,0.0,0.0,0.0,0.0,0.0,off,1.0,1.0,0.0,0.0,bn,1.0,1.0,1.0,1.0,,,12.786638709982014,0.0012786638709982015,0.9109726090836682,0.0014036249369609342,93.288,94.51,76.46666218712926
160.0,0.25,risk,1.0,1.0,1.0,0.0,1.0,1.0,1.0,0.0,0.0,0.0,0.0,0.0,off,1.0,1.0,0.0,0.0,bn,1.0,1.0,1.0,1.0,,,12.321929594504768,0.0012321929594504768,0.834370606815862,0.0014767933450493787,93.422,94.52,75.96940033137798
161.0,0.25,risk,1.0,1.0,1.0,0.0,1.0,1.0,1.0,0.0,0.0,0.0,0.0,0.0,off,1.0,1.0,0.0,0.0,bn,1.0,1.0,1.0,1.0,,,12.284948309505392,0.0012284948309505392,0.6435830229639246,0.0019088366024524568,93.616,94.79,74.04984939098358
162.0,0.25,risk,1.0,1.0,1.0,0.0,1.0,1.0,1.0,0.0,0.0,0.0,0.0,0.0,off,1.0,1.0,0.0,0.0,bn,1.0,1.0,1.0,1.0,,,11.956570211821836,0.0011956570211821835,0.8429359615308266,0.001418443482955446,93.428,94.84,74.77465050667524
163.0,0.25,risk,1.0,1.0,1.0,0.0,1.0,1.0,1.0,0.0,0.0,0.0,0.0,0.0,off,1.0,1.0,0.0,0.0,bn,1.0,1.0,1.0,1.0,,,12.395914205492614,0.0012395914205492614,0.858367587373536,0.0014441265476276984,93.644,94.7,73.56831367686391
164.0,0.25,risk,1.0,1.0,1.0,0.0,1.0,1.0,1.0,0.0,0.0,0.0,0.0,0.0,off,1.0,1.0,0.0,0.0,bn,1.0,1.0,1.0,1.0,,,12.268028782003983,0.0012268028782003984,0.82870427785474,0.0014803868050207404,93.76,94.87,71.09443728253245
165.0,0.25,risk,1.0,1.0,1.0,0.0,1.0,1.0,1.0,0.0,0.0,0.0,0.0,0.0,off,1.0,1.0,0.0,0.0,bn,1.0,1.0,1.0,1.0,,,12.206271818551418,0.0012206271818551418,0.8428538363129181,0.0014482074225286808,93.842,94.9,71.87826354801655
166.0,0.25,risk,1.0,1.0,1.0,0.0,1.0,1.0,1.0,0.0,0.0,0.0,0.0,0.0,off,1.0,1.0,0.0,0.0,bn,1.0,1.0,1.0,1.0,,,12.172289786724622,0.0012172289786724624,0.722317602779241,0.0016851714176547338,93.59,94.54,73.45937024056911
167.0,0.25,risk,1.0,1.0,1.0,0.0,1.0,1.0,1.0,0.0,0.0,0.0,0.0,0.0,off,1.0,1.0,0.0,0.0,bn,1.0,1.0,1.0,1.0,,,12.295958850680522,0.0012295958850680523,1.1653621889553076,0.0010551190837677059,93.838,94.55,71.50900074839592
168.0,0.25,risk,1.0,1.0,1.0,0.0,1.0,1.0,1.0,0.0,0.0,0.0,0.0,0.0,off,1.0,1.0,0.0,0.0,bn,1.0,1.0,1.0,1.0,,,11.887921805603016,0.0011887921805603017,0.5741311975438437,0.002070593247059213,93.64,94.78,70.96062740683556
169.0,0.25,risk,1.0,1.0,1.0,0.0,1.0,1.0,1.0,0.0,0.0,0.0,0.0,0.0,off,1.0,1.0,0.0,0.0,bn,1.0,1.0,1.0,1.0,,,11.878104394069164,0.0011878104394069163,0.7776722784015249,0.0015273920292599532,93.75,94.74,71.95602747052908
170.0,0.25,risk,1.0,1.0,1.0,0.0,1.0,1.0,1.0,0.0,0.0,0.0,0.0,0.0,off,1.0,1.0,0.0,0.0,bn,1.0,1.0,1.0,1.0,,,11.87570692498453,0.001187570692498453,0.8532663062470526,0.0013917937270039196,93.72,94.7,71.66565867885947
171.0,0.25,risk,1.0,1.0,1.0,0.0,1.0,1.0,1.0,0.0,0.0,0.0,0.0,0.0,off,1.0,1.0,0.0,0.0,bn,1.0,1.0,1.0,1.0,,,11.701959116157237,0.0011701959116157238,0.6588097012457682,0.0017762275045479082,93.9,94.92,70.20985575765371
172.0,0.25,risk,1.0,1.0,1.0,0.0,1.0,1.0,1.0,0.0,0.0,0.0,0.0,0.0,off,1.0,1.0,0.0,0.0,bn,1.0,1.0,1.0,1.0,,,12.235208041970425,0.0012235208041970426,0.4489718682304971,0.0027251613982391004,93.968,94.86,69.34760729968548
173.0,0.25,risk,1.0,1.0,1.0,0.0,1.0,1.0,1.0,0.0,0.0,0.0,0.0,0.0,off,1.0,1.0,0.0,0.0,bn,1.0,1.0,1.0,1.0,,,12.559835071678414,0.0012559835071678414,0.6794661622497462,0.0018484857332839322,93.94,94.73,69.78798035159707
174.0,0.25,risk,1.0,1.0,1.0,0.0,1.0,1.0,1.0,0.0,0.0,0.0,0.0,0.0,off,1.0,1.0,0.0,0.0,bn,1.0,1.0,1.0,1.0,,,12.748064401036519,0.001274806440103652,0.8568704604615727,0.0014877469803509724,93.962,95.0,68.39312328398228
175.0,0.25,risk,1.0,1.0,1.0,0.0,1.0,1.0,1.0,0.0,0.0,0.0,0.0,0.0,off,1.0,1.0,0.0,0.0,bn,1.0,1.0,1.0,1.0,,,12.310840805021114,0.0012310840805021114,0.9007156844058688,0.0013667843269701255,94.01,94.57,69.50272243842483
176.0,0.25,risk,1.0,1.0,1.0,0.0,1.0,1.0,1.0,0.0,0.0,0.0,0.0,0.0,off,1.0,1.0,0.0,0.0,bn,1.0,1.0,1.0,1.0,,,12.76811817938365,0.0012768118179383651,0.8243529107079691,0.0015488655421157136,93.986,94.66,68.83396142721176
177.0,0.25,risk,1.0,1.0,1.0,0.0,1.0,1.0,1.0,0.0,0.0,0.0,0.0,0.0,off,1.0,1.0,0.0,0.0,bn,1.0,1.0,1.0,1.0,,,12.706751168975085,0.0012706751168975086,0.7610163844892054,0.001669707962661522,93.814,94.71,70.33570819348097
178.0,0.25,risk,1.0,1.0,1.0,0.0,1.0,1.0,1.0,0.0,0.0,0.0,0.0,0.0,off,1.0,1.0,0.0,0.0,bn,1.0,1.0,1.0,1.0,,,12.740633809333923,0.0012740633809333924,0.8149017213248382,0.0015634564851109477,94.016,94.48,68.27923818677664
179.0,0.25,risk,1.0,1.0,1.0,0.0,1.0,1.0,1.0,0.0,0.0,0.0,0.0,0.0,off,1.0,1.0,0.0,0.0,bn,1.0,1.0,1.0,1.0,,,12.302259286338575,0.0012302259286338577,0.5731270609176978,0.0021465151665740674,94.138,94.62,67.23209924995899
180.0,0.25,risk,1.0,1.0,1.0,0.0,1.0,1.0,1.0,0.0,0.0,0.0,0.0,0.0,off,1.0,1.0,0.0,0.0,bn,1.0,1.0,1.0,1.0,,,12.172490451615465,0.0012172490451615465,0.7146929251330387,0.001703177689823861,94.18,94.72,67.36561658978462
181.0,0.25,risk,1.0,1.0,1.0,0.0,1.0,1.0,1.0,0.0,0.0,0.0,0.0,0.0,off,1.0,1.0,0.0,0.0,bn,1.0,1.0,1.0,1.0,,,12.528199447914412,0.0012528199447914413,1.3776667128166713,0.0009093781051224081,94.324,94.8,66.05299138650298
182.0,0.25,risk,1.0,1.0,1.0,0.0,1.0,1.0,1.0,0.0,0.0,0.0,0.0,0.0,off,1.0,1.0,0.0,0.0,bn,1.0,1.0,1.0,1.0,,,12.060254839708982,0.0012060254839708982,0.638029907114989,0.0018902334679329416,94.016,94.95,67.87411151081324
183.0,0.25,risk,1.0,1.0,1.0,0.0,1.0,1.0,1.0,0.0,0.0,0.0,0.0,0.0,off,1.0,1.0,0.0,0.0,bn,1.0,1.0,1.0,1.0,,,12.499880835851757,0.0012499880835851757,0.7133516275260235,0.0017522748043910159,94.14,94.98,66.88579681515694
184.0,0.25,risk,1.0,1.0,1.0,0.0,1.0,1.0,1.0,0.0,0.0,0.0,0.0,0.0,off,1.0,1.0,0.0,0.0,bn,1.0,1.0,1.0,1.0,,,12.032242314873518,0.0012032242314873518,0.9038978652414843,0.0013311506507053203,94.166,94.69,67.22628546133637
185.0,0.25,risk,1.0,1.0,1.0,0.0,1.0,1.0,1.0,0.0,0.0,0.0,0.0,0.0,off,1.0,1.0,0.0,0.0,bn,1.0,1.0,1.0,1.0,,,12.336462860308377,0.0012336462860308378,0.8081838446124423,0.0015264426457601641,94.324,94.6,66.8190025575459
186.0,0.25,risk,1.0,1.0,1.0,0.0,1.0,1.0,1.0,0.0,0.0,0.0,0.0,0.0,off,1.0,1.0,0.0,0.0,bn,1.0,1.0,1.0,1.0,,,11.84407595212512,0.001184407595212512,1.0125949962569398,0.0011696755362120867,94.316,94.84,66.39702185988426
187.0,0.25,risk,1.0,1.0,1.0,0.0,1.0,1.0,1.0,0.0,0.0,0.0,0.0,0.0,off,1.0,1.0,0.0,0.0,bn,1.0,1.0,1.0,1.0,,,11.911269750904138,0.0011911269750904138,0.5436251927853337,0.002191081264993481,94.26,94.76,66.09657859802246
188.0,0.25,risk,1.0,1.0,1.0,0.0,1.0,1.0,1.0,0.0,0.0,0.0,0.0,0.0,off,1.0,1.0,0.0,0.0,bn,1.0,1.0,1.0,1.0,,,11.461140554587875,0.0011461140554587875,0.8361545292180157,0.0013706964626869276,94.192,94.95,66.7360618673265
189.0,0.25,risk,1.0,1.0,1.0,0.0,1.0,1.0,1.0,0.0,0.0,0.0,0.0,0.0,off,1.0,1.0,0.0,0.0,bn,1.0,1.0,1.0,1.0,,,11.624415509630222,0.0011624415509630221,0.7723762734740067,0.0015050197564129893,94.318,94.89,65.2255880087614
190.0,0.25,risk,1.0,1.0,1.0,0.0,1.0,1.0,1.0,0.0,0.0,0.0,0.0,0.0,off,1.0,1.0,0.0,0.0,bn,1.0,1.0,1.0,1.0,,,12.266950048753914,0.0012266950048753914,0.881380257368961,0.0013917886118044458,94.444,94.7,64.15331676602364
191.0,0.25,risk,1.0,1.0,1.0,0.0,1.0,1.0,1.0,0.0,0.0,0.0,0.0,0.0,off,1.0,1.0,0.0,0.0,bn,1.0,1.0,1.0,1.0,,,12.063687222245,0.0012063687222245,0.9671213085449205,0.0012473809764770238,94.61,94.89,63.123503021895885
192.0,0.25,risk,1.0,1.0,1.0,0.0,1.0,1.0,1.0,0.0,0.0,0.0,0.0,0.0,off,1.0,1.0,0.0,0.0,bn,1.0,1.0,1.0,1.0,,,11.85947130850341,0.0011859471308503411,0.5478179078519939,0.002164856449290725,94.524,95.08,63.70971753075719
193.0,0.25,risk,1.0,1.0,1.0,0.0,1.0,1.0,1.0,0.0,0.0,0.0,0.0,0.0,off,1.0,1.0,0.0,0.0,bn,1.0,1.0,1.0,1.0,,,12.45043408646408,0.001245043408646408,1.035682534017216,0.0012021477313295234,94.472,94.7,63.86122873052955
194.0,0.25,risk,1.0,1.0,1.0,0.0,1.0,1.0,1.0,0.0,0.0,0.0,0.0,0.0,off,1.0,1.0,0.0,0.0,bn,1.0,1.0,1.0,1.0,,,11.60513118386494,0.001160513118386494,0.49018180617224905,0.0023675156926952355,94.408,94.83,63.69078813120723
195.0,0.25,risk,1.0,1.0,1.0,0.0,1.0,1.0,1.0,0.0,0.0,0.0,0.0,0.0,off,1.0,1.0,0.0,0.0,bn,1.0,1.0,1.0,1.0,,,12.69690154212229,0.0012696901542122291,0.924864792583557,0.0013728386726295657,94.342,94.89,65.03969857096672
196.0,0.25,risk,1.0,1.0,1.0,0.0,1.0,1.0,1.0,0.0,0.0,0.0,0.0,0.0,off,1.0,1.0,0.0,0.0,bn,1.0,1.0,1.0,1.0,,,12.199543800582678,0.001219954380058268,0.653793766417396,0.0018659620857862736,94.64,94.89,60.712753262370825
197.0,0.25,risk,1.0,1.0,1.0,0.0,1.0,1.0,1.0,0.0,0.0,0.0,0.0,0.0,off,1.0,1.0,0.0,0.0,bn,1.0,1.0,1.0,1.0,,,12.520562354169051,0.0012520562354169052,0.4739871988396993,0.002641540190287599,94.54,95.07,62.250551864504814
198.0,0.25,risk,1.0,1.0,1.0,0.0,1.0,1.0,1.0,0.0,0.0,0.0,0.0,0.0,off,1.0,1.0,0.0,0.0,bn,1.0,1.0,1.0,1.0,,,12.24088360592633,0.0012240883605926331,0.8774839577382675,0.0013949979937499318,94.594,95.18,61.659685753285885
199.0,0.25,risk,1.0,1.0,1.0,0.0,1.0,1.0,1.0,0.0,0.0,0.0,0.0,0.0,off,1.0,1.0,0.0,0.0,bn,1.0,1.0,1.0,1.0,,,12.243236583333058,0.0012243236583333059,0.49948178112513,0.002451187820255227,94.62,95.05,62.508194379508495
200.0,0.25,risk,1.0,1.0,1.0,0.0,1.0,1.0,1.0,0.0,0.0,0.0,0.0,0.0,off,1.0,1.0,0.0,0.0,bn,1.0,1.0,1.0,1.0,,,12.586031041113685,0.0012586031041113685,0.990731755130949,0.0012703772717419497,94.528,94.99,62.393444299697876
201.0,0.25,risk,1.0,1.0,1.0,0.0,1.0,1.0,1.0,0.0,0.0,0.0,0.0,0.0,off,1.0,1.0,0.0,0.0,bn,1.0,1.0,1.0,1.0,,,11.931418775815645,0.0011931418775815645,0.7033476677315769,0.001696375679227973,94.662,95.21,61.13269080966711
202.0,0.25,risk,1.0,1.0,1.0,0.0,1.0,1.0,1.0,0.0,0.0,0.0,0.0,0.0,off,1.0,1.0,0.0,0.0,bn,1.0,1.0,1.0,1.0,,,11.65905038804817,0.001165905038804817,0.7431805623392466,0.0015688045380721429,94.72,95.05,60.49485985562205
203.0,0.25,risk,1.0,1.0,1.0,0.0,1.0,1.0,1.0,0.0,0.0,0.0,0.0,0.0,off,1.0,1.0,0.0,0.0,bn,1.0,1.0,1.0,1.0,,,12.238203751426404,0.0012238203751426405,0.6326347567132694,0.0019344817244957592,94.628,95.09,61.19286083802581
204.0,0.25,risk,1.0,1.0,1.0,0.0,1.0,1.0,1.0,0.0,0.0,0.0,0.0,0.0,off,1.0,1.0,0.0,0.0,bn,1.0,1.0,1.0,1.0,,,11.978067861213779,0.0011978067861213779,0.8667390885643607,0.0013819692707125824,94.716,95.05,60.49408118054271
205.0,0.25,risk,1.0,1.0,1.0,0.0,1.0,1.0,1.0,0.0,0.0,0.0,0.0,0.0,off,1.0,1.0,0.0,0.0,bn,1.0,1.0,1.0,1.0,,,11.913738783382195,0.0011913738783382196,0.8315339806287363,0.001432742264408007,94.716,94.98,60.54223595932126
206.0,0.25,risk,1.0,1.0,1.0,0.0,1.0,1.0,1.0,0.0,0.0,0.0,0.0,0.0,off,1.0,1.0,0.0,0.0,bn,1.0,1.0,1.0,1.0,,,12.031478245655524,0.0012031478245655525,0.7835301045681979,0.0015355476676018787,94.972,95.14,59.10788521915674
207.0,0.25,risk,1.0,1.0,1.0,0.0,1.0,1.0,1.0,0.0,0.0,0.0,0.0,0.0,off,1.0,1.0,0.0,0.0,bn,1.0,1.0,1.0,1.0,,,12.188395531394708,0.0012188395531394708,0.8336088524791472,0.00146212405196352,94.938,94.91,58.92262340709567
208.0,0.25,risk,1.0,1.0,1.0,0.0,1.0,1.0,1.0,0.0,0.0,0.0,0.0,0.0,off,1.0,1.0,0.0,0.0,bn,1.0,1.0,1.0,1.0,,,12.397602915054174,0.0012397602915054174,1.0437770308459047,0.0011877635307807862,94.764,95.12,61.263150572776794
209.0,0.25,risk,1.0,1.0,1.0,0.0,1.0,1.0,1.0,0.0,0.0,0.0,0.0,0.0,off,1.0,1.0,0.0,0.0,bn,1.0,1.0,1.0,1.0,,,11.866450636892015,0.0011866450636892015,0.5559418628166395,0.002134476899575703,94.732,95.23,60.888193521648645
210.0,0.25,risk,1.0,1.0,1.0,0.0,1.0,1.0,1.0,0.0,0.0,0.0,0.0,0.0,off,1.0,1.0,0.0,0.0,bn,1.0,1.0,1.0,1.0,,,11.586405803224801,0.0011586405803224802,0.6266369394933247,0.0018489822531996183,94.778,95.11,59.280194602906704
211.0,0.25,risk,1.0,1.0,1.0,0.0,1.0,1.0,1.0,0.0,0.0,0.0,0.0,0.0,off,1.0,1.0,0.0,0.0,bn,1.0,1.0,1.0,1.0,,,12.158976660369165,0.0012158976660369164,1.0197268517284095,0.0011923758445470008,95.094,95.1,57.285705141723156
212.0,0.25,risk,1.0,1.0,1.0,0.0,1.0,1.0,1.0,0.0,0.0,0.0,0.0,0.0,off,1.0,1.0,0.0,0.0,bn,1.0,1.0,1.0,1.0,,,11.88308548114106,0.001188308548114106,0.8562102521036771,0.0013878700298139105,94.92,95.26,58.258820451796055
213.0,0.25,risk,1.0,1.0,1.0,0.0,1.0,1.0,1.0,0.0,0.0,0.0,0.0,0.0,off,1.0,1.0,0.0,0.0,bn,1.0,1.0,1.0,1.0,,,11.943220189009496,0.0011943220189009496,0.8699244648488748,0.0013729031279841406,94.888,95.2,59.444086730480194
214.0,0.25,risk,1.0,1.0,1.0,0.0,1.0,1.0,1.0,0.0,0.0,0.0,0.0,0.0,off,1.0,1.0,0.0,0.0,bn,1.0,1.0,1.0,1.0,,,11.944767478248602,0.0011944767478248603,0.49775423990544165,0.00239973194010718,94.97,95.09,57.94971104338765
215.0,0.25,risk,1.0,1.0,1.0,0.0,1.0,1.0,1.0,0.0,0.0,0.0,0.0,0.0,off,1.0,1.0,0.0,0.0,bn,1.0,1.0,1.0,1.0,,,11.750159489275745,0.0011750159489275745,0.677871303696288,0.0017333908996006505,94.914,95.04,58.702189061790705
216.0,0.25,risk,1.0,1.0,1.0,0.0,1.0,1.0,1.0,0.0,0.0,0.0,0.0,0.0,off,1.0,1.0,0.0,0.0,bn,1.0,1.0,1.0,1.0,,,12.130480628430213,0.0012130480628430214,0.9483850889952011,0.001279066991793625,94.796,95.03,59.75239481031895
217.0,0.25,risk,1.0,1.0,1.0,0.0,1.0,1.0,1.0,0.0,0.0,0.0,0.0,0.0,off,1.0,1.0,0.0,0.0,bn,1.0,1.0,1.0,1.0,,,12.233434429802442,0.0012233434429802443,0.6847667410494009,0.0017865111864304008,95.028,95.04,57.33336487039924
218.0,0.25,risk,1.0,1.0,1.0,0.0,1.0,1.0,1.0,0.0,0.0,0.0,0.0,0.0,off,1.0,1.0,0.0,0.0,bn,1.0,1.0,1.0,1.0,,,12.241026309248788,0.0012241026309248789,0.6489475167992159,0.0018862891054156168,94.97,95.14,58.79853591695428
219.0,0.25,risk,1.0,1.0,1.0,0.0,1.0,1.0,1.0,0.0,0.0,0.0,0.0,0.0,off,1.0,1.0,0.0,0.0,bn,1.0,1.0,1.0,1.0,,,11.857654185278307,0.0011857654185278307,0.637930674198881,0.001858768462602814,95.09,95.22,57.12393547222018
220.0,0.25,risk,1.0,1.0,1.0,0.0,1.0,1.0,1.0,0.0,0.0,0.0,0.0,0.0,off,1.0,1.0,0.0,0.0,bn,1.0,1.0,1.0,1.0,,,11.817798729751317,0.0011817798729751318,0.8258247092197628,0.0014310299265466089,95.052,95.05,57.248841527849436
221.0,0.25,risk,1.0,1.0,1.0,0.0,1.0,1.0,1.0,0.0,0.0,0.0,0.0,0.0,off,1.0,1.0,0.0,0.0,bn,1.0,1.0,1.0,1.0,,,11.596680869975783,0.0011596680869975784,0.9621387765619991,0.0012053023069514034,95.18,95.32,55.08268363028765
222.0,0.25,risk,1.0,1.0,1.0,0.0,1.0,1.0,1.0,0.0,0.0,0.0,0.0,0.0,off,1.0,1.0,0.0,0.0,bn,1.0,1.0,1.0,1.0,,,12.027641635032511,0.0012027641635032511,1.0793431018996225,0.0011143483118448714,95.118,95.12,56.226704601198435
223.0,0.25,risk,1.0,1.0,1.0,0.0,1.0,1.0,1.0,0.0,0.0,0.0,0.0,0.0,off,1.0,1.0,0.0,0.0,bn,1.0,1.0,1.0,1.0,,,11.877828728024804,0.0011877828728024805,0.8070832892272474,0.0014716980126546035,95.144,95.09,56.856750663369894
224.0,0.25,risk,1.0,1.0,1.0,0.0,1.0,1.0,1.0,0.0,0.0,0.0,0.0,0.0,off,1.0,1.0,0.0,0.0,bn,1.0,1.0,1.0,1.0,,,11.856912338179031,0.0011856912338179032,0.3810586526447265,0.003111571474859966,95.262,95.22,54.75402129814029
225.0,0.25,risk,1.0,1.0,1.0,0.0,1.0,1.0,1.0,0.0,0.0,0.0,0.0,0.0,off,1.0,1.0,0.0,0.0,bn,1.0,1.0,1.0,1.0,,,11.53717073549276,0.0011537170735492761,0.8614582723845567,0.0013392605428882043,95.24,95.05,56.20373771712184
226.0,0.25,risk,1.0,1.0,1.0,0.0,1.0,1.0,1.0,0.0,0.0,0.0,0.0,0.0,off,1.0,1.0,0.0,0.0,bn,1.0,1.0,1.0,1.0,,,11.7605840710682,0.00117605840710682,0.5669162519836776,0.002074483493799505,95.25,95.11,55.45482660830021
227.0,0.25,risk,1.0,1.0,1.0,0.0,1.0,1.0,1.0,0.0,0.0,0.0,0.0,0.0,off,1.0,1.0,0.0,0.0,bn,1.0,1.0,1.0,1.0,,,11.901198456260595,0.0011901198456260595,1.0327797165242658,0.0011523462618256183,95.104,95.24,55.76283771172166
228.0,0.25,risk,1.0,1.0,1.0,0.0,1.0,1.0,1.0,0.0,0.0,0.0,0.0,0.0,off,1.0,1.0,0.0,0.0,bn,1.0,1.0,1.0,1.0,,,11.938268225047526,0.0011938268225047527,0.7072673877352407,0.0016879426977787519,95.12,94.99,56.655226573348045
229.0,0.25,risk,1.0,1.0,1.0,0.0,1.0,1.0,1.0,0.0,0.0,0.0,0.0,0.0,off,1.0,1.0,0.0,0.0,bn,1.0,1.0,1.0,1.0,,,11.770702702260186,0.0011770702702260188,0.7851305357503965,0.0014992032746516755,95.134,95.12,55.47234133630991
230.0,0.25,risk,1.0,1.0,1.0,0.0,1.0,1.0,1.0,0.0,0.0,0.0,0.0,0.0,off,1.0,1.0,0.0,0.0,bn,1.0,1.0,1.0,1.0,,,11.71490120742492,0.001171490120742492,0.3581907615843852,0.00327057603484981,95.386,95.15,55.04478036239743
231.0,0.25,risk,1.0,1.0,1.0,0.0,1.0,1.0,1.0,0.0,0.0,0.0,0.0,0.0,off,1.0,1.0,0.0,0.0,bn,1.0,1.0,1.0,1.0,,,12.23898459990713,0.001223898459990713,0.6337755674272386,0.001931122818380379,95.202,95.11,55.11734388023615
232.0,0.25,risk,1.0,1.0,1.0,0.0,1.0,1.0,1.0,0.0,0.0,0.0,0.0,0.0,off,1.0,1.0,0.0,0.0,bn,1.0,1.0,1.0,1.0,,,12.14929544702019,0.0012149295447020192,0.7186398002617097,0.0016905959623438249,95.18,95.16,55.24275239184499
233.0,0.25,risk,1.0,1.0,1.0,0.0,1.0,1.0,1.0,0.0,0.0,0.0,0.0,0.0,off,1.0,1.0,0.0,0.0,bn,1.0,1.0,1.0,1.0,,,11.829783900651572,0.0011829783900651572,0.8593051874393126,0.0013766685077165365,95.188,95.51,54.97054260224104
234.0,0.25,risk,1.0,1.0,1.0,0.0,1.0,1.0,1.0,0.0,0.0,0.0,0.0,0.0,off,1.0,1.0,0.0,0.0,bn,1.0,1.0,1.0,1.0,,,11.791191658466097,0.0011791191658466098,0.782605562688735,0.0015066582989719686,95.328,95.33,53.988548662513494
235.0,0.25,risk,1.0,1.0,1.0,0.0,1.0,1.0,1.0,0.0,0.0,0.0,0.0,0.0,off,1.0,1.0,0.0,0.0,bn,1.0,1.0,1.0,1.0,,,11.911099370987822,0.0011911099370987823,0.945079912484289,0.0012603272182219653,95.304,95.51,54.36435742676258
236.0,0.25,risk,1.0,1.0,1.0,0.0,1.0,1.0,1.0,0.0,0.0,0.0,0.0,0.0,off,1.0,1.0,0.0,0.0,bn,1.0,1.0,1.0,1.0,,,11.528916879524822,0.0011528916879524822,1.10107870445534,0.0010470565666990826,95.384,95.32,53.591124702245
237.0,0.25,risk,1.0,1.0,1.0,0.0,1.0,1.0,1.0,0.0,0.0,0.0,0.0,0.0,off,1.0,1.0,0.0,0.0,bn,1.0,1.0,1.0,1.0,,,11.488114251366317,0.0011488114251366319,0.7299440229928964,0.001573834963983001,95.4,95.24,53.25064633786678
238.0,0.25,risk,1.0,1.0,1.0,0.0,1.0,1.0,1.0,0.0,0.0,0.0,0.0,0.0,off,1.0,1.0,0.0,0.0,bn,1.0,1.0,1.0,1.0,,,11.847315648206408,0.0011847315648206408,0.8166190596420653,0.0014507762840361871,95.286,95.32,53.65729473903775
239.0,0.25,risk,1.0,1.0,1.0,0.0,1.0,1.0,1.0,0.0,0.0,0.0,0.0,0.0,off,1.0,1.0,0.0,0.0,bn,1.0,1.0,1.0,1.0,,,11.492783558016788,0.0011492783558016788,0.9701134024080281,0.0011846845461045328,95.408,95.33,52.859260361641645
240.0,0.25,risk,1.0,1.0,1.0,0.0,1.0,1.0,1.0,0.0,0.0,0.0,0.0,0.0,off,1.0,1.0,0.0,0.0,bn,1.0,1.0,1.0,1.0,,,11.502341155400574,0.0011502341155400573,0.7218886958630768,0.0015933676786070998,95.394,95.41,52.36727364733815
241.0,0.25,risk,1.0,1.0,1.0,0.0,1.0,1.0,1.0,0.0,0.0,0.0,0.0,0.0,off,1.0,1.0,0.0,0.0,bn,1.0,1.0,1.0,1.0,,,11.53092849634257,0.0011530928496342571,0.530415660945894,0.002173941937494716,95.264,95.26,54.23687196150422
242.0,0.25,risk,1.0,1.0,1.0,0.0,1.0,1.0,1.0,0.0,0.0,0.0,0.0,0.0,off,1.0,1.0,0.0,0.0,bn,1.0,1.0,1.0,1.0,,,11.371591765161131,0.0011371591765161131,0.6451424801919747,0.0017626481148439166,95.428,95.36,52.88023008219898
243.0,0.25,risk,1.0,1.0,1.0,0.0,1.0,1.0,1.0,0.0,0.0,0.0,0.0,0.0,off,1.0,1.0,0.0,0.0,bn,1.0,1.0,1.0,1.0,,,11.614631413075514,0.0011614631413075515,0.6979335689063417,0.0016641456910111922,95.58,95.39,51.07419849559665
244.0,0.25,risk,1.0,1.0,1.0,0.0,1.0,1.0,1.0,0.0,0.0,0.0,0.0,0.0,off,1.0,1.0,0.0,0.0,bn,1.0,1.0,1.0,1.0,,,11.310933770355865,0.0011310933770355865,0.6452887959919903,0.0017528483123541265,95.404,95.4,52.45019631832838
245.0,0.25,risk,1.0,1.0,1.0,0.0,1.0,1.0,1.0,0.0,0.0,0.0,0.0,0.0,off,1.0,1.0,0.0,0.0,bn,1.0,1.0,1.0,1.0,,,11.695887103009246,0.0011695887103009247,1.0029634064842616,0.0011661329842538753,95.486,95.27,51.15382905676961
246.0,0.25,risk,1.0,1.0,1.0,0.0,1.0,1.0,1.0,0.0,0.0,0.0,0.0,0.0,off,1.0,1.0,0.0,0.0,bn,1.0,1.0,1.0,1.0,,,11.720454025037068,0.0011720454025037068,0.9065902914921768,0.0012928060376364847,95.45,95.45,53.67409975454211
247.0,0.25,risk,1.0,1.0,1.0,0.0,1.0,1.0,1.0,0.0,0.0,0.0,0.0,0.0,off,1.0,1.0,0.0,0.0,bn,1.0,1.0,1.0,1.0,,,11.34826242412662,0.001134826242412662,0.704532762209609,0.001610750135811334,95.418,95.25,52.25661860778928
248.0,0.25,risk,1.0,1.0,1.0,0.0,1.0,1.0,1.0,0.0,0.0,0.0,0.0,0.0,off,1.0,1.0,0.0,0.0,bn,1.0,1.0,1.0,1.0,,,11.537309434747085,0.0011537309434747085,0.5979300011288456,0.0019295418214449076,95.652,95.38,50.105333901941776
249.0,0.25,risk,1.0,1.0,1.0,0.0,1.0,1.0,1.0,0.0,0.0,0.0,0.0,0.0,off,1.0,1.0,0.0,0.0,bn,1.0,1.0,1.0,1.0,,,11.541389356069635,0.0011541389356069635,0.781238137504656,0.0014773202691990765,95.422,95.42,52.690264182165265
250.0,0.25,risk,1.0,1.0,1.0,0.0,1.0,1.0,1.0,0.0,0.0,0.0,0.0,0.0,off,1.0,1.0,0.0,0.0,bn,1.0,1.0,1.0,1.0,,,11.508594968637555,0.0011508594968637556,1.2478989586968479,0.0009222377251324672,95.574,95.31,51.35761412605643
251.0,0.25,risk,1.0,1.0,1.0,0.0,1.0,1.0,1.0,0.0,0.0,0.0,0.0,0.0,off,1.0,1.0,0.0,0.0,bn,1.0,1.0,1.0,1.0,,,11.580149683527761,0.0011580149683527762,0.8195887384968196,0.0014129220107107045,95.258,95.24,53.594867162406445
252.0,0.25,risk,1.0,1.0,1.0,0.0,1.0,1.0,1.0,0.0,0.0,0.0,0.0,0.0,off,1.0,1.0,0.0,0.0,bn,1.0,1.0,1.0,1.0,,,11.50778069899646,0.001150778069899646,0.5723769572254209,0.002010524804279344,95.592,95.32,51.751385401934385
253.0,0.25,risk,1.0,1.0,1.0,0.0,1.0,1.0,1.0,0.0,0.0,0.0,0.0,0.0,off,1.0,1.0,0.0,0.0,bn,1.0,1.0,1.0,1.0,,,11.428706997511595,0.0011428706997511596,0.8735858723626905,0.0013082522690759232,95.56,95.36,50.835170958191156
254.0,0.25,risk,1.0,1.0,1.0,0.0,1.0,1.0,1.0,0.0,0.0,0.0,0.0,0.0,off,1.0,1.0,0.0,0.0,bn,1.0,1.0,1.0,1.0,,,11.529248550243647,0.0011529248550243647,0.7664549565126689,0.0015042304120128783,95.604,95.36,50.829200483858585
255.0,0.25,risk,1.0,1.0,1.0,0.0,1.0,1.0,1.0,0.0,0.0,0.0,0.0,0.0,off,1.0,1.0,0.0,0.0,bn,1.0,1.0,1.0,1.0,,,11.622954876955017,0.0011622954876955019,0.8356223209520419,0.001390933988421078,95.576,95.31,51.022757433354855
256.0,0.25,risk,1.0,1.0,1.0,0.0,1.0,1.0,1.0,0.0,0.0,0.0,0.0,0.0,off,1.0,1.0,0.0,0.0,bn,1.0,1.0,1.0,1.0,,,11.582878727165877,0.0011582878727165878,0.5759008724337205,0.0020112625768767063,95.71,95.29,50.26140598580241
257.0,0.25,risk,1.0,1.0,1.0,0.0,1.0,1.0,1.0,0.0,0.0,0.0,0.0,0.0,off,1.0,1.0,0.0,0.0,bn,1.0,1.0,1.0,1.0,,,11.4935515403095,0.00114935515403095,0.5148802329477323,0.0022322767130732437,95.582,95.21,50.86394524760544
258.0,0.25,risk,1.0,1.0,1.0,0.0,1.0,1.0,1.0,0.0,0.0,0.0,0.0,0.0,off,1.0,1.0,0.0,0.0,bn,1.0,1.0,1.0,1.0,,,11.464460913799023,0.0011464460913799023,1.3142976208519261,0.000872288036736137,95.764,95.39,49.42439432069659
259.0,0.25,risk,1.0,1.0,1.0,0.0,1.0,1.0,1.0,0.0,0.0,0.0,0.0,0.0,off,1.0,1.0,0.0,0.0,bn,1.0,1.0,1.0,1.0,,,11.671750314595833,0.0011671750314595833,0.8203848590101795,0.0014227164466050935,95.534,95.39,51.69417527318001
260.0,0.25,risk,1.0,1.0,1.0,0.0,1.0,1.0,1.0,0.0,0.0,0.0,0.0,0.0,off,1.0,1.0,0.0,0.0,bn,1.0,1.0,1.0,1.0,,,11.789265607535613,0.0011789265607535615,0.8487034177787703,0.0013890913316209476,95.634,95.26,50.77704283222556
261.0,0.25,risk,1.0,1.0,1.0,0.0,1.0,1.0,1.0,0.0,0.0,0.0,0.0,0.0,off,1.0,1.0,0.0,0.0,bn,1.0,1.0,1.0,1.0,,,11.748848901636052,0.0011748848901636053,0.6051816184692039,0.0019413757032731027,95.688,95.23,50.914524123072624
262.0,0.25,risk,1.0,1.0,1.0,0.0,1.0,1.0,1.0,0.0,0.0,0.0,0.0,0.0,off,1.0,1.0,0.0,0.0,bn,1.0,1.0,1.0,1.0,,,11.3864491500722,0.00113864491500722,0.6453780206617181,0.0017643069310599485,95.632,95.32,50.85180242732167
263.0,0.25,risk,1.0,1.0,1.0,0.0,1.0,1.0,1.0,0.0,0.0,0.0,0.0,0.0,off,1.0,1.0,0.0,0.0,bn,1.0,1.0,1.0,1.0,,,11.45050786667464,0.001145050786667464,0.9412028559125191,0.001216582354669238,95.568,95.31,51.75272344611585
264.0,0.25,risk,1.0,1.0,1.0,0.0,1.0,1.0,1.0,0.0,0.0,0.0,0.0,0.0,off,1.0,1.0,0.0,0.0,bn,1.0,1.0,1.0,1.0,,,11.620683381384332,0.0011620683381384333,0.8193867215703593,0.0014182171953083676,95.764,95.39,49.69669222086668
265.0,0.25,risk,1.0,1.0,1.0,0.0,1.0,1.0,1.0,0.0,0.0,0.0,0.0,0.0,off,1.0,1.0,0.0,0.0,bn,1.0,1.0,1.0,1.0,,,11.610829902897176,0.0011610829902897178,0.9581926490412608,0.0012117427444798946,95.73,95.25,49.50951720401645
266.0,0.25,risk,1.0,1.0,1.0,0.0,1.0,1.0,1.0,0.0,0.0,0.0,0.0,0.0,off,1.0,1.0,0.0,0.0,bn,1.0,1.0,1.0,1.0,,,11.697790863031914,0.0011697790863031915,0.8482231462619755,0.001379093569255068,95.502,95.44,51.43259456008673
267.0,0.25,risk,1.0,1.0,1.0,0.0,1.0,1.0,1.0,0.0,0.0,0.0,0.0,0.0,off,1.0,1.0,0.0,0.0,bn,1.0,1.0,1.0,1.0,,,11.513876836107508,0.001151387683610751,1.1787262522005124,0.0009768066855737503,95.752,95.34,49.89630130678415
268.0,0.25,risk,1.0,1.0,1.0,0.0,1.0,1.0,1.0,0.0,0.0,0.0,0.0,0.0,off,1.0,1.0,0.0,0.0,bn,1.0,1.0,1.0,1.0,,,11.360349793041731,0.001136034979304173,0.963819854779566,0.0011786797850973864,95.764,95.35,48.37088245525956
269.0,0.25,risk,1.0,1.0,1.0,0.0,1.0,1.0,1.0,0.0,0.0,0.0,0.0,0.0,off,1.0,1.0,0.0,0.0,bn,1.0,1.0,1.0,1.0,,,11.565710968237527,0.0011565710968237527,0.5633490603926518,0.0020530274711341983,95.59,95.3,51.28375915810466
270.0,0.25,risk,1.0,1.0,1.0,0.0,1.0,1.0,1.0,0.0,0.0,0.0,0.0,0.0,off,1.0,1.0,0.0,0.0,bn,1.0,1.0,1.0,1.0,,,11.400374991437419,0.001140037499143742,0.8932212428673854,0.0012763215253188966,95.654,95.35,49.52002762630582
271.0,0.25,risk,1.0,1.0,1.0,0.0,1.0,1.0,1.0,0.0,0.0,0.0,0.0,0.0,off,1.0,1.0,0.0,0.0,bn,1.0,1.0,1.0,1.0,,,11.429431035366093,0.0011429431035366094,0.6839297464034753,0.0016711410924103091,95.65,95.39,50.146861769258976
272.0,0.25,risk,1.0,1.0,1.0,0.0,1.0,1.0,1.0,0.0,0.0,0.0,0.0,0.0,off,1.0,1.0,0.0,0.0,bn,1.0,1.0,1.0,1.0,,,11.585292809358616,0.0011585292809358618,0.9337146575912123,0.0012407744395109143,95.744,95.35,50.01011426374316
273.0,0.25,risk,1.0,1.0,1.0,0.0,1.0,1.0,1.0,0.0,0.0,0.0,0.0,0.0,off,1.0,1.0,0.0,0.0,bn,1.0,1.0,1.0,1.0,,,11.31089605793025,0.0011310896057930252,0.687437539555276,0.0016453707292807447,95.614,95.32,49.47319544479251
274.0,0.25,risk,1.0,1.0,1.0,0.0,1.0,1.0,1.0,0.0,0.0,0.0,0.0,0.0,off,1.0,1.0,0.0,0.0,bn,1.0,1.0,1.0,1.0,,,11.466892448817097,0.0011466892448817097,0.7308011908250731,0.0015690850798793852,95.764,95.4,48.60417896695435
275.0,0.25,risk,1.0,1.0,1.0,0.0,1.0,1.0,1.0,0.0,0.0,0.0,0.0,0.0,off,1.0,1.0,0.0,0.0,bn,1.0,1.0,1.0,1.0,,,11.645211508998031,0.0011645211508998032,1.015502356667129,0.0011467439176820354,95.644,95.45,50.09270311333239
276.0,0.25,risk,1.0,1.0,1.0,0.0,1.0,1.0,1.0,0.0,0.0,0.0,0.0,0.0,off,1.0,1.0,0.0,0.0,bn,1.0,1.0,1.0,1.0,,,11.490560110708817,0.0011490560110708817,0.885448549394093,0.0012977106483004278,95.654,95.38,49.56110218539834
277.0,0.25,risk,1.0,1.0,1.0,0.0,1.0,1.0,1.0,0.0,0.0,0.0,0.0,0.0,off,1.0,1.0,0.0,0.0,bn,1.0,1.0,1.0,1.0,,,11.603622905320028,0.0011603622905320028,0.6707823632637238,0.0017298640424685654,95.822,95.36,49.3501867800951
278.0,0.25,risk,1.0,1.0,1.0,0.0,1.0,1.0,1.0,0.0,0.0,0.0,0.0,0.0,off,1.0,1.0,0.0,0.0,bn,1.0,1.0,1.0,1.0,,,11.52608748382391,0.001152608748382391,0.9384766135647598,0.0012281699210428486,95.734,95.31,49.54943947866559
279.0,0.25,risk,1.0,1.0,1.0,0.0,1.0,1.0,1.0,0.0,0.0,0.0,0.0,0.0,off,1.0,1.0,0.0,0.0,bn,1.0,1.0,1.0,1.0,,,11.59502836159306,0.001159502836159306,0.6526116089527016,0.0017767119374723559,95.626,95.32,50.56627435237169
280.0,0.25,risk,1.0,1.0,1.0,0.0,1.0,1.0,1.0,0.0,0.0,0.0,0.0,0.0,off,1.0,1.0,0.0,0.0,bn,1.0,1.0,1.0,1.0,,,11.336902378155775,0.0011336902378155777,0.70273863757766,0.0016132459170359664,95.594,95.31,50.7576649338007
281.0,0.25,risk,1.0,1.0,1.0,0.0,1.0,1.0,1.0,0.0,0.0,0.0,0.0,0.0,off,1.0,1.0,0.0,0.0,bn,1.0,1.0,1.0,1.0,,,11.56235039914658,0.001156235039914658,0.5787195060301058,0.0019979195929409523,95.622,95.38,50.9973061978817
282.0,0.25,risk,1.0,1.0,1.0,0.0,1.0,1.0,1.0,0.0,0.0,0.0,0.0,0.0,off,1.0,1.0,0.0,0.0,bn,1.0,1.0,1.0,1.0,,,11.738960080424809,0.001173896008042481,0.7886234580540663,0.001488538029212417,95.624,95.3,50.05024762824178
283.0,0.25,risk,1.0,1.0,1.0,0.0,1.0,1.0,1.0,0.0,0.0,0.0,0.0,0.0,off,1.0,1.0,0.0,0.0,bn,1.0,1.0,1.0,1.0,,,11.362260589915671,0.0011362260589915672,0.6487608128108041,0.0017513789929277386,95.768,95.46,49.609448097646236
284.0,0.25,risk,1.0,1.0,1.0,0.0,1.0,1.0,1.0,0.0,0.0,0.0,0.0,0.0,off,1.0,1.0,0.0,0.0,bn,1.0,1.0,1.0,1.0,,,11.490005277912335,0.0011490005277912335,1.0769115028051375,0.0010669405283519756,95.834,95.35,49.577838810160756
285.0,0.25,risk,1.0,1.0,1.0,0.0,1.0,1.0,1.0,0.0,0.0,0.0,0.0,0.0,off,1.0,1.0,0.0,0.0,bn,1.0,1.0,1.0,1.0,,,11.56169352948843,0.001156169352948843,0.6728692803961039,0.0017182674059190671,95.74,95.39,49.72482601180673
286.0,0.25,risk,1.0,1.0,1.0,0.0,1.0,1.0,1.0,0.0,0.0,0.0,0.0,0.0,off,1.0,1.0,0.0,0.0,bn,1.0,1.0,1.0,1.0,,,11.561666296047237,0.0011561666296047237,0.9083072796391595,0.001272880505883461,95.766,95.39,47.89256539195776
287.0,0.25,risk,1.0,1.0,1.0,0.0,1.0,1.0,1.0,0.0,0.0,0.0,0.0,0.0,off,1.0,1.0,0.0,0.0,bn,1.0,1.0,1.0,1.0,,,11.61753911354158,0.0011617539113541581,1.0714123948967489,0.0010843200217653963,95.682,95.39,49.548098012804985
288.0,0.25,risk,1.0,1.0,1.0,0.0,1.0,1.0,1.0,0.0,0.0,0.0,0.0,0.0,off,1.0,1.0,0.0,0.0,bn,1.0,1.0,1.0,1.0,,,11.472975055330753,0.0011472975055330753,1.078252636468052,0.001064034036857251,95.942,95.43,47.68362860940397
289.0,0.25,risk,1.0,1.0,1.0,0.0,1.0,1.0,1.0,0.0,0.0,0.0,0.0,0.0,off,1.0,1.0,0.0,0.0,bn,1.0,1.0,1.0,1.0,,,11.314198278268089,0.0011314198278268089,0.8730666603218702,0.0012959145953525388,95.486,95.41,51.06029270589352
290.0,0.25,risk,1.0,1.0,1.0,0.0,1.0,1.0,1.0,0.0,0.0,0.0,0.0,0.0,off,1.0,1.0,0.0,0.0,bn,1.0,1.0,1.0,1.0,,,11.552111463489034,0.0011552111463489034,0.6983951590549584,0.001654093862723921,95.718,95.29,50.31756380200386
291.0,0.25,risk,1.0,1.0,1.0,0.0,1.0,1.0,1.0,0.0,0.0,0.0,0.0,0.0,off,1.0,1.0,0.0,0.0,bn,1.0,1.0,1.0,1.0,,,11.5565014268368,0.00115565014268368,0.6046317183876123,0.0019113290082853798,95.896,95.24,48.52334917336702
292.0,0.25,risk,1.0,1.0,1.0,0.0,1.0,1.0,1.0,0.0,0.0,0.0,0.0,0.0,off,1.0,1.0,0.0,0.0,bn,1.0,1.0,1.0,1.0,,,11.297124121172716,0.0011297124121172717,0.7759931493390602,0.001455827816366016,95.772,95.46,50.007699236273766
293.0,0.25,risk,1.0,1.0,1.0,0.0,1.0,1.0,1.0,0.0,0.0,0.0,0.0,0.0,off,1.0,1.0,0.0,0.0,bn,1.0,1.0,1.0,1.0,,,11.556798943159972,0.0011556798943159973,1.065840687807376,0.0010842895261330627,95.846,95.48,48.91681416332722
294.0,0.25,risk,1.0,1.0,1.0,0.0,1.0,1.0,1.0,0.0,0.0,0.0,0.0,0.0,off,1.0,1.0,0.0,0.0,bn,1.0,1.0,1.0,1.0,,,11.320561877986194,0.0011320561877986193,0.9788626972413119,0.0011565015103640645,95.63,95.48,49.983182311058044
295.0,0.25,risk,1.0,1.0,1.0,0.0,1.0,1.0,1.0,0.0,0.0,0.0,0.0,0.0,off,1.0,1.0,0.0,0.0,bn,1.0,1.0,1.0,1.0,,,11.453734681594813,0.0011453734681594813,0.3923154476095671,0.0029195217143204583,95.762,95.39,48.92605587467551
296.0,0.25,risk,1.0,1.0,1.0,0.0,1.0,1.0,1.0,0.0,0.0,0.0,0.0,0.0,off,1.0,1.0,0.0,0.0,bn,1.0,1.0,1.0,1.0,,,11.378931847639132,0.0011378931847639132,0.6236763701507129,0.0018244930210983281,95.808,95.39,49.43092052266002
297.0,0.25,risk,1.0,1.0,1.0,0.0,1.0,1.0,1.0,0.0,0.0,0.0,0.0,0.0,off,1.0,1.0,0.0,0.0,bn,1.0,1.0,1.0,1.0,,,11.45204474403921,0.001145204474403921,0.7948495878532118,0.0014407813653108553,95.786,95.37,49.61492305248976
298.0,0.25,risk,1.0,1.0,1.0,0.0,1.0,1.0,1.0,0.0,0.0,0.0,0.0,0.0,off,1.0,1.0,0.0,0.0,bn,1.0,1.0,1.0,1.0,,,11.594268197546972,0.0011594268197546974,0.830667779005648,0.0013957768063937556,95.834,95.39,48.64814820326865
299.0,0.25,risk,1.0,1.0,1.0,0.0,1.0,1.0,1.0,0.0,0.0,0.0,0.0,0.0,off,1.0,1.0,0.0,0.0,bn,1.0,1.0,1.0,1.0,,,11.505992565790923,0.0011505992565790924,0.7603616327682798,0.001513226347823546,95.71,95.3,49.598714761435986
