dataset,arch,variant,variant_label,regularizer,reg_coeff,hinge_tau,weight_decay,seed,L,train_T,test_T,if_mode,spike_schedule,noise_position,noise_type,sigma,acc,checkpoint,matrix_csv
cifar10,vgg16,weight_decay_weights_only,weight_decay_conv_linear_only,weight_decay_weights_only,none,none,0.0005,42,16,0,16,rate_uniform,normal,post_input_if,gaussian,0,91.170000,/scratch/gs14/sl9144/snn_ckpts/cifar10-checkpoints/vgg16_L[16]_mneablate_cifar10_weight_decay_weights_only_rcnone_seed42_L16_trainT0.pth,/home/595/sl9144/codes/snn_simulation/important_results/cifar10_bn_gamma_beta_l2_scope_sigma0_5_seed42/cifar10/mneablate_cifar10_weight_decay_weights_only_rcnone_seed42_L16_trainT0/noise_sweep_matrix_cifar10_vgg16_T16_mode_rate_uniform_schedule_normal_seed_42.csv
cifar10,vgg16,weight_decay_weights_only,weight_decay_conv_linear_only,weight_decay_weights_only,none,none,0.0005,42,16,0,16,rate_uniform,normal,post_input_if,gaussian,0.25,91.190000,/scratch/gs14/sl9144/snn_ckpts/cifar10-checkpoints/vgg16_L[16]_mneablate_cifar10_weight_decay_weights_only_rcnone_seed42_L16_trainT0.pth,/home/595/sl9144/codes/snn_simulation/important_results/cifar10_bn_gamma_beta_l2_scope_sigma0_5_seed42/cifar10/mneablate_cifar10_weight_decay_weights_only_rcnone_seed42_L16_trainT0/noise_sweep_matrix_cifar10_vgg16_T16_mode_rate_uniform_schedule_normal_seed_42.csv
cifar10,vgg16,weight_decay_weights_only,weight_decay_conv_linear_only,weight_decay_weights_only,none,none,0.0005,42,16,0,16,rate_uniform,normal,post_input_if,gaussian,0.5,91.110000,/scratch/gs14/sl9144/snn_ckpts/cifar10-checkpoints/vgg16_L[16]_mneablate_cifar10_weight_decay_weights_only_rcnone_seed42_L16_trainT0.pth,/home/595/sl9144/codes/snn_simulation/important_results/cifar10_bn_gamma_beta_l2_scope_sigma0_5_seed42/cifar10/mneablate_cifar10_weight_decay_weights_only_rcnone_seed42_L16_trainT0/noise_sweep_matrix_cifar10_vgg16_T16_mode_rate_uniform_schedule_normal_seed_42.csv
cifar10,vgg16,weight_decay_weights_only,weight_decay_conv_linear_only,weight_decay_weights_only,none,none,0.0005,42,16,0,16,rate_uniform,normal,post_input_if,gaussian,0.75,91.090000,/scratch/gs14/sl9144/snn_ckpts/cifar10-checkpoints/vgg16_L[16]_mneablate_cifar10_weight_decay_weights_only_rcnone_seed42_L16_trainT0.pth,/home/595/sl9144/codes/snn_simulation/important_results/cifar10_bn_gamma_beta_l2_scope_sigma0_5_seed42/cifar10/mneablate_cifar10_weight_decay_weights_only_rcnone_seed42_L16_trainT0/noise_sweep_matrix_cifar10_vgg16_T16_mode_rate_uniform_schedule_normal_seed_42.csv
cifar10,vgg16,weight_decay_weights_only,weight_decay_conv_linear_only,weight_decay_weights_only,none,none,0.0005,42,16,0,16,rate_uniform,normal,post_input_if,gaussian,1,90.800000,/scratch/gs14/sl9144/snn_ckpts/cifar10-checkpoints/vgg16_L[16]_mneablate_cifar10_weight_decay_weights_only_rcnone_seed42_L16_trainT0.pth,/home/595/sl9144/codes/snn_simulation/important_results/cifar10_bn_gamma_beta_l2_scope_sigma0_5_seed42/cifar10/mneablate_cifar10_weight_decay_weights_only_rcnone_seed42_L16_trainT0/noise_sweep_matrix_cifar10_vgg16_T16_mode_rate_uniform_schedule_normal_seed_42.csv
cifar10,vgg16,weight_decay_weights_only,weight_decay_conv_linear_only,weight_decay_weights_only,none,none,0.0005,42,16,0,16,rate_uniform,normal,post_input_if,gaussian,1.25,90.410000,/scratch/gs14/sl9144/snn_ckpts/cifar10-checkpoints/vgg16_L[16]_mneablate_cifar10_weight_decay_weights_only_rcnone_seed42_L16_trainT0.pth,/home/595/sl9144/codes/snn_simulation/important_results/cifar10_bn_gamma_beta_l2_scope_sigma0_5_seed42/cifar10/mneablate_cifar10_weight_decay_weights_only_rcnone_seed42_L16_trainT0/noise_sweep_matrix_cifar10_vgg16_T16_mode_rate_uniform_schedule_normal_seed_42.csv
cifar10,vgg16,weight_decay_weights_only,weight_decay_conv_linear_only,weight_decay_weights_only,none,none,0.0005,42,16,0,16,rate_uniform,normal,post_input_if,gaussian,1.5,90.010000,/scratch/gs14/sl9144/snn_ckpts/cifar10-checkpoints/vgg16_L[16]_mneablate_cifar10_weight_decay_weights_only_rcnone_seed42_L16_trainT0.pth,/home/595/sl9144/codes/snn_simulation/important_results/cifar10_bn_gamma_beta_l2_scope_sigma0_5_seed42/cifar10/mneablate_cifar10_weight_decay_weights_only_rcnone_seed42_L16_trainT0/noise_sweep_matrix_cifar10_vgg16_T16_mode_rate_uniform_schedule_normal_seed_42.csv
cifar10,vgg16,weight_decay_weights_only,weight_decay_conv_linear_only,weight_decay_weights_only,none,none,0.0005,42,16,0,16,rate_uniform,normal,post_input_if,gaussian,1.75,89.300000,/scratch/gs14/sl9144/snn_ckpts/cifar10-checkpoints/vgg16_L[16]_mneablate_cifar10_weight_decay_weights_only_rcnone_seed42_L16_trainT0.pth,/home/595/sl9144/codes/snn_simulation/important_results/cifar10_bn_gamma_beta_l2_scope_sigma0_5_seed42/cifar10/mneablate_cifar10_weight_decay_weights_only_rcnone_seed42_L16_trainT0/noise_sweep_matrix_cifar10_vgg16_T16_mode_rate_uniform_schedule_normal_seed_42.csv
cifar10,vgg16,weight_decay_weights_only,weight_decay_conv_linear_only,weight_decay_weights_only,none,none,0.0005,42,16,0,16,rate_uniform,normal,post_input_if,gaussian,2,88.360000,/scratch/gs14/sl9144/snn_ckpts/cifar10-checkpoints/vgg16_L[16]_mneablate_cifar10_weight_decay_weights_only_rcnone_seed42_L16_trainT0.pth,/home/595/sl9144/codes/snn_simulation/important_results/cifar10_bn_gamma_beta_l2_scope_sigma0_5_seed42/cifar10/mneablate_cifar10_weight_decay_weights_only_rcnone_seed42_L16_trainT0/noise_sweep_matrix_cifar10_vgg16_T16_mode_rate_uniform_schedule_normal_seed_42.csv
cifar10,vgg16,weight_decay_weights_only,weight_decay_conv_linear_only,weight_decay_weights_only,none,none,0.0005,42,16,0,16,rate_uniform,normal,post_input_if,gaussian,2.25,86.560000,/scratch/gs14/sl9144/snn_ckpts/cifar10-checkpoints/vgg16_L[16]_mneablate_cifar10_weight_decay_weights_only_rcnone_seed42_L16_trainT0.pth,/home/595/sl9144/codes/snn_simulation/important_results/cifar10_bn_gamma_beta_l2_scope_sigma0_5_seed42/cifar10/mneablate_cifar10_weight_decay_weights_only_rcnone_seed42_L16_trainT0/noise_sweep_matrix_cifar10_vgg16_T16_mode_rate_uniform_schedule_normal_seed_42.csv
cifar10,vgg16,weight_decay_weights_only,weight_decay_conv_linear_only,weight_decay_weights_only,none,none,0.0005,42,16,0,16,rate_uniform,normal,post_input_if,gaussian,2.5,84.220000,/scratch/gs14/sl9144/snn_ckpts/cifar10-checkpoints/vgg16_L[16]_mneablate_cifar10_weight_decay_weights_only_rcnone_seed42_L16_trainT0.pth,/home/595/sl9144/codes/snn_simulation/important_results/cifar10_bn_gamma_beta_l2_scope_sigma0_5_seed42/cifar10/mneablate_cifar10_weight_decay_weights_only_rcnone_seed42_L16_trainT0/noise_sweep_matrix_cifar10_vgg16_T16_mode_rate_uniform_schedule_normal_seed_42.csv
cifar10,vgg16,weight_decay_weights_only,weight_decay_conv_linear_only,weight_decay_weights_only,none,none,0.0005,42,16,0,16,rate_uniform,normal,post_input_if,gaussian,2.75,80.630000,/scratch/gs14/sl9144/snn_ckpts/cifar10-checkpoints/vgg16_L[16]_mneablate_cifar10_weight_decay_weights_only_rcnone_seed42_L16_trainT0.pth,/home/595/sl9144/codes/snn_simulation/important_results/cifar10_bn_gamma_beta_l2_scope_sigma0_5_seed42/cifar10/mneablate_cifar10_weight_decay_weights_only_rcnone_seed42_L16_trainT0/noise_sweep_matrix_cifar10_vgg16_T16_mode_rate_uniform_schedule_normal_seed_42.csv
cifar10,vgg16,weight_decay_weights_only,weight_decay_conv_linear_only,weight_decay_weights_only,none,none,0.0005,42,16,0,16,rate_uniform,normal,post_input_if,gaussian,3,75.630000,/scratch/gs14/sl9144/snn_ckpts/cifar10-checkpoints/vgg16_L[16]_mneablate_cifar10_weight_decay_weights_only_rcnone_seed42_L16_trainT0.pth,/home/595/sl9144/codes/snn_simulation/important_results/cifar10_bn_gamma_beta_l2_scope_sigma0_5_seed42/cifar10/mneablate_cifar10_weight_decay_weights_only_rcnone_seed42_L16_trainT0/noise_sweep_matrix_cifar10_vgg16_T16_mode_rate_uniform_schedule_normal_seed_42.csv
cifar10,vgg16,weight_decay_weights_only,weight_decay_conv_linear_only,weight_decay_weights_only,none,none,0.0005,42,16,0,16,rate_uniform,normal,post_input_if,gaussian,3.25,69.290000,/scratch/gs14/sl9144/snn_ckpts/cifar10-checkpoints/vgg16_L[16]_mneablate_cifar10_weight_decay_weights_only_rcnone_seed42_L16_trainT0.pth,/home/595/sl9144/codes/snn_simulation/important_results/cifar10_bn_gamma_beta_l2_scope_sigma0_5_seed42/cifar10/mneablate_cifar10_weight_decay_weights_only_rcnone_seed42_L16_trainT0/noise_sweep_matrix_cifar10_vgg16_T16_mode_rate_uniform_schedule_normal_seed_42.csv
cifar10,vgg16,weight_decay_weights_only,weight_decay_conv_linear_only,weight_decay_weights_only,none,none,0.0005,42,16,0,16,rate_uniform,normal,post_input_if,gaussian,3.5,60.250000,/scratch/gs14/sl9144/snn_ckpts/cifar10-checkpoints/vgg16_L[16]_mneablate_cifar10_weight_decay_weights_only_rcnone_seed42_L16_trainT0.pth,/home/595/sl9144/codes/snn_simulation/important_results/cifar10_bn_gamma_beta_l2_scope_sigma0_5_seed42/cifar10/mneablate_cifar10_weight_decay_weights_only_rcnone_seed42_L16_trainT0/noise_sweep_matrix_cifar10_vgg16_T16_mode_rate_uniform_schedule_normal_seed_42.csv
cifar10,vgg16,weight_decay_weights_only,weight_decay_conv_linear_only,weight_decay_weights_only,none,none,0.0005,42,16,0,16,rate_uniform,normal,post_input_if,gaussian,3.75,50.100000,/scratch/gs14/sl9144/snn_ckpts/cifar10-checkpoints/vgg16_L[16]_mneablate_cifar10_weight_decay_weights_only_rcnone_seed42_L16_trainT0.pth,/home/595/sl9144/codes/snn_simulation/important_results/cifar10_bn_gamma_beta_l2_scope_sigma0_5_seed42/cifar10/mneablate_cifar10_weight_decay_weights_only_rcnone_seed42_L16_trainT0/noise_sweep_matrix_cifar10_vgg16_T16_mode_rate_uniform_schedule_normal_seed_42.csv
cifar10,vgg16,weight_decay_weights_only,weight_decay_conv_linear_only,weight_decay_weights_only,none,none,0.0005,42,16,0,16,rate_uniform,normal,post_input_if,gaussian,4,39.530000,/scratch/gs14/sl9144/snn_ckpts/cifar10-checkpoints/vgg16_L[16]_mneablate_cifar10_weight_decay_weights_only_rcnone_seed42_L16_trainT0.pth,/home/595/sl9144/codes/snn_simulation/important_results/cifar10_bn_gamma_beta_l2_scope_sigma0_5_seed42/cifar10/mneablate_cifar10_weight_decay_weights_only_rcnone_seed42_L16_trainT0/noise_sweep_matrix_cifar10_vgg16_T16_mode_rate_uniform_schedule_normal_seed_42.csv
cifar10,vgg16,weight_decay_weights_only,weight_decay_conv_linear_only,weight_decay_weights_only,none,none,0.0005,42,16,0,16,rate_uniform,normal,post_input_if,gaussian,4.25,30.690000,/scratch/gs14/sl9144/snn_ckpts/cifar10-checkpoints/vgg16_L[16]_mneablate_cifar10_weight_decay_weights_only_rcnone_seed42_L16_trainT0.pth,/home/595/sl9144/codes/snn_simulation/important_results/cifar10_bn_gamma_beta_l2_scope_sigma0_5_seed42/cifar10/mneablate_cifar10_weight_decay_weights_only_rcnone_seed42_L16_trainT0/noise_sweep_matrix_cifar10_vgg16_T16_mode_rate_uniform_schedule_normal_seed_42.csv
cifar10,vgg16,weight_decay_weights_only,weight_decay_conv_linear_only,weight_decay_weights_only,none,none,0.0005,42,16,0,16,rate_uniform,normal,post_input_if,gaussian,4.5,24.360000,/scratch/gs14/sl9144/snn_ckpts/cifar10-checkpoints/vgg16_L[16]_mneablate_cifar10_weight_decay_weights_only_rcnone_seed42_L16_trainT0.pth,/home/595/sl9144/codes/snn_simulation/important_results/cifar10_bn_gamma_beta_l2_scope_sigma0_5_seed42/cifar10/mneablate_cifar10_weight_decay_weights_only_rcnone_seed42_L16_trainT0/noise_sweep_matrix_cifar10_vgg16_T16_mode_rate_uniform_schedule_normal_seed_42.csv
cifar10,vgg16,weight_decay_weights_only,weight_decay_conv_linear_only,weight_decay_weights_only,none,none,0.0005,42,16,0,16,rate_uniform,normal,post_input_if,gaussian,4.75,19.770000,/scratch/gs14/sl9144/snn_ckpts/cifar10-checkpoints/vgg16_L[16]_mneablate_cifar10_weight_decay_weights_only_rcnone_seed42_L16_trainT0.pth,/home/595/sl9144/codes/snn_simulation/important_results/cifar10_bn_gamma_beta_l2_scope_sigma0_5_seed42/cifar10/mneablate_cifar10_weight_decay_weights_only_rcnone_seed42_L16_trainT0/noise_sweep_matrix_cifar10_vgg16_T16_mode_rate_uniform_schedule_normal_seed_42.csv
cifar10,vgg16,weight_decay_weights_only,weight_decay_conv_linear_only,weight_decay_weights_only,none,none,0.0005,42,16,0,16,rate_uniform,normal,post_input_if,gaussian,5,17.390000,/scratch/gs14/sl9144/snn_ckpts/cifar10-checkpoints/vgg16_L[16]_mneablate_cifar10_weight_decay_weights_only_rcnone_seed42_L16_trainT0.pth,/home/595/sl9144/codes/snn_simulation/important_results/cifar10_bn_gamma_beta_l2_scope_sigma0_5_seed42/cifar10/mneablate_cifar10_weight_decay_weights_only_rcnone_seed42_L16_trainT0/noise_sweep_matrix_cifar10_vgg16_T16_mode_rate_uniform_schedule_normal_seed_42.csv
cifar10,vgg16,manual_l2_w_bn_beta,manual_l2_weights_plus_bn_beta,manual_l2_w_bn_beta,0.00025,none,0.0,42,16,0,16,rate_uniform,normal,post_input_if,gaussian,0,90.710000,/scratch/gs14/sl9144/snn_ckpts/cifar10-checkpoints/vgg16_L[16]_mneablate_cifar10_manual_l2_w_bn_beta_rc0p00025_seed42_L16_trainT0.pth,/home/595/sl9144/codes/snn_simulation/important_results/cifar10_bn_gamma_beta_l2_scope_sigma0_5_seed42/cifar10/mneablate_cifar10_manual_l2_w_bn_beta_rc0p00025_seed42_L16_trainT0/noise_sweep_matrix_cifar10_vgg16_T16_mode_rate_uniform_schedule_normal_seed_42.csv
cifar10,vgg16,manual_l2_w_bn_beta,manual_l2_weights_plus_bn_beta,manual_l2_w_bn_beta,0.00025,none,0.0,42,16,0,16,rate_uniform,normal,post_input_if,gaussian,0.25,90.580000,/scratch/gs14/sl9144/snn_ckpts/cifar10-checkpoints/vgg16_L[16]_mneablate_cifar10_manual_l2_w_bn_beta_rc0p00025_seed42_L16_trainT0.pth,/home/595/sl9144/codes/snn_simulation/important_results/cifar10_bn_gamma_beta_l2_scope_sigma0_5_seed42/cifar10/mneablate_cifar10_manual_l2_w_bn_beta_rc0p00025_seed42_L16_trainT0/noise_sweep_matrix_cifar10_vgg16_T16_mode_rate_uniform_schedule_normal_seed_42.csv
cifar10,vgg16,manual_l2_w_bn_beta,manual_l2_weights_plus_bn_beta,manual_l2_w_bn_beta,0.00025,none,0.0,42,16,0,16,rate_uniform,normal,post_input_if,gaussian,0.5,90.630000,/scratch/gs14/sl9144/snn_ckpts/cifar10-checkpoints/vgg16_L[16]_mneablate_cifar10_manual_l2_w_bn_beta_rc0p00025_seed42_L16_trainT0.pth,/home/595/sl9144/codes/snn_simulation/important_results/cifar10_bn_gamma_beta_l2_scope_sigma0_5_seed42/cifar10/mneablate_cifar10_manual_l2_w_bn_beta_rc0p00025_seed42_L16_trainT0/noise_sweep_matrix_cifar10_vgg16_T16_mode_rate_uniform_schedule_normal_seed_42.csv
cifar10,vgg16,manual_l2_w_bn_beta,manual_l2_weights_plus_bn_beta,manual_l2_w_bn_beta,0.00025,none,0.0,42,16,0,16,rate_uniform,normal,post_input_if,gaussian,0.75,90.410000,/scratch/gs14/sl9144/snn_ckpts/cifar10-checkpoints/vgg16_L[16]_mneablate_cifar10_manual_l2_w_bn_beta_rc0p00025_seed42_L16_trainT0.pth,/home/595/sl9144/codes/snn_simulation/important_results/cifar10_bn_gamma_beta_l2_scope_sigma0_5_seed42/cifar10/mneablate_cifar10_manual_l2_w_bn_beta_rc0p00025_seed42_L16_trainT0/noise_sweep_matrix_cifar10_vgg16_T16_mode_rate_uniform_schedule_normal_seed_42.csv
cifar10,vgg16,manual_l2_w_bn_beta,manual_l2_weights_plus_bn_beta,manual_l2_w_bn_beta,0.00025,none,0.0,42,16,0,16,rate_uniform,normal,post_input_if,gaussian,1,90.190000,/scratch/gs14/sl9144/snn_ckpts/cifar10-checkpoints/vgg16_L[16]_mneablate_cifar10_manual_l2_w_bn_beta_rc0p00025_seed42_L16_trainT0.pth,/home/595/sl9144/codes/snn_simulation/important_results/cifar10_bn_gamma_beta_l2_scope_sigma0_5_seed42/cifar10/mneablate_cifar10_manual_l2_w_bn_beta_rc0p00025_seed42_L16_trainT0/noise_sweep_matrix_cifar10_vgg16_T16_mode_rate_uniform_schedule_normal_seed_42.csv
cifar10,vgg16,manual_l2_w_bn_beta,manual_l2_weights_plus_bn_beta,manual_l2_w_bn_beta,0.00025,none,0.0,42,16,0,16,rate_uniform,normal,post_input_if,gaussian,1.25,89.570000,/scratch/gs14/sl9144/snn_ckpts/cifar10-checkpoints/vgg16_L[16]_mneablate_cifar10_manual_l2_w_bn_beta_rc0p00025_seed42_L16_trainT0.pth,/home/595/sl9144/codes/snn_simulation/important_results/cifar10_bn_gamma_beta_l2_scope_sigma0_5_seed42/cifar10/mneablate_cifar10_manual_l2_w_bn_beta_rc0p00025_seed42_L16_trainT0/noise_sweep_matrix_cifar10_vgg16_T16_mode_rate_uniform_schedule_normal_seed_42.csv
cifar10,vgg16,manual_l2_w_bn_beta,manual_l2_weights_plus_bn_beta,manual_l2_w_bn_beta,0.00025,none,0.0,42,16,0,16,rate_uniform,normal,post_input_if,gaussian,1.5,88.860000,/scratch/gs14/sl9144/snn_ckpts/cifar10-checkpoints/vgg16_L[16]_mneablate_cifar10_manual_l2_w_bn_beta_rc0p00025_seed42_L16_trainT0.pth,/home/595/sl9144/codes/snn_simulation/important_results/cifar10_bn_gamma_beta_l2_scope_sigma0_5_seed42/cifar10/mneablate_cifar10_manual_l2_w_bn_beta_rc0p00025_seed42_L16_trainT0/noise_sweep_matrix_cifar10_vgg16_T16_mode_rate_uniform_schedule_normal_seed_42.csv
cifar10,vgg16,manual_l2_w_bn_beta,manual_l2_weights_plus_bn_beta,manual_l2_w_bn_beta,0.00025,none,0.0,42,16,0,16,rate_uniform,normal,post_input_if,gaussian,1.75,88.000000,/scratch/gs14/sl9144/snn_ckpts/cifar10-checkpoints/vgg16_L[16]_mneablate_cifar10_manual_l2_w_bn_beta_rc0p00025_seed42_L16_trainT0.pth,/home/595/sl9144/codes/snn_simulation/important_results/cifar10_bn_gamma_beta_l2_scope_sigma0_5_seed42/cifar10/mneablate_cifar10_manual_l2_w_bn_beta_rc0p00025_seed42_L16_trainT0/noise_sweep_matrix_cifar10_vgg16_T16_mode_rate_uniform_schedule_normal_seed_42.csv
cifar10,vgg16,manual_l2_w_bn_beta,manual_l2_weights_plus_bn_beta,manual_l2_w_bn_beta,0.00025,none,0.0,42,16,0,16,rate_uniform,normal,post_input_if,gaussian,2,86.380000,/scratch/gs14/sl9144/snn_ckpts/cifar10-checkpoints/vgg16_L[16]_mneablate_cifar10_manual_l2_w_bn_beta_rc0p00025_seed42_L16_trainT0.pth,/home/595/sl9144/codes/snn_simulation/important_results/cifar10_bn_gamma_beta_l2_scope_sigma0_5_seed42/cifar10/mneablate_cifar10_manual_l2_w_bn_beta_rc0p00025_seed42_L16_trainT0/noise_sweep_matrix_cifar10_vgg16_T16_mode_rate_uniform_schedule_normal_seed_42.csv
cifar10,vgg16,manual_l2_w_bn_beta,manual_l2_weights_plus_bn_beta,manual_l2_w_bn_beta,0.00025,none,0.0,42,16,0,16,rate_uniform,normal,post_input_if,gaussian,2.25,83.980000,/scratch/gs14/sl9144/snn_ckpts/cifar10-checkpoints/vgg16_L[16]_mneablate_cifar10_manual_l2_w_bn_beta_rc0p00025_seed42_L16_trainT0.pth,/home/595/sl9144/codes/snn_simulation/important_results/cifar10_bn_gamma_beta_l2_scope_sigma0_5_seed42/cifar10/mneablate_cifar10_manual_l2_w_bn_beta_rc0p00025_seed42_L16_trainT0/noise_sweep_matrix_cifar10_vgg16_T16_mode_rate_uniform_schedule_normal_seed_42.csv
cifar10,vgg16,manual_l2_w_bn_beta,manual_l2_weights_plus_bn_beta,manual_l2_w_bn_beta,0.00025,none,0.0,42,16,0,16,rate_uniform,normal,post_input_if,gaussian,2.5,80.820000,/scratch/gs14/sl9144/snn_ckpts/cifar10-checkpoints/vgg16_L[16]_mneablate_cifar10_manual_l2_w_bn_beta_rc0p00025_seed42_L16_trainT0.pth,/home/595/sl9144/codes/snn_simulation/important_results/cifar10_bn_gamma_beta_l2_scope_sigma0_5_seed42/cifar10/mneablate_cifar10_manual_l2_w_bn_beta_rc0p00025_seed42_L16_trainT0/noise_sweep_matrix_cifar10_vgg16_T16_mode_rate_uniform_schedule_normal_seed_42.csv
cifar10,vgg16,manual_l2_w_bn_beta,manual_l2_weights_plus_bn_beta,manual_l2_w_bn_beta,0.00025,none,0.0,42,16,0,16,rate_uniform,normal,post_input_if,gaussian,2.75,76.660000,/scratch/gs14/sl9144/snn_ckpts/cifar10-checkpoints/vgg16_L[16]_mneablate_cifar10_manual_l2_w_bn_beta_rc0p00025_seed42_L16_trainT0.pth,/home/595/sl9144/codes/snn_simulation/important_results/cifar10_bn_gamma_beta_l2_scope_sigma0_5_seed42/cifar10/mneablate_cifar10_manual_l2_w_bn_beta_rc0p00025_seed42_L16_trainT0/noise_sweep_matrix_cifar10_vgg16_T16_mode_rate_uniform_schedule_normal_seed_42.csv
cifar10,vgg16,manual_l2_w_bn_beta,manual_l2_weights_plus_bn_beta,manual_l2_w_bn_beta,0.00025,none,0.0,42,16,0,16,rate_uniform,normal,post_input_if,gaussian,3,70.650000,/scratch/gs14/sl9144/snn_ckpts/cifar10-checkpoints/vgg16_L[16]_mneablate_cifar10_manual_l2_w_bn_beta_rc0p00025_seed42_L16_trainT0.pth,/home/595/sl9144/codes/snn_simulation/important_results/cifar10_bn_gamma_beta_l2_scope_sigma0_5_seed42/cifar10/mneablate_cifar10_manual_l2_w_bn_beta_rc0p00025_seed42_L16_trainT0/noise_sweep_matrix_cifar10_vgg16_T16_mode_rate_uniform_schedule_normal_seed_42.csv
cifar10,vgg16,manual_l2_w_bn_beta,manual_l2_weights_plus_bn_beta,manual_l2_w_bn_beta,0.00025,none,0.0,42,16,0,16,rate_uniform,normal,post_input_if,gaussian,3.25,62.370000,/scratch/gs14/sl9144/snn_ckpts/cifar10-checkpoints/vgg16_L[16]_mneablate_cifar10_manual_l2_w_bn_beta_rc0p00025_seed42_L16_trainT0.pth,/home/595/sl9144/codes/snn_simulation/important_results/cifar10_bn_gamma_beta_l2_scope_sigma0_5_seed42/cifar10/mneablate_cifar10_manual_l2_w_bn_beta_rc0p00025_seed42_L16_trainT0/noise_sweep_matrix_cifar10_vgg16_T16_mode_rate_uniform_schedule_normal_seed_42.csv
cifar10,vgg16,manual_l2_w_bn_beta,manual_l2_weights_plus_bn_beta,manual_l2_w_bn_beta,0.00025,none,0.0,42,16,0,16,rate_uniform,normal,post_input_if,gaussian,3.5,51.240000,/scratch/gs14/sl9144/snn_ckpts/cifar10-checkpoints/vgg16_L[16]_mneablate_cifar10_manual_l2_w_bn_beta_rc0p00025_seed42_L16_trainT0.pth,/home/595/sl9144/codes/snn_simulation/important_results/cifar10_bn_gamma_beta_l2_scope_sigma0_5_seed42/cifar10/mneablate_cifar10_manual_l2_w_bn_beta_rc0p00025_seed42_L16_trainT0/noise_sweep_matrix_cifar10_vgg16_T16_mode_rate_uniform_schedule_normal_seed_42.csv
cifar10,vgg16,manual_l2_w_bn_beta,manual_l2_weights_plus_bn_beta,manual_l2_w_bn_beta,0.00025,none,0.0,42,16,0,16,rate_uniform,normal,post_input_if,gaussian,3.75,39.780000,/scratch/gs14/sl9144/snn_ckpts/cifar10-checkpoints/vgg16_L[16]_mneablate_cifar10_manual_l2_w_bn_beta_rc0p00025_seed42_L16_trainT0.pth,/home/595/sl9144/codes/snn_simulation/important_results/cifar10_bn_gamma_beta_l2_scope_sigma0_5_seed42/cifar10/mneablate_cifar10_manual_l2_w_bn_beta_rc0p00025_seed42_L16_trainT0/noise_sweep_matrix_cifar10_vgg16_T16_mode_rate_uniform_schedule_normal_seed_42.csv
cifar10,vgg16,manual_l2_w_bn_beta,manual_l2_weights_plus_bn_beta,manual_l2_w_bn_beta,0.00025,none,0.0,42,16,0,16,rate_uniform,normal,post_input_if,gaussian,4,29.970000,/scratch/gs14/sl9144/snn_ckpts/cifar10-checkpoints/vgg16_L[16]_mneablate_cifar10_manual_l2_w_bn_beta_rc0p00025_seed42_L16_trainT0.pth,/home/595/sl9144/codes/snn_simulation/important_results/cifar10_bn_gamma_beta_l2_scope_sigma0_5_seed42/cifar10/mneablate_cifar10_manual_l2_w_bn_beta_rc0p00025_seed42_L16_trainT0/noise_sweep_matrix_cifar10_vgg16_T16_mode_rate_uniform_schedule_normal_seed_42.csv
cifar10,vgg16,manual_l2_w_bn_beta,manual_l2_weights_plus_bn_beta,manual_l2_w_bn_beta,0.00025,none,0.0,42,16,0,16,rate_uniform,normal,post_input_if,gaussian,4.25,23.440000,/scratch/gs14/sl9144/snn_ckpts/cifar10-checkpoints/vgg16_L[16]_mneablate_cifar10_manual_l2_w_bn_beta_rc0p00025_seed42_L16_trainT0.pth,/home/595/sl9144/codes/snn_simulation/important_results/cifar10_bn_gamma_beta_l2_scope_sigma0_5_seed42/cifar10/mneablate_cifar10_manual_l2_w_bn_beta_rc0p00025_seed42_L16_trainT0/noise_sweep_matrix_cifar10_vgg16_T16_mode_rate_uniform_schedule_normal_seed_42.csv
cifar10,vgg16,manual_l2_w_bn_beta,manual_l2_weights_plus_bn_beta,manual_l2_w_bn_beta,0.00025,none,0.0,42,16,0,16,rate_uniform,normal,post_input_if,gaussian,4.5,19.360000,/scratch/gs14/sl9144/snn_ckpts/cifar10-checkpoints/vgg16_L[16]_mneablate_cifar10_manual_l2_w_bn_beta_rc0p00025_seed42_L16_trainT0.pth,/home/595/sl9144/codes/snn_simulation/important_results/cifar10_bn_gamma_beta_l2_scope_sigma0_5_seed42/cifar10/mneablate_cifar10_manual_l2_w_bn_beta_rc0p00025_seed42_L16_trainT0/noise_sweep_matrix_cifar10_vgg16_T16_mode_rate_uniform_schedule_normal_seed_42.csv
cifar10,vgg16,manual_l2_w_bn_beta,manual_l2_weights_plus_bn_beta,manual_l2_w_bn_beta,0.00025,none,0.0,42,16,0,16,rate_uniform,normal,post_input_if,gaussian,4.75,17.630000,/scratch/gs14/sl9144/snn_ckpts/cifar10-checkpoints/vgg16_L[16]_mneablate_cifar10_manual_l2_w_bn_beta_rc0p00025_seed42_L16_trainT0.pth,/home/595/sl9144/codes/snn_simulation/important_results/cifar10_bn_gamma_beta_l2_scope_sigma0_5_seed42/cifar10/mneablate_cifar10_manual_l2_w_bn_beta_rc0p00025_seed42_L16_trainT0/noise_sweep_matrix_cifar10_vgg16_T16_mode_rate_uniform_schedule_normal_seed_42.csv
cifar10,vgg16,manual_l2_w_bn_beta,manual_l2_weights_plus_bn_beta,manual_l2_w_bn_beta,0.00025,none,0.0,42,16,0,16,rate_uniform,normal,post_input_if,gaussian,5,16.560000,/scratch/gs14/sl9144/snn_ckpts/cifar10-checkpoints/vgg16_L[16]_mneablate_cifar10_manual_l2_w_bn_beta_rc0p00025_seed42_L16_trainT0.pth,/home/595/sl9144/codes/snn_simulation/important_results/cifar10_bn_gamma_beta_l2_scope_sigma0_5_seed42/cifar10/mneablate_cifar10_manual_l2_w_bn_beta_rc0p00025_seed42_L16_trainT0/noise_sweep_matrix_cifar10_vgg16_T16_mode_rate_uniform_schedule_normal_seed_42.csv
cifar10,vgg16,manual_l2_w_bn_gamma,manual_l2_weights_plus_bn_gamma,manual_l2_w_bn_gamma,0.00025,none,0.0,42,16,0,16,rate_uniform,normal,post_input_if,gaussian,0,90.970000,/scratch/gs14/sl9144/snn_ckpts/cifar10-checkpoints/vgg16_L[16]_mneablate_cifar10_manual_l2_w_bn_gamma_rc0p00025_seed42_L16_trainT0.pth,/home/595/sl9144/codes/snn_simulation/important_results/cifar10_bn_gamma_beta_l2_scope_sigma0_5_seed42/cifar10/mneablate_cifar10_manual_l2_w_bn_gamma_rc0p00025_seed42_L16_trainT0/noise_sweep_matrix_cifar10_vgg16_T16_mode_rate_uniform_schedule_normal_seed_42.csv
cifar10,vgg16,manual_l2_w_bn_gamma,manual_l2_weights_plus_bn_gamma,manual_l2_w_bn_gamma,0.00025,none,0.0,42,16,0,16,rate_uniform,normal,post_input_if,gaussian,0.25,90.400000,/scratch/gs14/sl9144/snn_ckpts/cifar10-checkpoints/vgg16_L[16]_mneablate_cifar10_manual_l2_w_bn_gamma_rc0p00025_seed42_L16_trainT0.pth,/home/595/sl9144/codes/snn_simulation/important_results/cifar10_bn_gamma_beta_l2_scope_sigma0_5_seed42/cifar10/mneablate_cifar10_manual_l2_w_bn_gamma_rc0p00025_seed42_L16_trainT0/noise_sweep_matrix_cifar10_vgg16_T16_mode_rate_uniform_schedule_normal_seed_42.csv
cifar10,vgg16,manual_l2_w_bn_gamma,manual_l2_weights_plus_bn_gamma,manual_l2_w_bn_gamma,0.00025,none,0.0,42,16,0,16,rate_uniform,normal,post_input_if,gaussian,0.5,86.220000,/scratch/gs14/sl9144/snn_ckpts/cifar10-checkpoints/vgg16_L[16]_mneablate_cifar10_manual_l2_w_bn_gamma_rc0p00025_seed42_L16_trainT0.pth,/home/595/sl9144/codes/snn_simulation/important_results/cifar10_bn_gamma_beta_l2_scope_sigma0_5_seed42/cifar10/mneablate_cifar10_manual_l2_w_bn_gamma_rc0p00025_seed42_L16_trainT0/noise_sweep_matrix_cifar10_vgg16_T16_mode_rate_uniform_schedule_normal_seed_42.csv
cifar10,vgg16,manual_l2_w_bn_gamma,manual_l2_weights_plus_bn_gamma,manual_l2_w_bn_gamma,0.00025,none,0.0,42,16,0,16,rate_uniform,normal,post_input_if,gaussian,0.75,62.990000,/scratch/gs14/sl9144/snn_ckpts/cifar10-checkpoints/vgg16_L[16]_mneablate_cifar10_manual_l2_w_bn_gamma_rc0p00025_seed42_L16_trainT0.pth,/home/595/sl9144/codes/snn_simulation/important_results/cifar10_bn_gamma_beta_l2_scope_sigma0_5_seed42/cifar10/mneablate_cifar10_manual_l2_w_bn_gamma_rc0p00025_seed42_L16_trainT0/noise_sweep_matrix_cifar10_vgg16_T16_mode_rate_uniform_schedule_normal_seed_42.csv
cifar10,vgg16,manual_l2_w_bn_gamma,manual_l2_weights_plus_bn_gamma,manual_l2_w_bn_gamma,0.00025,none,0.0,42,16,0,16,rate_uniform,normal,post_input_if,gaussian,1,22.500000,/scratch/gs14/sl9144/snn_ckpts/cifar10-checkpoints/vgg16_L[16]_mneablate_cifar10_manual_l2_w_bn_gamma_rc0p00025_seed42_L16_trainT0.pth,/home/595/sl9144/codes/snn_simulation/important_results/cifar10_bn_gamma_beta_l2_scope_sigma0_5_seed42/cifar10/mneablate_cifar10_manual_l2_w_bn_gamma_rc0p00025_seed42_L16_trainT0/noise_sweep_matrix_cifar10_vgg16_T16_mode_rate_uniform_schedule_normal_seed_42.csv
cifar10,vgg16,manual_l2_w_bn_gamma,manual_l2_weights_plus_bn_gamma,manual_l2_w_bn_gamma,0.00025,none,0.0,42,16,0,16,rate_uniform,normal,post_input_if,gaussian,1.25,12.760000,/scratch/gs14/sl9144/snn_ckpts/cifar10-checkpoints/vgg16_L[16]_mneablate_cifar10_manual_l2_w_bn_gamma_rc0p00025_seed42_L16_trainT0.pth,/home/595/sl9144/codes/snn_simulation/important_results/cifar10_bn_gamma_beta_l2_scope_sigma0_5_seed42/cifar10/mneablate_cifar10_manual_l2_w_bn_gamma_rc0p00025_seed42_L16_trainT0/noise_sweep_matrix_cifar10_vgg16_T16_mode_rate_uniform_schedule_normal_seed_42.csv
cifar10,vgg16,manual_l2_w_bn_gamma,manual_l2_weights_plus_bn_gamma,manual_l2_w_bn_gamma,0.00025,none,0.0,42,16,0,16,rate_uniform,normal,post_input_if,gaussian,1.5,10.400000,/scratch/gs14/sl9144/snn_ckpts/cifar10-checkpoints/vgg16_L[16]_mneablate_cifar10_manual_l2_w_bn_gamma_rc0p00025_seed42_L16_trainT0.pth,/home/595/sl9144/codes/snn_simulation/important_results/cifar10_bn_gamma_beta_l2_scope_sigma0_5_seed42/cifar10/mneablate_cifar10_manual_l2_w_bn_gamma_rc0p00025_seed42_L16_trainT0/noise_sweep_matrix_cifar10_vgg16_T16_mode_rate_uniform_schedule_normal_seed_42.csv
cifar10,vgg16,manual_l2_w_bn_gamma,manual_l2_weights_plus_bn_gamma,manual_l2_w_bn_gamma,0.00025,none,0.0,42,16,0,16,rate_uniform,normal,post_input_if,gaussian,1.75,10.040000,/scratch/gs14/sl9144/snn_ckpts/cifar10-checkpoints/vgg16_L[16]_mneablate_cifar10_manual_l2_w_bn_gamma_rc0p00025_seed42_L16_trainT0.pth,/home/595/sl9144/codes/snn_simulation/important_results/cifar10_bn_gamma_beta_l2_scope_sigma0_5_seed42/cifar10/mneablate_cifar10_manual_l2_w_bn_gamma_rc0p00025_seed42_L16_trainT0/noise_sweep_matrix_cifar10_vgg16_T16_mode_rate_uniform_schedule_normal_seed_42.csv
cifar10,vgg16,manual_l2_w_bn_gamma,manual_l2_weights_plus_bn_gamma,manual_l2_w_bn_gamma,0.00025,none,0.0,42,16,0,16,rate_uniform,normal,post_input_if,gaussian,2,10.000000,/scratch/gs14/sl9144/snn_ckpts/cifar10-checkpoints/vgg16_L[16]_mneablate_cifar10_manual_l2_w_bn_gamma_rc0p00025_seed42_L16_trainT0.pth,/home/595/sl9144/codes/snn_simulation/important_results/cifar10_bn_gamma_beta_l2_scope_sigma0_5_seed42/cifar10/mneablate_cifar10_manual_l2_w_bn_gamma_rc0p00025_seed42_L16_trainT0/noise_sweep_matrix_cifar10_vgg16_T16_mode_rate_uniform_schedule_normal_seed_42.csv
cifar10,vgg16,manual_l2_w_bn_gamma,manual_l2_weights_plus_bn_gamma,manual_l2_w_bn_gamma,0.00025,none,0.0,42,16,0,16,rate_uniform,normal,post_input_if,gaussian,2.25,10.000000,/scratch/gs14/sl9144/snn_ckpts/cifar10-checkpoints/vgg16_L[16]_mneablate_cifar10_manual_l2_w_bn_gamma_rc0p00025_seed42_L16_trainT0.pth,/home/595/sl9144/codes/snn_simulation/important_results/cifar10_bn_gamma_beta_l2_scope_sigma0_5_seed42/cifar10/mneablate_cifar10_manual_l2_w_bn_gamma_rc0p00025_seed42_L16_trainT0/noise_sweep_matrix_cifar10_vgg16_T16_mode_rate_uniform_schedule_normal_seed_42.csv
cifar10,vgg16,manual_l2_w_bn_gamma,manual_l2_weights_plus_bn_gamma,manual_l2_w_bn_gamma,0.00025,none,0.0,42,16,0,16,rate_uniform,normal,post_input_if,gaussian,2.5,10.000000,/scratch/gs14/sl9144/snn_ckpts/cifar10-checkpoints/vgg16_L[16]_mneablate_cifar10_manual_l2_w_bn_gamma_rc0p00025_seed42_L16_trainT0.pth,/home/595/sl9144/codes/snn_simulation/important_results/cifar10_bn_gamma_beta_l2_scope_sigma0_5_seed42/cifar10/mneablate_cifar10_manual_l2_w_bn_gamma_rc0p00025_seed42_L16_trainT0/noise_sweep_matrix_cifar10_vgg16_T16_mode_rate_uniform_schedule_normal_seed_42.csv
cifar10,vgg16,manual_l2_w_bn_gamma,manual_l2_weights_plus_bn_gamma,manual_l2_w_bn_gamma,0.00025,none,0.0,42,16,0,16,rate_uniform,normal,post_input_if,gaussian,2.75,10.000000,/scratch/gs14/sl9144/snn_ckpts/cifar10-checkpoints/vgg16_L[16]_mneablate_cifar10_manual_l2_w_bn_gamma_rc0p00025_seed42_L16_trainT0.pth,/home/595/sl9144/codes/snn_simulation/important_results/cifar10_bn_gamma_beta_l2_scope_sigma0_5_seed42/cifar10/mneablate_cifar10_manual_l2_w_bn_gamma_rc0p00025_seed42_L16_trainT0/noise_sweep_matrix_cifar10_vgg16_T16_mode_rate_uniform_schedule_normal_seed_42.csv
cifar10,vgg16,manual_l2_w_bn_gamma,manual_l2_weights_plus_bn_gamma,manual_l2_w_bn_gamma,0.00025,none,0.0,42,16,0,16,rate_uniform,normal,post_input_if,gaussian,3,10.000000,/scratch/gs14/sl9144/snn_ckpts/cifar10-checkpoints/vgg16_L[16]_mneablate_cifar10_manual_l2_w_bn_gamma_rc0p00025_seed42_L16_trainT0.pth,/home/595/sl9144/codes/snn_simulation/important_results/cifar10_bn_gamma_beta_l2_scope_sigma0_5_seed42/cifar10/mneablate_cifar10_manual_l2_w_bn_gamma_rc0p00025_seed42_L16_trainT0/noise_sweep_matrix_cifar10_vgg16_T16_mode_rate_uniform_schedule_normal_seed_42.csv
cifar10,vgg16,manual_l2_w_bn_gamma,manual_l2_weights_plus_bn_gamma,manual_l2_w_bn_gamma,0.00025,none,0.0,42,16,0,16,rate_uniform,normal,post_input_if,gaussian,3.25,10.000000,/scratch/gs14/sl9144/snn_ckpts/cifar10-checkpoints/vgg16_L[16]_mneablate_cifar10_manual_l2_w_bn_gamma_rc0p00025_seed42_L16_trainT0.pth,/home/595/sl9144/codes/snn_simulation/important_results/cifar10_bn_gamma_beta_l2_scope_sigma0_5_seed42/cifar10/mneablate_cifar10_manual_l2_w_bn_gamma_rc0p00025_seed42_L16_trainT0/noise_sweep_matrix_cifar10_vgg16_T16_mode_rate_uniform_schedule_normal_seed_42.csv
cifar10,vgg16,manual_l2_w_bn_gamma,manual_l2_weights_plus_bn_gamma,manual_l2_w_bn_gamma,0.00025,none,0.0,42,16,0,16,rate_uniform,normal,post_input_if,gaussian,3.5,10.000000,/scratch/gs14/sl9144/snn_ckpts/cifar10-checkpoints/vgg16_L[16]_mneablate_cifar10_manual_l2_w_bn_gamma_rc0p00025_seed42_L16_trainT0.pth,/home/595/sl9144/codes/snn_simulation/important_results/cifar10_bn_gamma_beta_l2_scope_sigma0_5_seed42/cifar10/mneablate_cifar10_manual_l2_w_bn_gamma_rc0p00025_seed42_L16_trainT0/noise_sweep_matrix_cifar10_vgg16_T16_mode_rate_uniform_schedule_normal_seed_42.csv
cifar10,vgg16,manual_l2_w_bn_gamma,manual_l2_weights_plus_bn_gamma,manual_l2_w_bn_gamma,0.00025,none,0.0,42,16,0,16,rate_uniform,normal,post_input_if,gaussian,3.75,10.000000,/scratch/gs14/sl9144/snn_ckpts/cifar10-checkpoints/vgg16_L[16]_mneablate_cifar10_manual_l2_w_bn_gamma_rc0p00025_seed42_L16_trainT0.pth,/home/595/sl9144/codes/snn_simulation/important_results/cifar10_bn_gamma_beta_l2_scope_sigma0_5_seed42/cifar10/mneablate_cifar10_manual_l2_w_bn_gamma_rc0p00025_seed42_L16_trainT0/noise_sweep_matrix_cifar10_vgg16_T16_mode_rate_uniform_schedule_normal_seed_42.csv
cifar10,vgg16,manual_l2_w_bn_gamma,manual_l2_weights_plus_bn_gamma,manual_l2_w_bn_gamma,0.00025,none,0.0,42,16,0,16,rate_uniform,normal,post_input_if,gaussian,4,10.000000,/scratch/gs14/sl9144/snn_ckpts/cifar10-checkpoints/vgg16_L[16]_mneablate_cifar10_manual_l2_w_bn_gamma_rc0p00025_seed42_L16_trainT0.pth,/home/595/sl9144/codes/snn_simulation/important_results/cifar10_bn_gamma_beta_l2_scope_sigma0_5_seed42/cifar10/mneablate_cifar10_manual_l2_w_bn_gamma_rc0p00025_seed42_L16_trainT0/noise_sweep_matrix_cifar10_vgg16_T16_mode_rate_uniform_schedule_normal_seed_42.csv
cifar10,vgg16,manual_l2_w_bn_gamma,manual_l2_weights_plus_bn_gamma,manual_l2_w_bn_gamma,0.00025,none,0.0,42,16,0,16,rate_uniform,normal,post_input_if,gaussian,4.25,10.000000,/scratch/gs14/sl9144/snn_ckpts/cifar10-checkpoints/vgg16_L[16]_mneablate_cifar10_manual_l2_w_bn_gamma_rc0p00025_seed42_L16_trainT0.pth,/home/595/sl9144/codes/snn_simulation/important_results/cifar10_bn_gamma_beta_l2_scope_sigma0_5_seed42/cifar10/mneablate_cifar10_manual_l2_w_bn_gamma_rc0p00025_seed42_L16_trainT0/noise_sweep_matrix_cifar10_vgg16_T16_mode_rate_uniform_schedule_normal_seed_42.csv
cifar10,vgg16,manual_l2_w_bn_gamma,manual_l2_weights_plus_bn_gamma,manual_l2_w_bn_gamma,0.00025,none,0.0,42,16,0,16,rate_uniform,normal,post_input_if,gaussian,4.5,10.000000,/scratch/gs14/sl9144/snn_ckpts/cifar10-checkpoints/vgg16_L[16]_mneablate_cifar10_manual_l2_w_bn_gamma_rc0p00025_seed42_L16_trainT0.pth,/home/595/sl9144/codes/snn_simulation/important_results/cifar10_bn_gamma_beta_l2_scope_sigma0_5_seed42/cifar10/mneablate_cifar10_manual_l2_w_bn_gamma_rc0p00025_seed42_L16_trainT0/noise_sweep_matrix_cifar10_vgg16_T16_mode_rate_uniform_schedule_normal_seed_42.csv
cifar10,vgg16,manual_l2_w_bn_gamma,manual_l2_weights_plus_bn_gamma,manual_l2_w_bn_gamma,0.00025,none,0.0,42,16,0,16,rate_uniform,normal,post_input_if,gaussian,4.75,10.000000,/scratch/gs14/sl9144/snn_ckpts/cifar10-checkpoints/vgg16_L[16]_mneablate_cifar10_manual_l2_w_bn_gamma_rc0p00025_seed42_L16_trainT0.pth,/home/595/sl9144/codes/snn_simulation/important_results/cifar10_bn_gamma_beta_l2_scope_sigma0_5_seed42/cifar10/mneablate_cifar10_manual_l2_w_bn_gamma_rc0p00025_seed42_L16_trainT0/noise_sweep_matrix_cifar10_vgg16_T16_mode_rate_uniform_schedule_normal_seed_42.csv
cifar10,vgg16,manual_l2_w_bn_gamma,manual_l2_weights_plus_bn_gamma,manual_l2_w_bn_gamma,0.00025,none,0.0,42,16,0,16,rate_uniform,normal,post_input_if,gaussian,5,10.000000,/scratch/gs14/sl9144/snn_ckpts/cifar10-checkpoints/vgg16_L[16]_mneablate_cifar10_manual_l2_w_bn_gamma_rc0p00025_seed42_L16_trainT0.pth,/home/595/sl9144/codes/snn_simulation/important_results/cifar10_bn_gamma_beta_l2_scope_sigma0_5_seed42/cifar10/mneablate_cifar10_manual_l2_w_bn_gamma_rc0p00025_seed42_L16_trainT0/noise_sweep_matrix_cifar10_vgg16_T16_mode_rate_uniform_schedule_normal_seed_42.csv
cifar10,vgg16,manual_l2_w_bn,manual_l2_weights_plus_bn,manual_l2_w_bn,0.00025,none,0.0,42,16,0,16,rate_uniform,normal,post_input_if,gaussian,0,90.540000,/scratch/gs14/sl9144/snn_ckpts/cifar10-checkpoints/vgg16_L[16]_mneablate_cifar10_manual_l2_w_bn_rc0p00025_seed42_L16_trainT0.pth,/home/595/sl9144/codes/snn_simulation/important_results/cifar10_bn_gamma_beta_l2_scope_sigma0_5_seed42/cifar10/mneablate_cifar10_manual_l2_w_bn_rc0p00025_seed42_L16_trainT0/noise_sweep_matrix_cifar10_vgg16_T16_mode_rate_uniform_schedule_normal_seed_42.csv
cifar10,vgg16,manual_l2_w_bn,manual_l2_weights_plus_bn,manual_l2_w_bn,0.00025,none,0.0,42,16,0,16,rate_uniform,normal,post_input_if,gaussian,0.25,90.060000,/scratch/gs14/sl9144/snn_ckpts/cifar10-checkpoints/vgg16_L[16]_mneablate_cifar10_manual_l2_w_bn_rc0p00025_seed42_L16_trainT0.pth,/home/595/sl9144/codes/snn_simulation/important_results/cifar10_bn_gamma_beta_l2_scope_sigma0_5_seed42/cifar10/mneablate_cifar10_manual_l2_w_bn_rc0p00025_seed42_L16_trainT0/noise_sweep_matrix_cifar10_vgg16_T16_mode_rate_uniform_schedule_normal_seed_42.csv
cifar10,vgg16,manual_l2_w_bn,manual_l2_weights_plus_bn,manual_l2_w_bn,0.00025,none,0.0,42,16,0,16,rate_uniform,normal,post_input_if,gaussian,0.5,85.040000,/scratch/gs14/sl9144/snn_ckpts/cifar10-checkpoints/vgg16_L[16]_mneablate_cifar10_manual_l2_w_bn_rc0p00025_seed42_L16_trainT0.pth,/home/595/sl9144/codes/snn_simulation/important_results/cifar10_bn_gamma_beta_l2_scope_sigma0_5_seed42/cifar10/mneablate_cifar10_manual_l2_w_bn_rc0p00025_seed42_L16_trainT0/noise_sweep_matrix_cifar10_vgg16_T16_mode_rate_uniform_schedule_normal_seed_42.csv
cifar10,vgg16,manual_l2_w_bn,manual_l2_weights_plus_bn,manual_l2_w_bn,0.00025,none,0.0,42,16,0,16,rate_uniform,normal,post_input_if,gaussian,0.75,63.630000,/scratch/gs14/sl9144/snn_ckpts/cifar10-checkpoints/vgg16_L[16]_mneablate_cifar10_manual_l2_w_bn_rc0p00025_seed42_L16_trainT0.pth,/home/595/sl9144/codes/snn_simulation/important_results/cifar10_bn_gamma_beta_l2_scope_sigma0_5_seed42/cifar10/mneablate_cifar10_manual_l2_w_bn_rc0p00025_seed42_L16_trainT0/noise_sweep_matrix_cifar10_vgg16_T16_mode_rate_uniform_schedule_normal_seed_42.csv
cifar10,vgg16,manual_l2_w_bn,manual_l2_weights_plus_bn,manual_l2_w_bn,0.00025,none,0.0,42,16,0,16,rate_uniform,normal,post_input_if,gaussian,1,24.410000,/scratch/gs14/sl9144/snn_ckpts/cifar10-checkpoints/vgg16_L[16]_mneablate_cifar10_manual_l2_w_bn_rc0p00025_seed42_L16_trainT0.pth,/home/595/sl9144/codes/snn_simulation/important_results/cifar10_bn_gamma_beta_l2_scope_sigma0_5_seed42/cifar10/mneablate_cifar10_manual_l2_w_bn_rc0p00025_seed42_L16_trainT0/noise_sweep_matrix_cifar10_vgg16_T16_mode_rate_uniform_schedule_normal_seed_42.csv
cifar10,vgg16,manual_l2_w_bn,manual_l2_weights_plus_bn,manual_l2_w_bn,0.00025,none,0.0,42,16,0,16,rate_uniform,normal,post_input_if,gaussian,1.25,11.770000,/scratch/gs14/sl9144/snn_ckpts/cifar10-checkpoints/vgg16_L[16]_mneablate_cifar10_manual_l2_w_bn_rc0p00025_seed42_L16_trainT0.pth,/home/595/sl9144/codes/snn_simulation/important_results/cifar10_bn_gamma_beta_l2_scope_sigma0_5_seed42/cifar10/mneablate_cifar10_manual_l2_w_bn_rc0p00025_seed42_L16_trainT0/noise_sweep_matrix_cifar10_vgg16_T16_mode_rate_uniform_schedule_normal_seed_42.csv
cifar10,vgg16,manual_l2_w_bn,manual_l2_weights_plus_bn,manual_l2_w_bn,0.00025,none,0.0,42,16,0,16,rate_uniform,normal,post_input_if,gaussian,1.5,10.200000,/scratch/gs14/sl9144/snn_ckpts/cifar10-checkpoints/vgg16_L[16]_mneablate_cifar10_manual_l2_w_bn_rc0p00025_seed42_L16_trainT0.pth,/home/595/sl9144/codes/snn_simulation/important_results/cifar10_bn_gamma_beta_l2_scope_sigma0_5_seed42/cifar10/mneablate_cifar10_manual_l2_w_bn_rc0p00025_seed42_L16_trainT0/noise_sweep_matrix_cifar10_vgg16_T16_mode_rate_uniform_schedule_normal_seed_42.csv
cifar10,vgg16,manual_l2_w_bn,manual_l2_weights_plus_bn,manual_l2_w_bn,0.00025,none,0.0,42,16,0,16,rate_uniform,normal,post_input_if,gaussian,1.75,10.000000,/scratch/gs14/sl9144/snn_ckpts/cifar10-checkpoints/vgg16_L[16]_mneablate_cifar10_manual_l2_w_bn_rc0p00025_seed42_L16_trainT0.pth,/home/595/sl9144/codes/snn_simulation/important_results/cifar10_bn_gamma_beta_l2_scope_sigma0_5_seed42/cifar10/mneablate_cifar10_manual_l2_w_bn_rc0p00025_seed42_L16_trainT0/noise_sweep_matrix_cifar10_vgg16_T16_mode_rate_uniform_schedule_normal_seed_42.csv
cifar10,vgg16,manual_l2_w_bn,manual_l2_weights_plus_bn,manual_l2_w_bn,0.00025,none,0.0,42,16,0,16,rate_uniform,normal,post_input_if,gaussian,2,10.000000,/scratch/gs14/sl9144/snn_ckpts/cifar10-checkpoints/vgg16_L[16]_mneablate_cifar10_manual_l2_w_bn_rc0p00025_seed42_L16_trainT0.pth,/home/595/sl9144/codes/snn_simulation/important_results/cifar10_bn_gamma_beta_l2_scope_sigma0_5_seed42/cifar10/mneablate_cifar10_manual_l2_w_bn_rc0p00025_seed42_L16_trainT0/noise_sweep_matrix_cifar10_vgg16_T16_mode_rate_uniform_schedule_normal_seed_42.csv
cifar10,vgg16,manual_l2_w_bn,manual_l2_weights_plus_bn,manual_l2_w_bn,0.00025,none,0.0,42,16,0,16,rate_uniform,normal,post_input_if,gaussian,2.25,10.000000,/scratch/gs14/sl9144/snn_ckpts/cifar10-checkpoints/vgg16_L[16]_mneablate_cifar10_manual_l2_w_bn_rc0p00025_seed42_L16_trainT0.pth,/home/595/sl9144/codes/snn_simulation/important_results/cifar10_bn_gamma_beta_l2_scope_sigma0_5_seed42/cifar10/mneablate_cifar10_manual_l2_w_bn_rc0p00025_seed42_L16_trainT0/noise_sweep_matrix_cifar10_vgg16_T16_mode_rate_uniform_schedule_normal_seed_42.csv
cifar10,vgg16,manual_l2_w_bn,manual_l2_weights_plus_bn,manual_l2_w_bn,0.00025,none,0.0,42,16,0,16,rate_uniform,normal,post_input_if,gaussian,2.5,10.000000,/scratch/gs14/sl9144/snn_ckpts/cifar10-checkpoints/vgg16_L[16]_mneablate_cifar10_manual_l2_w_bn_rc0p00025_seed42_L16_trainT0.pth,/home/595/sl9144/codes/snn_simulation/important_results/cifar10_bn_gamma_beta_l2_scope_sigma0_5_seed42/cifar10/mneablate_cifar10_manual_l2_w_bn_rc0p00025_seed42_L16_trainT0/noise_sweep_matrix_cifar10_vgg16_T16_mode_rate_uniform_schedule_normal_seed_42.csv
cifar10,vgg16,manual_l2_w_bn,manual_l2_weights_plus_bn,manual_l2_w_bn,0.00025,none,0.0,42,16,0,16,rate_uniform,normal,post_input_if,gaussian,2.75,10.000000,/scratch/gs14/sl9144/snn_ckpts/cifar10-checkpoints/vgg16_L[16]_mneablate_cifar10_manual_l2_w_bn_rc0p00025_seed42_L16_trainT0.pth,/home/595/sl9144/codes/snn_simulation/important_results/cifar10_bn_gamma_beta_l2_scope_sigma0_5_seed42/cifar10/mneablate_cifar10_manual_l2_w_bn_rc0p00025_seed42_L16_trainT0/noise_sweep_matrix_cifar10_vgg16_T16_mode_rate_uniform_schedule_normal_seed_42.csv
cifar10,vgg16,manual_l2_w_bn,manual_l2_weights_plus_bn,manual_l2_w_bn,0.00025,none,0.0,42,16,0,16,rate_uniform,normal,post_input_if,gaussian,3,10.000000,/scratch/gs14/sl9144/snn_ckpts/cifar10-checkpoints/vgg16_L[16]_mneablate_cifar10_manual_l2_w_bn_rc0p00025_seed42_L16_trainT0.pth,/home/595/sl9144/codes/snn_simulation/important_results/cifar10_bn_gamma_beta_l2_scope_sigma0_5_seed42/cifar10/mneablate_cifar10_manual_l2_w_bn_rc0p00025_seed42_L16_trainT0/noise_sweep_matrix_cifar10_vgg16_T16_mode_rate_uniform_schedule_normal_seed_42.csv
cifar10,vgg16,manual_l2_w_bn,manual_l2_weights_plus_bn,manual_l2_w_bn,0.00025,none,0.0,42,16,0,16,rate_uniform,normal,post_input_if,gaussian,3.25,10.000000,/scratch/gs14/sl9144/snn_ckpts/cifar10-checkpoints/vgg16_L[16]_mneablate_cifar10_manual_l2_w_bn_rc0p00025_seed42_L16_trainT0.pth,/home/595/sl9144/codes/snn_simulation/important_results/cifar10_bn_gamma_beta_l2_scope_sigma0_5_seed42/cifar10/mneablate_cifar10_manual_l2_w_bn_rc0p00025_seed42_L16_trainT0/noise_sweep_matrix_cifar10_vgg16_T16_mode_rate_uniform_schedule_normal_seed_42.csv
cifar10,vgg16,manual_l2_w_bn,manual_l2_weights_plus_bn,manual_l2_w_bn,0.00025,none,0.0,42,16,0,16,rate_uniform,normal,post_input_if,gaussian,3.5,10.000000,/scratch/gs14/sl9144/snn_ckpts/cifar10-checkpoints/vgg16_L[16]_mneablate_cifar10_manual_l2_w_bn_rc0p00025_seed42_L16_trainT0.pth,/home/595/sl9144/codes/snn_simulation/important_results/cifar10_bn_gamma_beta_l2_scope_sigma0_5_seed42/cifar10/mneablate_cifar10_manual_l2_w_bn_rc0p00025_seed42_L16_trainT0/noise_sweep_matrix_cifar10_vgg16_T16_mode_rate_uniform_schedule_normal_seed_42.csv
cifar10,vgg16,manual_l2_w_bn,manual_l2_weights_plus_bn,manual_l2_w_bn,0.00025,none,0.0,42,16,0,16,rate_uniform,normal,post_input_if,gaussian,3.75,10.000000,/scratch/gs14/sl9144/snn_ckpts/cifar10-checkpoints/vgg16_L[16]_mneablate_cifar10_manual_l2_w_bn_rc0p00025_seed42_L16_trainT0.pth,/home/595/sl9144/codes/snn_simulation/important_results/cifar10_bn_gamma_beta_l2_scope_sigma0_5_seed42/cifar10/mneablate_cifar10_manual_l2_w_bn_rc0p00025_seed42_L16_trainT0/noise_sweep_matrix_cifar10_vgg16_T16_mode_rate_uniform_schedule_normal_seed_42.csv
cifar10,vgg16,manual_l2_w_bn,manual_l2_weights_plus_bn,manual_l2_w_bn,0.00025,none,0.0,42,16,0,16,rate_uniform,normal,post_input_if,gaussian,4,10.000000,/scratch/gs14/sl9144/snn_ckpts/cifar10-checkpoints/vgg16_L[16]_mneablate_cifar10_manual_l2_w_bn_rc0p00025_seed42_L16_trainT0.pth,/home/595/sl9144/codes/snn_simulation/important_results/cifar10_bn_gamma_beta_l2_scope_sigma0_5_seed42/cifar10/mneablate_cifar10_manual_l2_w_bn_rc0p00025_seed42_L16_trainT0/noise_sweep_matrix_cifar10_vgg16_T16_mode_rate_uniform_schedule_normal_seed_42.csv
cifar10,vgg16,manual_l2_w_bn,manual_l2_weights_plus_bn,manual_l2_w_bn,0.00025,none,0.0,42,16,0,16,rate_uniform,normal,post_input_if,gaussian,4.25,10.000000,/scratch/gs14/sl9144/snn_ckpts/cifar10-checkpoints/vgg16_L[16]_mneablate_cifar10_manual_l2_w_bn_rc0p00025_seed42_L16_trainT0.pth,/home/595/sl9144/codes/snn_simulation/important_results/cifar10_bn_gamma_beta_l2_scope_sigma0_5_seed42/cifar10/mneablate_cifar10_manual_l2_w_bn_rc0p00025_seed42_L16_trainT0/noise_sweep_matrix_cifar10_vgg16_T16_mode_rate_uniform_schedule_normal_seed_42.csv
cifar10,vgg16,manual_l2_w_bn,manual_l2_weights_plus_bn,manual_l2_w_bn,0.00025,none,0.0,42,16,0,16,rate_uniform,normal,post_input_if,gaussian,4.5,10.000000,/scratch/gs14/sl9144/snn_ckpts/cifar10-checkpoints/vgg16_L[16]_mneablate_cifar10_manual_l2_w_bn_rc0p00025_seed42_L16_trainT0.pth,/home/595/sl9144/codes/snn_simulation/important_results/cifar10_bn_gamma_beta_l2_scope_sigma0_5_seed42/cifar10/mneablate_cifar10_manual_l2_w_bn_rc0p00025_seed42_L16_trainT0/noise_sweep_matrix_cifar10_vgg16_T16_mode_rate_uniform_schedule_normal_seed_42.csv
cifar10,vgg16,manual_l2_w_bn,manual_l2_weights_plus_bn,manual_l2_w_bn,0.00025,none,0.0,42,16,0,16,rate_uniform,normal,post_input_if,gaussian,4.75,10.000000,/scratch/gs14/sl9144/snn_ckpts/cifar10-checkpoints/vgg16_L[16]_mneablate_cifar10_manual_l2_w_bn_rc0p00025_seed42_L16_trainT0.pth,/home/595/sl9144/codes/snn_simulation/important_results/cifar10_bn_gamma_beta_l2_scope_sigma0_5_seed42/cifar10/mneablate_cifar10_manual_l2_w_bn_rc0p00025_seed42_L16_trainT0/noise_sweep_matrix_cifar10_vgg16_T16_mode_rate_uniform_schedule_normal_seed_42.csv
cifar10,vgg16,manual_l2_w_bn,manual_l2_weights_plus_bn,manual_l2_w_bn,0.00025,none,0.0,42,16,0,16,rate_uniform,normal,post_input_if,gaussian,5,10.000000,/scratch/gs14/sl9144/snn_ckpts/cifar10-checkpoints/vgg16_L[16]_mneablate_cifar10_manual_l2_w_bn_rc0p00025_seed42_L16_trainT0.pth,/home/595/sl9144/codes/snn_simulation/important_results/cifar10_bn_gamma_beta_l2_scope_sigma0_5_seed42/cifar10/mneablate_cifar10_manual_l2_w_bn_rc0p00025_seed42_L16_trainT0/noise_sweep_matrix_cifar10_vgg16_T16_mode_rate_uniform_schedule_normal_seed_42.csv
