epoch,alpha,q_assignment,q_mean,q_std,q_min,q_max,q_os_mean,q_os_std,p_gt_tau,p_at_qmax,q_cap,reg_grad_norm,reg_coeff_grad_norm,ann_train_acc,ann_test_acc,train_loss
0.0,0.0,risk,1.0,0.0,1.0,1.0,1.0,0.0,0.4259717007122381,0.0,0.0,38.13966145249666,0.01906983072624833,4.836,8.05,1852.952603340149
1.0,0.0,risk,1.0,0.0,1.0,1.0,1.0,0.0,0.46374704595417016,0.0,0.0,35.44817687970495,0.017724088439852476,8.7,12.13,1694.6005129814148
2.0,0.0,risk,1.0,0.0,1.0,1.0,1.0,0.0,0.5390992248454667,0.0,0.0,35.20869238555633,0.01760434619277817,12.388,17.26,1592.8612897396088
3.0,0.0,risk,1.0,0.0,1.0,1.0,1.0,0.0,0.5721204243505092,0.0,0.0,36.76173340725487,0.018380866703627437,16.548,25.07,1493.6356220245361
4.0,0.0,risk,1.0,0.0,1.0,1.0,1.0,0.0,0.5870402956862584,0.0,0.0,38.992925882656984,0.019496462941328493,20.886,29.36,1408.0840849876404
5.0,0.0,risk,1.0,0.0,1.0,1.0,1.0,0.0,0.6135168128916065,0.0,0.0,41.33003719066956,0.02066501859533478,25.09,33.59,1342.02028298378
6.0,0.0,risk,1.0,0.0,1.0,1.0,1.0,0.0,0.6137514254626106,0.0,0.0,43.47693978666036,0.02173846989333018,28.46,38.49,1291.394045829773
7.0,0.0,risk,1.0,0.0,1.0,1.0,1.0,0.0,0.6284134770598253,0.0,0.0,45.49248509651179,0.022746242548255895,30.894,41.3,1254.6824073791504
8.0,0.0,risk,1.0,0.0,1.0,1.0,1.0,0.0,0.6662197635911614,0.0,0.0,47.21738620204869,0.023608693101024345,33.934,41.05,1224.0937609672546
9.0,0.0,risk,1.0,0.0,1.0,1.0,1.0,0.0,0.6400397377245871,0.0,0.0,48.77099673659197,0.024385498368295986,35.808,43.8,1197.7872500419617
10.0,0.0,risk,1.0,0.0,1.0,1.0,1.0,0.0,0.6727025734494104,0.0,0.0,50.10592086586824,0.02505296043293412,37.856,42.3,1177.9226961135864
11.0,0.0,risk,1.0,0.0,1.0,1.0,1.0,0.0,0.7116651685951311,0.0,0.0,51.344695534709345,0.025672347767354674,39.36,46.45,1161.416781425476
12.0,0.0,risk,1.0,0.0,1.0,1.0,1.0,0.0,0.7428017281510336,0.0,0.0,52.38010390729819,0.026190051953649096,40.93,50.29,1149.5922603607178
13.0,0.0,risk,1.0,0.0,1.0,1.0,1.0,0.0,0.7731777251224079,0.0,0.0,53.46071508646468,0.02673035754323234,41.94,44.39,1139.831456899643
14.0,0.0,risk,1.0,0.0,1.0,1.0,1.0,0.0,0.8003181206905629,0.0,0.0,54.40550793224413,0.027202753966122064,42.57,52.82,1137.2595274448395
15.0,0.0,risk,1.0,0.0,1.0,1.0,1.0,0.0,0.8184619930089282,0.0,0.0,55.28268818901013,0.027641344094505065,43.412,51.07,1130.742404460907
16.0,0.0,risk,1.0,0.0,1.0,1.0,1.0,0.0,0.828635452653441,0.0,0.0,56.0185089858613,0.028009254492930652,44.912,52.63,1121.2139599323273
17.0,0.0,risk,1.0,0.0,1.0,1.0,1.0,0.0,0.8471196437125925,0.0,0.0,56.76444702438214,0.028382223512191072,44.992,53.9,1124.4971985816956
18.0,0.0,risk,1.0,0.0,1.0,1.0,1.0,0.0,0.8665732270311517,0.0,0.0,57.387888672047794,0.0286939443360239,45.854,53.58,1119.21772646904
19.0,0.0,risk,1.0,0.0,1.0,1.0,1.0,0.0,0.8775356050647433,0.0,0.0,58.231901083009944,0.029115950541504974,45.958,52.58,1122.6926510334015
20.0,0.0,risk,1.0,0.0,1.0,1.0,1.0,0.0,0.8838443841470782,0.0,0.0,58.734517788643686,0.029367258894321843,46.74,55.32,1120.2185821533203
21.0,0.0,risk,1.0,0.0,1.0,1.0,1.0,0.0,0.8928099741106448,0.0,0.0,59.42277455156814,0.02971138727578407,46.952,52.94,1119.0551857948303
22.0,0.0,risk,1.0,0.0,1.0,1.0,1.0,0.0,0.9098014031224848,0.0,0.0,59.827845662686066,0.029913922831343035,47.386,50.9,1120.471347808838
23.0,0.0,risk,1.0,0.0,1.0,1.0,1.0,0.0,0.9457385251894022,0.0,0.0,60.322117804527885,0.03016105890226394,47.992,55.21,1121.564383983612
24.0,0.0,risk,1.0,0.0,1.0,1.0,1.0,0.0,0.9579964411228209,0.0,0.0,60.8402021771645,0.03042010108858225,48.404,57.12,1116.0271668434143
25.0,0.0,risk,1.0,0.0,1.0,1.0,1.0,0.0,0.9929873751252508,0.0,0.0,61.2518787952241,0.030625939397612052,48.372,54.44,1122.146279335022
26.0,0.0,risk,1.0,0.0,1.0,1.0,1.0,0.0,0.9819656950433541,0.0,0.0,61.59374411634691,0.030796872058173455,48.856,55.99,1118.5917356014252
27.0,0.0,risk,1.0,0.0,1.0,1.0,1.0,0.0,1.0,0.0,0.0,61.980491153017944,0.030990245576508972,49.054,58.17,1115.7071633338928
28.0,0.0,risk,1.0,0.0,1.0,1.0,1.0,0.0,0.9961971983580333,0.0,0.0,62.513537474323996,0.031256768737162,49.678,57.34,1122.628731250763
29.0,0.0,risk,1.0,0.0,1.0,1.0,1.0,0.0,1.0,0.0,0.0,62.96649586923812,0.03148324793461906,49.49,55.55,1127.2861211299896
30.0,0.08,risk,1.0400000505740075,0.10862272366157273,1.000030279159546,1.603272795677185,1.0400000505740075,0.10862272366157273,1.0,0.0,0.0,65.36002640806527,0.03268001320403263,49.792,57.31,1138.2896490097046
31.0,0.16,risk,1.0800000670011087,0.22146070933402956,1.000241994857788,2.209296941757202,1.0800000670011087,0.22146070933402956,1.0,0.0,0.0,67.75697634205335,0.03387848817102668,49.606,55.66,1147.541012763977
32.0,0.24,risk,1.1200000163539292,0.34030754982358047,1.0005985498428345,2.815605640411377,1.1200000163539292,0.34030754982358047,1.0,0.0,0.0,70.11070404935428,0.03505535202467714,49.646,55.67,1156.449692249298
33.0,0.32,risk,1.159999983389969,0.46088435963901414,1.0008416175842285,3.425579071044922,1.159999983389969,0.46088435963901414,1.0,0.0,0.0,72.62432966070662,0.036312164830353315,49.098,54.65,1174.5229604244232
34.0,0.4,risk,1.2000000440251186,0.5821310789383891,1.0008693933486938,4.042696952819824,1.2000000440251186,0.5821310789383891,1.0,0.0,0.0,75.15856310800169,0.037579281554000844,48.856,55.55,1186.6856088638306
35.0,0.48,risk,1.240000080574504,0.703840202840088,1.0011167526245117,4.645835876464844,1.240000080574504,0.703840202840088,1.0,0.0,0.0,77.5566739238829,0.03877833696194145,48.894,55.89,1193.5160021781921
36.0,0.56,risk,1.2799999799264972,0.8554306286375236,1.0022560358047485,5.2713704109191895,1.2799999799264972,0.8554306286375236,1.0,0.0,0.0,79.6346627305549,0.039817331365277445,49.448,58.62,1195.855812549591
37.0,0.64,risk,1.3199999798899111,0.9811654714367274,1.0023022890090942,5.905362606048584,1.3199999798899111,0.9811654714367274,1.0,0.0,0.0,82.16677676406923,0.04108338838203461,48.936,54.44,1207.7133893966675
38.0,0.72,risk,1.360000040829944,1.125868780838559,1.0040303468704224,6.639697074890137,1.360000040829944,1.125868780838559,1.0,0.0,0.0,84.50353244869336,0.04225176622434668,48.972,53.53,1214.0195355415344
39.0,0.8,risk,1.400000067013304,1.3076486718624145,1.0164066553115845,7.689673900604248,1.400000067013304,1.3076486718624145,1.0,0.0,0.0,87.42377905796221,0.043711889528981106,48.528,57.26,1221.5607583522797
40.0,0.88,risk,1.4399999782557378,1.4495880381225625,1.0344517230987549,8.34395694732666,1.4399999782557378,1.4495880381225625,1.0,0.0,0.0,90.51580626148399,0.045257903130741996,48.546,55.98,1227.426457643509
41.0,0.96,risk,1.479999998341436,1.5823617371756706,1.0304465293884277,8.969000816345215,1.479999998341436,1.5823617371756706,1.0,0.0,0.0,91.14800291316642,0.04557400145658321,48.296,58.08,1236.2388348579407
42.0,1.04,risk,1.5200000159880693,1.717441973783781,1.0306329727172852,9.400039672851562,1.5200000159880693,1.717441973783781,1.0,0.0,0.0,92.40155423991605,0.04620077711995803,48.484,54.16,1236.6576931476593
43.0,1.12,risk,1.560000047049559,1.8474687868371948,1.0388847589492798,10.322168350219727,1.560000047049559,1.8474687868371948,1.0,0.0,0.0,94.58816906054798,0.04729408453027399,48.334,55.64,1241.8339745998383
44.0,1.2,risk,1.6000000061586386,2.021721673743499,1.0574263334274292,12.198003768920898,1.6000000061586386,2.021721673743499,1.0,0.0,0.0,94.06125968039315,0.047030629840196576,48.636,56.42,1237.7505722045898
45.0,1.28,risk,1.6399999981950921,2.1689295732151823,1.1110079288482666,12.78342342376709,1.6399999981950921,2.1689295732151823,1.0,0.0,0.0,97.86440376615808,0.04893220188307904,48.288,58.87,1243.4275600910187
46.0,1.36,risk,1.6800000435860871,2.278651549688081,1.101940631866455,13.519652366638184,1.6800000435860871,2.278651549688081,1.0,0.0,0.0,95.3889024033781,0.047694451201689046,48.532,57.05,1244.8699214458466
47.0,1.44,risk,1.7199999950730893,2.3861194827672465,1.1063002347946167,13.943085670471191,1.7199999950730893,2.3861194827672465,1.0,0.0,0.0,98.83628918847002,0.04941814459423501,48.426,57.03,1241.3012747764587
48.0,1.52,risk,1.7599999788776992,2.646775171884795,1.1223055124282837,16.200103759765625,1.7599999788776992,2.646775171884795,1.0,0.0,0.0,94.89807411225395,0.04744903705612698,48.262,53.59,1240.7627348899841
49.0,1.6,risk,1.8000000550618867,2.883619772503748,1.1925280094146729,16.808887481689453,1.8000000550618867,2.883619772503748,1.0,0.0,0.0,97.56693599373992,0.04878346799686996,48.628,53.85,1236.6151721477509
50.0,1.68,risk,1.8399999983170454,3.110105738310558,1.1943867206573486,25.89028549194336,1.8399999983170454,3.110105738310558,1.0,0.0,0.0,86.93508554557198,0.04346754277278599,48.834,51.1,1237.5640757083893
51.0,1.76,risk,1.8799999894388497,3.1751689849912053,1.8032845258712769,27.332611083984375,1.8799999894388497,3.1751689849912053,1.0,0.0,0.0,87.3628253449847,0.04368141267249235,48.82,54.25,1237.3363342285156
52.0,1.84,risk,1.9199999964145749,3.357009057193766,1.8469820022583008,28.583986282348633,1.9199999964145749,3.357009057193766,1.0,0.0,0.0,86.55937514190636,0.04327968757095318,49.326,57.05,1226.1349353790283
53.0,1.92,risk,1.9599999796094187,3.5421643494949926,1.876046895980835,29.71356201171875,1.9599999796094187,3.5421643494949926,1.0,0.0,0.0,87.61299336191499,0.04380649668095749,49.406,56.53,1222.0128061771393
54.0,2.0,risk,1.9999999731702878,3.627841118351578,1.923936128616333,31.461339950561523,1.9999999731702878,3.627841118351578,1.0,0.0,0.0,84.41283150710485,0.042206415753552426,49.506,58.62,1218.041360616684
55.0,2.08,risk,2.0399999947804015,2.7625300719609958,2.0047972202301025,32.95256805419922,2.0399999947804015,2.7625300719609958,1.0,0.0,0.0,84.84077390505747,0.04242038695252874,49.742,56.83,1213.8660259246826
56.0,2.16,risk,2.0800000560253173,2.7668070726077576,2.055053472518921,34.19154357910156,2.0800000560253173,2.7668070726077576,1.0,0.0,0.0,85.28175559056513,0.04264087779528256,50.04,56.72,1211.8515956401825
57.0,2.24,risk,2.119999934340377,2.895537971535607,2.092484474182129,35.3652229309082,2.119999934340377,2.895537971535607,1.0,0.0,0.0,86.18974486063075,0.04309487243031538,49.634,56.78,1215.984512090683
58.0,2.32,risk,2.160000015707577,3.1401112646702916,2.133533477783203,36.573429107666016,2.160000015707577,3.1401112646702916,1.0,0.0,0.0,86.72810283090593,0.043364051415452964,49.838,57.44,1212.1588554382324
59.0,2.4,risk,2.200000050732547,3.3502070348890847,2.1706900596618652,37.761051177978516,2.200000050732547,3.3502070348890847,1.0,0.0,0.0,87.59551640885554,0.04379775820442777,49.566,56.83,1221.6013751029968
60.0,2.48,risk,2.240000041854351,3.4005484068790057,2.2097604274749756,38.970970153808594,2.240000041854351,3.4005484068790057,1.0,0.0,0.0,88.16948768511013,0.04408474384255506,49.686,57.07,1220.8496551513672
61.0,2.56,risk,2.2799999951706518,3.506284086905477,2.2484261989593506,40.1955451965332,2.2799999951706518,3.506284086905477,1.0,0.0,0.0,88.8520199109775,0.04442600995548875,50.064,57.62,1216.1911039352417
62.0,2.64,risk,2.320000008853805,3.6507407350613335,2.2881741523742676,41.419498443603516,2.320000008853805,3.6507407350613335,1.0,0.0,0.0,89.41146926019118,0.04470573463009559,50.328,57.32,1214.9436271190643
63.0,2.72,risk,2.36000002070766,3.8944150230768697,2.326925277709961,42.642852783203125,2.36000002070766,3.8944150230768697,1.0,0.0,0.0,90.03224134445587,0.04501612067222793,50.07,55.31,1216.8797001838684
64.0,2.8,risk,2.399999971584896,4.134907840767784,2.3660311698913574,43.86190414428711,2.399999971584896,4.134907840767784,1.0,0.0,0.0,90.81369927199236,0.045406849635996185,50.154,54.81,1217.9249830245972
65.0,2.88,risk,2.439999992585243,4.186566656507799,2.405247688293457,45.08836364746094,2.439999992585243,4.186566656507799,1.0,0.0,0.0,91.45672972597703,0.045728364862988514,49.942,56.14,1217.94962143898
66.0,2.96,risk,2.4800000946844936,4.336155657268241,2.444042205810547,46.3116569519043,2.4800000946844936,4.336155657268241,1.0,0.0,0.0,92.32550597724921,0.04616275298862461,50.096,58.91,1220.8297712802887
67.0,3.04,risk,2.519999946169841,4.4234594749977525,2.4832568168640137,47.5377197265625,2.519999946169841,4.4234594749977525,1.0,0.0,0.0,92.84824576418015,0.04642412288209007,49.782,58.76,1229.6694431304932
68.0,3.12,risk,2.559999841558354,4.551144285275198,2.522036552429199,48.76219940185547,2.559999841558354,4.551144285275198,1.0,0.0,0.0,93.45262624725184,0.04672631312362592,50.364,54.1,1220.5366170406342
69.0,3.2,risk,2.6000000942698525,4.635298716747547,2.561373233795166,49.98709487915039,2.6000000942698525,4.635298716747547,1.0,0.0,0.0,94.48011037627903,0.047240055188139514,49.802,57.27,1227.92906665802
70.0,3.28,risk,2.639999968926315,4.7936468465858715,2.6002097129821777,51.21080017089844,2.639999968926315,4.7936468465858715,1.0,0.0,0.0,94.5047561821099,0.04725237809105495,50.082,60.19,1226.4354448318481
71.0,3.36,risk,2.679999950901627,5.017817131393706,2.639112949371338,52.432010650634766,2.679999950901627,5.017817131393706,1.0,0.0,0.0,95.204668687094,0.047602334343547,49.866,52.26,1224.5955111980438
72.0,3.44,risk,2.720000066415733,5.1615753198218775,2.677999258041382,53.65713882446289,2.720000066415733,5.1615753198218775,1.0,0.0,0.0,95.80545493823853,0.04790272746911926,49.852,57.17,1228.5786664485931
73.0,3.52,risk,2.7599999118034186,5.2563664943665795,2.717200517654419,54.88176727294922,2.7599999118034186,5.2563664943665795,1.0,0.0,0.0,96.28326382213282,0.048141631911066414,50.222,57.19,1222.091195344925
74.0,3.6,risk,2.7999999858534244,5.43096512357902,2.756211757659912,56.10474395751953,2.7999999858534244,5.43096512357902,1.0,0.0,0.0,97.1311012030794,0.0485655506015397,50.31,55.86,1225.659199476242
75.0,3.68,risk,2.840000020268628,5.596108129262315,2.7949953079223633,57.32618713378906,2.840000020268628,5.596108129262315,1.0,0.0,0.0,97.59405122747725,0.04879702561373863,50.102,59.75,1227.604388475418
76.0,3.76,risk,2.8799999174864395,5.725857523701075,2.834028720855713,58.54996871948242,2.8799999174864395,5.725857523701075,1.0,0.0,0.0,98.24092483346128,0.04912046241673064,50.336,56.02,1229.3216676712036
77.0,3.84,risk,2.919999973853226,5.876437526224824,2.8729796409606934,59.77420425415039,2.919999973853226,5.876437526224824,1.0,0.0,0.0,99.0071849527686,0.0495035924763843,50.31,57.01,1227.0129566192627
78.0,3.92,risk,2.959999986926613,6.047326101366516,2.911710739135742,60.99613571166992,2.959999986926613,6.047326101366516,1.0,0.0,0.0,99.8627659605875,0.049931382980293745,50.43,57.44,1228.4975657463074
79.0,4.0,risk,2.999999932315953,6.177547906060963,2.950444459915161,62.22340774536133,2.999999932315953,6.177547906060963,1.0,0.0,0.0,100.09169248621305,0.050045846243106526,50.15,58.31,1230.6843929290771
80.0,4.0,risk,2.9999999457308095,6.085298580891641,2.951127529144287,62.22388458251953,2.9999999457308095,6.085298580891641,1.0,0.0,0.0,99.85596929289741,0.04992798464644871,50.274,57.14,1222.3107850551605
81.0,4.0,risk,2.9999999628042624,6.1198260875614094,2.95103120803833,62.22283935546875,2.9999999628042624,6.1198260875614094,1.0,0.0,0.0,99.60072519122622,0.04980036259561311,50.53,56.45,1224.3679180145264
82.0,4.0,risk,2.999999920730396,6.170190062364349,2.9508743286132812,62.221126556396484,2.999999920730396,6.170190062364349,1.0,0.0,0.0,99.83308986534358,0.049916544932671794,50.31,56.76,1224.6415610313416
83.0,4.0,risk,2.9999999243889928,6.2716638511404055,2.950739860534668,62.21795654296875,2.9999999243889928,6.2716638511404055,1.0,0.0,0.0,99.39382564318957,0.04969691282159479,50.556,58.46,1219.9266111850739
84.0,4.0,risk,2.9999999371940826,6.371236203576598,2.9504125118255615,62.21302032470703,2.9999999371940826,6.371236203576598,1.0,0.0,0.0,99.72124822123797,0.049860624110618985,50.284,56.26,1220.8194518089294
85.0,4.0,risk,2.999999938413615,6.367188904901295,2.950446367263794,62.21314239501953,2.999999938413615,6.367188904901295,1.0,0.0,0.0,99.4305453550838,0.049715272677541895,50.44,56.09,1217.646671295166
86.0,4.0,risk,2.999999914632734,6.36229382268608,2.950441360473633,62.21314239501953,2.999999914632734,6.36229382268608,1.0,0.0,0.0,99.3674773817785,0.049683738690889254,50.69,56.97,1212.8075602054596
87.0,4.0,risk,2.999999924998759,6.426126956939697,2.9503045082092285,62.21257400512695,2.999999924998759,6.426126956939697,1.0,0.0,0.0,99.09775254350416,0.04954887627175208,50.892,58.47,1209.5668692588806
88.0,4.0,risk,2.999999921340162,6.366496664178951,2.950497627258301,62.213565826416016,2.999999921340162,6.366496664178951,1.0,0.0,0.0,99.22559596675899,0.049612797983379496,50.872,59.34,1207.4368495941162
89.0,4.0,risk,2.999999912193669,6.346395680361696,2.950690984725952,62.213401794433594,2.999999912193669,6.346395680361696,1.0,0.0,0.0,99.36728765922157,0.04968364382961079,51.336,60.33,1205.257196187973
90.0,4.0,risk,2.9999999231694603,6.385899234000984,2.950482130050659,62.21337127685547,2.9999999231694603,6.385899234000984,1.0,0.0,0.0,99.42089983317851,0.04971044991658925,50.922,56.31,1210.8896267414093
91.0,4.0,risk,2.99999993597455,6.469493433032804,2.950376272201538,62.21049880981445,2.99999993597455,6.469493433032804,1.0,0.0,0.0,99.0122519146258,0.04950612595731291,51.5,58.51,1203.6390404701233
92.0,4.0,risk,2.9999999335354857,6.485354689381007,2.9501891136169434,62.207454681396484,2.9999999335354857,6.485354689381007,1.0,0.0,0.0,98.78892215524209,0.04939446107762105,51.078,61.15,1204.018990278244
93.0,4.0,risk,2.999999941462446,6.482194688314062,2.9502923488616943,62.20787811279297,2.999999941462446,6.482194688314062,1.0,0.0,0.0,99.24503665687968,0.04962251832843984,51.388,58.85,1198.1040272712708
94.0,4.0,risk,2.9999999432917446,6.48182559440203,2.9502947330474854,62.20781326293945,2.9999999432917446,6.48182559440203,1.0,0.0,0.0,98.67659047412855,0.049338295237064275,51.514,60.22,1197.8144664764404
95.0,4.0,risk,2.9999999219499283,6.48142914028119,2.9502999782562256,62.20769119262695,2.9999999219499283,6.48142914028119,1.0,0.0,0.0,98.9784499131538,0.0494892249565769,51.656,59.73,1193.582645893097
96.0,4.0,risk,2.999999950608939,6.482485783374523,2.950294256210327,62.207672119140625,2.999999950608939,6.482485783374523,1.0,0.0,0.0,98.9833182142248,0.049491659107112396,51.456,61.29,1198.955076932907
97.0,4.0,risk,2.9999999237792268,6.547502142084224,2.949948310852051,62.2075080871582,2.9999999237792268,6.547502142084224,1.0,0.0,0.0,98.83604956416929,0.049418024782084645,51.682,60.79,1193.0327336788177
98.0,4.0,risk,2.9999999310964207,6.624313974014633,2.9498136043548584,62.20252227783203,2.9999999310964207,6.624313974014633,1.0,0.0,0.0,99.08441485773731,0.04954220742886866,51.712,58.53,1190.2120406627655
99.0,4.0,risk,2.9999999310964207,6.609792645934903,2.950090169906616,62.20277404785156,2.9999999310964207,6.609792645934903,1.0,0.0,0.0,99.01937528264843,0.04950968764132421,51.986,59.45,1189.764883518219
100.0,4.0,risk,2.9999999304866547,6.631037742585478,2.9496591091156006,62.20183563232422,2.9999999304866547,6.631037742585478,1.0,0.0,0.0,98.71187460137152,0.049355937300685764,51.978,57.64,1185.4078273773193
101.0,4.0,risk,2.9999999310964207,6.699062669368656,2.949418783187866,62.201026916503906,2.9999999310964207,6.699062669368656,1.0,0.0,0.0,98.41979088751553,0.04920989544375777,51.922,60.09,1183.8704586029053
102.0,4.0,risk,2.9999999243889928,6.7411729063829195,2.949683427810669,62.197349548339844,2.9999999243889928,6.7411729063829195,1.0,0.0,0.0,98.55051749377583,0.049275258746887915,52.176,59.08,1181.941541671753
103.0,4.0,risk,2.9999999292671222,6.780393526072392,2.94941782951355,62.19692611694336,2.9999999292671222,6.780393526072392,1.0,0.0,0.0,98.73441948929678,0.049367209744648394,52.386,58.59,1180.212010383606
104.0,4.0,risk,2.9999999152425,6.749621643739588,2.949455499649048,62.19691848754883,2.9999999152425,6.749621643739588,1.0,0.0,0.0,98.60987585258194,0.04930493792629097,52.394,59.14,1178.4968581199646
105.0,4.0,risk,2.9999999365843166,6.804114208806811,2.9494035243988037,62.19586944580078,2.9999999365843166,6.804114208806811,1.0,0.0,0.0,98.5496477009492,0.049274823850474596,52.408,60.9,1179.9926121234894
106.0,4.0,risk,2.999999937803849,6.781581114015311,2.9493699073791504,62.195796966552734,2.999999937803849,6.781581114015311,1.0,0.0,0.0,98.73426233747924,0.04936713116873962,52.428,57.31,1176.6269760131836
107.0,4.0,risk,2.9999999335354857,6.788401657358155,2.949270009994507,62.196144104003906,2.9999999335354857,6.788401657358155,1.0,0.0,0.0,98.93017608852095,0.049465088044260475,52.376,59.52,1174.5116920471191
108.0,4.0,risk,2.9999999256085252,6.783051059069231,2.949342966079712,62.196353912353516,2.9999999256085252,6.783051059069231,1.0,0.0,0.0,98.33224097038475,0.04916612048519237,52.596,59.15,1173.8335461616516
109.0,4.0,risk,2.9999999158522663,6.870839166519282,2.949214220046997,62.19182586669922,2.9999999158522663,6.870839166519282,1.0,0.0,0.0,98.57566224083033,0.04928783112041516,52.952,60.1,1169.0967302322388
110.0,4.0,risk,2.9999999158522663,6.888605177554938,2.949134349822998,62.192142486572266,2.9999999158522663,6.888605177554938,1.0,0.0,0.0,98.31077128913618,0.049155385644568096,52.804,62.13,1165.5614297389984
111.0,4.0,risk,2.999999920730396,6.8641095551688345,2.9494128227233887,62.192142486572266,2.999999920730396,6.8641095551688345,1.0,0.0,0.0,98.45701218756015,0.04922850609378008,52.82,60.02,1163.7733438014984
112.0,4.0,risk,2.9999999268280577,6.864542813557188,2.949443817138672,62.1918830871582,2.9999999268280577,6.864542813557188,1.0,0.0,0.0,98.37544663363013,0.04918772331681507,53.25,60.96,1162.0150847434998
113.0,4.0,risk,2.9999999396331476,6.865913225256878,2.9493393898010254,62.1917724609375,2.9999999396331476,6.865913225256878,1.0,0.0,0.0,98.1793198993352,0.0490896599496676,53.458,59.79,1161.0679547786713
114.0,4.0,risk,2.999999920730396,6.864711896842703,2.9494030475616455,62.19218826293945,2.999999920730396,6.864711896842703,1.0,0.0,0.0,98.27288528531054,0.04913644264265527,53.414,60.28,1158.094732761383
115.0,4.0,risk,2.999999938413615,6.865784591421142,2.9493913650512695,62.192134857177734,2.999999938413615,6.865784591421142,1.0,0.0,0.0,98.05479855075602,0.04902739927537801,53.326,61.59,1156.578040599823
116.0,4.0,risk,2.999999951218705,6.866443638911333,2.949308156967163,62.192115783691406,2.999999951218705,6.866443638911333,1.0,0.0,0.0,98.19095823534265,0.04909547911767133,54.112,60.49,1148.3050699234009
117.0,4.0,risk,2.999999937803849,6.865201309818746,2.9493517875671387,62.19207763671875,2.999999937803849,6.865201309818746,1.0,0.0,0.0,98.11075615977671,0.049055378079888357,53.652,59.02,1154.106698513031
118.0,4.0,risk,2.9999999231694603,6.865613794692642,2.94936203956604,62.19186782836914,2.9999999231694603,6.865613794692642,1.0,0.0,0.0,98.08312779104972,0.04904156389552486,53.514,61.76,1152.6082231998444
119.0,4.0,risk,2.9999999225596943,6.880026763662353,2.949084520339966,62.19137954711914,2.9999999225596943,6.880026763662353,1.0,0.0,0.0,97.90954426502462,0.048954772132512314,53.772,62.68,1152.633306503296
120.0,4.0,risk,2.99999993597455,6.871834097615898,2.9493556022644043,62.191192626953125,2.99999993597455,6.871834097615898,1.0,0.0,0.0,97.86487833939218,0.04893243916969609,54.038,60.43,1147.9672911167145
121.0,4.0,risk,2.9999999195108633,6.867248330274811,2.9493658542633057,62.192142486572266,2.9999999195108633,6.867248330274811,1.0,0.0,0.0,97.8559834798446,0.0489279917399223,53.992,62.11,1140.6819808483124
122.0,4.0,risk,2.999999820118975,6.86389524918383,2.9494881629943848,62.192142486572266,2.999999820118975,6.86389524918383,1.0,0.0,0.0,97.62802127163364,0.04881401063581682,54.158,58.39,1139.08580327034
123.0,4.0,risk,2.9999998841444246,6.86401466823295,2.949420690536499,62.192142486572266,2.9999998841444246,6.86401466823295,1.0,0.0,0.0,97.52275582835993,0.04876137791417997,54.16,61.41,1136.7135837078094
124.0,4.0,risk,2.9999999195108633,6.863911999460986,2.9494690895080566,62.192142486572266,2.9999999195108633,6.863911999460986,1.0,0.0,0.0,97.53911060458866,0.04876955530229433,54.624,62.32,1130.7036621570587
125.0,4.0,risk,2.999999882924892,6.863864649897036,2.94948673248291,62.192142486572266,2.999999882924892,6.863864649897036,1.0,0.0,0.0,97.42264328617718,0.04871132164308859,54.736,61.34,1128.9577343463898
126.0,4.0,risk,2.999999928657356,6.864830764663189,2.9493606090545654,62.19207000732422,2.999999928657356,6.864830764663189,1.0,0.0,0.0,97.41341047063419,0.048706705235317095,54.482,61.0,1129.485426902771
127.0,4.0,risk,2.999999937803849,6.866865528818896,2.9493560791015625,62.19182586669922,2.999999937803849,6.866865528818896,1.0,0.0,0.0,97.66985825107412,0.04883492912553706,54.654,59.41,1129.858705997467
128.0,4.0,risk,2.999999886583489,6.865201207378027,2.9493932723999023,62.192142486572266,2.999999886583489,6.865201207378027,1.0,0.0,0.0,97.5271176700628,0.0487635588350314,54.862,62.06,1125.7702429294586
129.0,4.0,risk,2.99999993597455,6.865750253048089,2.949368715286255,62.192054748535156,2.99999993597455,6.865750253048089,1.0,0.0,0.0,97.70972998514914,0.04885486499257457,54.988,61.7,1122.7212557792664
130.0,4.0,risk,2.999999948169874,6.865136252644727,2.949289083480835,62.192054748535156,2.999999948169874,6.865136252644727,1.0,0.0,0.0,97.47491599952775,0.048737457999763874,54.902,59.65,1125.4807217121124
131.0,4.0,risk,2.999999941462446,6.866072054714193,2.949361562728882,62.19182586669922,2.999999941462446,6.866072054714193,1.0,0.0,0.0,97.4279667740059,0.048713983387002946,54.93,62.32,1120.3283648490906
132.0,4.0,risk,2.9999999371940826,6.865804761267074,2.9493606090545654,62.19187545776367,2.9999999371940826,6.865804761267074,1.0,0.0,0.0,96.98612503235452,0.048493062516177264,55.326,60.25,1111.7132427692413
133.0,4.0,risk,2.9999999280475897,6.868340548347025,2.949327230453491,62.19145965576172,2.9999999280475897,6.868340548347025,1.0,0.0,0.0,97.21647866519368,0.048608239332596836,55.138,62.29,1113.43039727211
134.0,4.0,risk,2.9999999530480035,6.875658262111342,2.94916033744812,62.191688537597656,2.9999999530480035,6.875658262111342,1.0,0.0,0.0,97.0137162490021,0.04850685812450105,55.672,63.75,1109.3933539390564
135.0,4.0,risk,2.999999928657356,6.863861355940094,2.9494686126708984,62.192142486572266,2.999999928657356,6.863861355940094,1.0,0.0,0.0,97.22528130747364,0.04861264065373682,55.674,63.22,1108.795740365982
136.0,4.0,risk,2.9999999219499283,6.86412941281448,2.9494426250457764,62.19196701049805,2.9999999219499283,6.86412941281448,1.0,0.0,0.0,97.07128783935303,0.04853564391967652,55.976,63.96,1103.3314754962921
137.0,4.0,risk,2.999999939023381,6.863986492156982,2.9494593143463135,62.19209289550781,2.999999939023381,6.863986492156982,1.0,0.0,0.0,96.98849187010187,0.04849424593505094,55.794,63.89,1102.8985879421234
138.0,4.0,risk,2.999999928657356,6.86405691161485,2.9494407176971436,62.19197463989258,2.999999928657356,6.86405691161485,1.0,0.0,0.0,96.72257078447468,0.048361285392237344,55.936,61.42,1099.3479619026184
139.0,4.0,risk,2.9999999371940826,6.864661010634869,2.9493677616119385,62.192142486572266,2.9999999371940826,6.864661010634869,1.0,0.0,0.0,96.9247739248564,0.048462386962428196,56.174,65.74,1095.1406745910645
140.0,4.0,risk,2.999999945121043,6.865463020246657,2.9493579864501953,62.192142486572266,2.999999945121043,6.865463020246657,1.0,0.0,0.0,96.78141471792115,0.048390707358960575,56.64,63.99,1087.4133687019348
141.0,4.0,risk,2.9999999274378237,6.864403423445914,2.949436902999878,62.19207763671875,2.9999999274378237,6.864403423445914,1.0,0.0,0.0,96.71248250199143,0.04835624125099572,56.35,64.08,1092.7246804237366
142.0,4.0,risk,2.9999999554870684,6.866611324612747,2.9493062496185303,62.19166946411133,2.9999999554870684,6.866611324612747,1.0,0.0,0.0,96.27645298473823,0.04813822649236912,56.664,63.8,1088.0390536785126
143.0,4.0,risk,2.999999924998759,6.865015086005716,2.949364423751831,62.19194412231445,2.999999924998759,6.865015086005716,1.0,0.0,0.0,96.26561402337981,0.048132807011689906,56.822,64.42,1081.7075266838074
144.0,4.0,risk,2.9999999231694603,6.864587931376894,2.9493439197540283,62.192142486572266,2.9999999231694603,6.864587931376894,1.0,0.0,0.0,96.16110539567424,0.04808055269783712,56.83,62.44,1078.4639220237732
145.0,4.0,risk,2.999999942072212,6.867243498487546,2.9493496417999268,62.19194412231445,2.999999942072212,6.867243498487546,1.0,0.0,0.0,95.99443077781359,0.0479972153889068,56.912,64.0,1075.2295706272125
146.0,4.0,risk,2.999999934755018,6.869639684477121,2.949232339859009,62.192115783691406,2.999999934755018,6.869639684477121,1.0,0.0,0.0,95.9417475552233,0.04797087377761165,57.356,63.62,1067.7705183029175
147.0,4.0,risk,2.9999999493894065,6.864518947308631,2.9494075775146484,62.192115783691406,2.9999999493894065,6.864518947308631,1.0,0.0,0.0,95.946603389095,0.047973301694547506,57.496,64.5,1067.3339586257935
148.0,4.0,risk,2.9999999274378237,6.865083763971353,2.9493393898010254,62.19197463989258,2.9999999274378237,6.865083763971353,1.0,0.0,0.0,95.8940599537089,0.047947029976854454,57.056,64.8,1068.0092296600342
149.0,4.0,risk,2.999999924998759,6.868222845179956,2.949228286743164,62.192047119140625,2.999999924998759,6.868222845179956,1.0,0.0,0.0,95.56982723110701,0.04778491361555351,57.556,63.66,1061.5748999118805
150.0,4.0,risk,2.9999999164620323,6.865160487192061,2.9493374824523926,62.192115783691406,2.9999999164620323,6.865160487192061,1.0,0.0,0.0,95.80865733583582,0.04790432866791791,57.528,65.07,1062.0479457378387
151.0,4.0,risk,2.9999999341452517,6.864644204259224,2.9493281841278076,62.192115783691406,2.9999999341452517,6.864644204259224,1.0,0.0,0.0,95.43852604062793,0.04771926302031397,58.096,65.36,1054.9641840457916
152.0,4.0,risk,2.9999999292671222,6.8702857244350115,2.949281692504883,62.19162368774414,2.9999999292671222,6.8702857244350115,1.0,0.0,0.0,95.34214108690297,0.04767107054345149,57.79,64.68,1053.2550508975983
153.0,4.0,risk,2.999999942072212,6.8822284378968845,2.9491477012634277,62.19146728515625,2.999999942072212,6.8822284378968845,1.0,0.0,0.0,95.26784626537675,0.047633923132688376,58.236,65.73,1047.3222591876984
154.0,4.0,risk,2.9999999274378237,6.908148733856123,2.949120044708252,62.19160079956055,2.9999999274378237,6.908148733856123,1.0,0.0,0.0,95.36836541574104,0.04768418270787052,58.158,66.9,1047.4268171787262
155.0,4.0,risk,2.9999999463405755,6.902530440893929,2.9490432739257812,62.19116973876953,2.9999999463405755,6.902530440893929,1.0,0.0,0.0,95.38997033696704,0.04769498516848352,58.514,64.42,1044.644861459732
156.0,4.0,risk,2.9999999310964207,6.924461503772784,2.9491450786590576,62.19091796875,2.9999999310964207,6.924461503772784,1.0,0.0,0.0,95.14633546990042,0.04757316773495021,58.686,67.35,1039.8902640342712
157.0,4.0,risk,2.9999999298768887,6.891837567624534,2.949126958847046,62.191986083984375,2.9999999298768887,6.891837567624534,1.0,0.0,0.0,95.10994851014813,0.047554974255074066,58.476,66.08,1040.6972711086273
158.0,4.0,risk,2.9999999170717984,6.891955980559445,2.9490134716033936,62.19156265258789,2.9999999170717984,6.891955980559445,1.0,0.0,0.0,95.11692402828628,0.04755846201414314,58.694,65.43,1035.4923996925354
159.0,4.0,risk,2.9999999341452517,6.888991392481968,2.9491329193115234,62.191688537597656,2.9999999341452517,6.888991392481968,1.0,0.0,0.0,94.95654784852428,0.04747827392426214,59.042,63.89,1028.999184370041
160.0,4.0,risk,2.9999999256085252,6.893188557051636,2.949164628982544,62.191898345947266,2.9999999256085252,6.893188557051636,1.0,0.0,0.0,94.58890474913981,0.04729445237456991,59.558,66.68,1024.1517465114594
161.0,4.0,risk,2.9999999432917446,6.865454498154428,2.949340343475342,62.19186019897461,2.9999999432917446,6.865454498154428,1.0,0.0,0.0,94.63120836982998,0.04731560418491499,59.252,65.06,1026.485387802124
162.0,4.0,risk,2.999999937803849,6.906177147575047,2.949129104614258,62.19064712524414,2.999999937803849,6.906177147575047,1.0,0.0,0.0,94.54517094279483,0.04727258547139741,59.42,66.49,1018.072473526001
163.0,4.0,risk,2.9999999292671222,6.886711114507807,2.949063777923584,62.19181823730469,2.9999999292671222,6.886711114507807,1.0,0.0,0.0,94.37901435044743,0.047189507175223716,59.43,66.24,1019.1898033618927
164.0,4.0,risk,2.999999932315953,6.869225054445779,2.949275255203247,62.19181823730469,2.999999932315953,6.869225054445779,1.0,0.0,0.0,94.35069598581566,0.04717534799290783,59.772,65.31,1012.9025309085846
165.0,4.0,risk,2.9999999237792268,6.882581453494099,2.949144124984741,62.19055938720703,2.9999999237792268,6.882581453494099,1.0,0.0,0.0,94.3423114273965,0.047171155713698246,60.124,65.0,1007.4036433696747
166.0,4.0,risk,2.999999934755018,6.902306560360257,2.949106454849243,62.19093704223633,2.999999934755018,6.902306560360257,1.0,0.0,0.0,94.26793477753546,0.04713396738876773,60.058,66.99,1009.7685244083405
167.0,4.0,risk,2.999999937803849,6.8734141347353415,2.9490742683410645,62.19167709350586,2.999999937803849,6.8734141347353415,1.0,0.0,0.0,93.98441039328095,0.04699220519664048,60.2,65.8,1006.7061257362366
168.0,4.0,risk,2.9999999457308095,6.865446091917774,2.949399709701538,62.19175720214844,2.9999999457308095,6.865446091917774,1.0,0.0,0.0,94.03658501908713,0.04701829250954356,60.508,65.64,996.8350057601929
169.0,4.0,risk,2.9999999298768887,6.866784160399376,2.9493072032928467,62.19186019897461,2.9999999298768887,6.866784160399376,1.0,0.0,0.0,93.8073326481962,0.0469036663240981,60.596,65.19,995.2792477607727
170.0,4.0,risk,2.9999999365843166,6.8663262003827885,2.9493699073791504,62.19182586669922,2.9999999365843166,6.8663262003827885,1.0,0.0,0.0,93.72381262669424,0.04686190631334712,60.784,66.88,994.7870118618011
171.0,4.0,risk,2.9999999298768887,6.864081241285709,2.9494481086730957,62.1917724609375,2.9999999298768887,6.864081241285709,1.0,0.0,0.0,93.62936570464107,0.04681468285232054,61.282,67.29,984.2407946586609
172.0,4.0,risk,2.9999999152425,6.865535212904596,2.949387550354004,62.19160079956055,2.9999999152425,6.865535212904596,1.0,0.0,0.0,93.42540805105877,0.046712704025529385,61.202,66.55,980.8989200592041
173.0,4.0,risk,2.999999924998759,6.8656405914774945,2.949340343475342,62.192054748535156,2.999999924998759,6.8656405914774945,1.0,0.0,0.0,93.48424293219271,0.04674212146609636,61.244,65.98,980.5462746620178
174.0,4.0,risk,2.9999999189010973,6.864093106116175,2.9494290351867676,62.19207000732422,2.9999999189010973,6.864093106116175,1.0,0.0,0.0,93.1677510284302,0.046583875514215105,61.338,66.98,978.6702175140381
175.0,4.0,risk,2.9999999268280577,6.864393086689512,2.949411392211914,62.1919059753418,2.9999999268280577,6.864393086689512,1.0,0.0,0.0,92.88429807222069,0.046442149036110346,61.766,67.94,967.186274766922
176.0,4.0,risk,2.9999999225596943,6.865490976806797,2.9493601322174072,62.191654205322266,2.9999999225596943,6.865490976806797,1.0,0.0,0.0,92.88988226745221,0.0464449411337261,61.698,67.7,967.6219499111176
177.0,4.0,risk,2.999999931706187,6.872789331714211,2.949291467666626,62.190879821777344,2.999999931706187,6.872789331714211,1.0,0.0,0.0,92.79265662357393,0.046396328311786965,61.95,68.03,961.9978406429291
178.0,4.0,risk,2.9999999493894065,6.903368519395209,2.9490628242492676,62.191280364990234,2.9999999493894065,6.903368519395209,1.0,0.0,0.0,92.54439153757409,0.04627219576878704,62.222,68.58,961.1176503896713
179.0,4.0,risk,2.9999999231694603,6.864581733713369,2.9493885040283203,62.19193649291992,2.9999999231694603,6.864581733713369,1.0,0.0,0.0,92.44575666857506,0.04622287833428753,62.046,67.68,956.7144169807434
180.0,4.0,risk,2.9999999341452517,6.865483077895611,2.949373722076416,62.19175720214844,2.9999999341452517,6.865483077895611,1.0,0.0,0.0,92.2911302216542,0.046145565110827104,62.364,68.42,949.285534620285
181.0,4.0,risk,2.9999999152425,6.86479213841431,2.949378728866577,62.19160842895508,2.9999999152425,6.86479213841431,1.0,0.0,0.0,92.13748543966528,0.04606874271983264,62.61,68.25,947.1452226638794
182.0,4.0,risk,2.999999924998759,6.873495437300114,2.9492030143737793,62.1912727355957,2.999999924998759,6.873495437300114,1.0,0.0,0.0,91.93904497312373,0.045969522486561866,63.104,69.35,941.1510407924652
183.0,4.0,risk,2.999999957926133,6.8656760810891075,2.9493513107299805,62.19131851196289,2.999999957926133,6.8656760810891075,1.0,0.0,0.0,91.95981145125113,0.04597990572562557,63.056,68.95,940.2550673484802
184.0,4.0,risk,2.9999999396331476,6.865389760497891,2.9493565559387207,62.191490173339844,2.9999999396331476,6.865389760497891,1.0,0.0,0.0,91.77801341713415,0.045889006708567076,63.53,66.28,933.194545507431
185.0,4.0,risk,2.9999999274378237,6.873463591651234,2.949202299118042,62.191287994384766,2.9999999274378237,6.873463591651234,1.0,0.0,0.0,91.74802542076652,0.045874012710383265,63.568,68.71,929.6897656917572
186.0,4.0,risk,2.99999994085268,6.870975844390557,2.9492273330688477,62.191280364990234,2.99999994085268,6.870975844390557,1.0,0.0,0.0,91.4750210795622,0.0457375105397811,63.48,68.42,927.1654512882233
187.0,4.0,risk,2.999999917681565,6.869133844400001,2.949258327484131,62.19123077392578,2.999999917681565,6.869133844400001,1.0,0.0,0.0,91.40446176719672,0.045702230883598365,63.76,69.43,922.701403260231
188.0,4.0,risk,2.9999999402429136,6.90238911660431,2.9490859508514404,62.1910514831543,2.9999999402429136,6.90238911660431,1.0,0.0,0.0,91.47121431076201,0.045735607155381004,64.358,68.54,913.189176440239
189.0,4.0,risk,2.999999947560108,6.9982533857340705,2.948941946029663,62.18563461303711,2.999999947560108,6.9982533857340705,1.0,0.0,0.0,91.24250670719432,0.045621253353597166,64.472,70.28,910.9127478599548
190.0,4.0,risk,2.9999999274378237,6.949869072955588,2.9488072395324707,62.18878936767578,2.9999999274378237,6.949869072955588,1.0,0.0,0.0,90.93082534047973,0.04546541267023987,65.0,70.02,903.34756731987
191.0,4.0,risk,2.9999999396331476,6.946482504725151,2.949016809463501,62.18979263305664,2.9999999396331476,6.946482504725151,1.0,0.0,0.0,90.78492657410924,0.04539246328705462,64.368,69.95,905.4341877698898
192.0,4.0,risk,2.9999999274378237,6.973270841876564,2.948862075805664,62.190120697021484,2.9999999274378237,6.973270841876564,1.0,0.0,0.0,90.5765275641601,0.04528826378208005,64.88,69.75,894.1936591863632
193.0,4.0,risk,2.999999912193669,6.884869371838582,2.9490373134613037,62.190338134765625,2.999999912193669,6.884869371838582,1.0,0.0,0.0,90.48632089495077,0.04524316044747538,65.124,69.86,893.9745224714279
194.0,4.0,risk,2.999999924998759,6.933367870652767,2.948887586593628,62.191036224365234,2.999999924998759,6.933367870652767,1.0,0.0,0.0,90.2579235497875,0.045128961774893755,65.304,69.93,887.279054403305
195.0,4.0,risk,2.999999944511277,6.875918106654721,2.949113368988037,62.191036224365234,2.999999944511277,6.875918106654721,1.0,0.0,0.0,90.266764174859,0.0451333820874295,65.376,69.83,882.7946088314056
196.0,4.0,risk,2.9999999292671222,6.885834743909519,2.949138879776001,62.1907844543457,2.9999999292671222,6.885834743909519,1.0,0.0,0.0,90.00585176729321,0.045002925883646606,65.718,70.74,879.3885111808777
197.0,4.0,risk,2.9999999158522663,6.958446784397525,2.948596715927124,62.18802261352539,2.9999999158522663,6.958446784397525,1.0,0.0,0.0,89.94486009756862,0.04497243004878431,66.214,70.61,872.5431616306305
198.0,4.0,risk,2.999999938413615,7.038260181846521,2.948810338973999,62.185020446777344,2.999999938413615,7.038260181846521,1.0,0.0,0.0,89.56073034631872,0.044780365173159364,66.332,70.75,867.1376348733902
199.0,4.0,risk,2.9999999689019243,7.037634621495786,2.948835611343384,62.18583679199219,2.9999999689019243,7.037634621495786,1.0,0.0,0.0,89.43247428971517,0.04471623714485759,66.522,70.6,864.539918422699
200.0,4.0,risk,2.999999937803849,7.010251111081799,2.948871374130249,62.1854133605957,2.999999937803849,7.010251111081799,1.0,0.0,0.0,89.12409844283583,0.04456204922141792,66.686,70.1,857.469911813736
201.0,4.0,risk,2.9999999158522663,7.012843001529079,2.9488131999969482,62.18571853637695,2.9999999158522663,7.012843001529079,1.0,0.0,0.0,88.89649081175139,0.0444482454058757,67.078,70.38,850.5628303289413
202.0,4.0,risk,2.9999999371940826,7.063089160967971,2.9486799240112305,62.18333053588867,2.9999999371940826,7.063089160967971,1.0,0.0,0.0,88.90959393425823,0.04445479696712911,66.922,70.91,847.1693975925446
203.0,4.0,risk,2.9999999396331476,7.070579665396219,2.9486594200134277,62.18399429321289,2.9999999396331476,7.070579665396219,1.0,0.0,0.0,88.55822799598337,0.044279113997991684,67.448,70.57,841.6932127475739
204.0,4.0,risk,2.999999951218705,7.169077934206599,2.948451280593872,62.17915344238281,2.999999951218705,7.169077934206599,1.0,0.0,0.0,88.40151379096088,0.04420075689548044,67.792,70.41,834.060698390007
205.0,4.0,risk,2.9999999310964207,7.07799718081189,2.9484879970550537,62.18391036987305,2.9999999310964207,7.07799718081189,1.0,0.0,0.0,88.45214103578668,0.04422607051789334,67.666,71.42,833.3910794258118
206.0,4.0,risk,2.9999999329257196,7.062246829957304,2.9486584663391113,62.183895111083984,2.9999999329257196,7.062246829957304,1.0,0.0,0.0,87.83859327902674,0.04391929663951337,68.13,69.76,825.5115841627121
207.0,4.0,risk,2.9999999402429136,7.173570132926297,2.9484164714813232,62.18138122558594,2.9999999402429136,7.173570132926297,1.0,0.0,0.0,87.80566666375583,0.043902833331877916,68.36,71.46,819.9137215614319
208.0,4.0,risk,2.9999999292671222,7.108080854196378,2.9484214782714844,62.18336868286133,2.9999999292671222,7.108080854196378,1.0,0.0,0.0,87.5303604641882,0.0437651802320941,68.502,71.05,817.0478299856186
209.0,4.0,risk,2.999999935364784,7.043726161312874,2.948716640472412,62.183895111083984,2.999999935364784,7.043726161312874,1.0,0.0,0.0,87.2724838143262,0.0436362419071631,68.792,71.87,807.7680860757828
210.0,4.0,risk,2.9999999469503416,7.065398766256659,2.948687791824341,62.18418502807617,2.9999999469503416,7.065398766256659,1.0,0.0,0.0,87.12910285385378,0.04356455142692689,68.866,71.27,806.0771789550781
211.0,4.0,risk,2.999999937803849,7.0248441476651164,2.948758840560913,62.184730529785156,2.999999937803849,7.0248441476651164,1.0,0.0,0.0,86.83267458655465,0.043416337293277325,69.844,71.85,794.9984946250916
212.0,4.0,risk,2.9999999225596943,7.092425784186634,2.9486663341522217,62.18284606933594,2.9999999225596943,7.092425784186634,1.0,0.0,0.0,86.67393694485108,0.04333696847242554,69.61,71.59,791.9920934438705
213.0,4.0,risk,2.9999999371940826,7.006871335646686,2.948714256286621,62.18363571166992,2.9999999371940826,7.006871335646686,1.0,0.0,0.0,86.29792241571661,0.043148961207858307,69.766,72.2,787.3349570035934
214.0,4.0,risk,2.999999939023381,7.122952360021489,2.948310375213623,62.18044662475586,2.999999939023381,7.122952360021489,1.0,0.0,0.0,86.37528020037679,0.0431876401001884,69.832,71.61,784.4577199220657
215.0,4.0,risk,2.999999931706187,7.036628403627049,2.9483871459960938,62.18409729003906,2.999999931706187,7.036628403627049,1.0,0.0,0.0,85.76612305387971,0.04288306152693985,70.618,72.27,773.2602695226669
216.0,4.0,risk,2.999999932315953,7.084223176512267,2.9483847618103027,62.18162155151367,2.999999932315953,7.084223176512267,1.0,0.0,0.0,85.61949730336804,0.04280974865168402,70.52,72.18,770.4023092985153
217.0,4.0,risk,2.9999999304866547,7.07482114899189,2.948427438735962,62.18315887451172,2.9999999304866547,7.07482114899189,1.0,0.0,0.0,85.29176534682098,0.04264588267341049,70.92,71.73,759.8534489870071
218.0,4.0,risk,2.9999999426819786,7.0410544341787356,2.94856595993042,62.18332290649414,2.9999999426819786,7.0410544341787356,1.0,0.0,0.0,85.14965821677497,0.04257482910838748,70.934,71.76,758.1644324064255
219.0,4.0,risk,2.9999999189010973,7.0721462864400175,2.9486918449401855,62.18238067626953,2.9999999189010973,7.0721462864400175,1.0,0.0,0.0,84.8073971814913,0.04240369859074565,71.636,71.96,747.9194301366806
220.0,4.0,risk,2.99999995365777,7.068703938018331,2.948507070541382,62.18330001831055,2.99999995365777,7.068703938018331,1.0,0.0,0.0,84.5280086664473,0.04226400433322365,71.466,72.05,745.1358532905579
221.0,4.0,risk,2.99999994085268,7.120247493314621,2.9482741355895996,62.18120574951172,2.99999994085268,7.120247493314621,1.0,0.0,0.0,84.25279055764918,0.04212639527882459,72.326,73.02,735.4254961013794
222.0,4.0,risk,2.9999999335354857,7.097454092996505,2.948394536972046,62.1812629699707,2.9999999335354857,7.097454092996505,1.0,0.0,0.0,83.94867312102389,0.04197433656051194,72.086,72.16,732.6289677619934
223.0,4.0,risk,2.9999999268280577,7.1272787242899165,2.948418140411377,62.181175231933594,2.9999999268280577,7.1272787242899165,1.0,0.0,0.0,83.8354386608173,0.04191771933040865,72.84,73.27,722.2494156360626
224.0,4.0,risk,2.9999999280475897,7.0935581943872945,2.9486589431762695,62.181270599365234,2.9999999280475897,7.0935581943872945,1.0,0.0,0.0,83.47835922770994,0.041739179613854975,72.746,72.75,718.6035388708115
225.0,4.0,risk,2.9999999439015106,7.119588233625797,2.948392629623413,62.18038558959961,2.9999999439015106,7.119588233625797,1.0,0.0,0.0,83.17548382741344,0.041587741913706726,72.804,73.74,715.3002681732178
226.0,4.0,risk,2.999999935364784,7.107964536418086,2.9485630989074707,62.18075942993164,2.999999935364784,7.107964536418086,1.0,0.0,0.0,82.77806694042839,0.04138903347021419,73.354,74.07,707.2216923236847
227.0,4.0,risk,2.9999999426819786,7.135841404995345,2.948328971862793,62.17953872680664,2.9999999426819786,7.135841404995345,1.0,0.0,0.0,82.54326599076241,0.041271632995381204,74.03,73.33,695.8888754844666
228.0,4.0,risk,2.999999932315953,7.104209104767236,2.948586940765381,62.18241500854492,2.999999932315953,7.104209104767236,1.0,0.0,0.0,82.14244184685208,0.04107122092342604,74.182,72.59,691.6712827682495
229.0,4.0,risk,2.9999999298768887,7.0719423355044,2.9484920501708984,62.18241500854492,2.9999999298768887,7.0719423355044,1.0,0.0,0.0,81.90289369624917,0.04095144684812459,74.46,73.71,683.0508555173874
230.0,4.0,risk,2.9999999262182913,7.134307072290679,2.9483485221862793,62.17918395996094,2.9999999262182913,7.134307072290679,1.0,0.0,0.0,81.56653820579066,0.040783269102895335,74.698,74.58,676.7143535614014
231.0,4.0,risk,2.999999945121043,7.145061563652799,2.9484171867370605,62.17831039428711,2.999999945121043,7.145061563652799,1.0,0.0,0.0,81.24332166955453,0.040621660834777265,75.206,73.6,670.5049495697021
232.0,4.0,risk,2.999999935364784,7.1206129761912935,2.9485130310058594,62.17899703979492,2.999999935364784,7.1206129761912935,1.0,0.0,0.0,80.76634084037818,0.04038317042018909,75.414,73.82,661.5687702894211
233.0,4.0,risk,2.9999999274378237,7.124429439339797,2.948533535003662,62.17873001098633,2.9999999274378237,7.124429439339797,1.0,0.0,0.0,80.57290240145662,0.04028645120072831,75.416,73.5,659.8867460489273
234.0,4.0,risk,2.9999999396331476,7.1072737127923595,2.94838809967041,62.17953872680664,2.9999999396331476,7.1072737127923595,1.0,0.0,0.0,80.24611335920908,0.04012305667960454,75.568,74.57,654.0451644659042
235.0,4.0,risk,2.999999928657356,7.123949959454939,2.94851016998291,62.17811965942383,2.999999928657356,7.123949959454939,1.0,0.0,0.0,79.89302860063532,0.03994651430031766,76.418,73.71,642.8457112312317
236.0,4.0,risk,2.9999999310964207,7.129618636177629,2.9484660625457764,62.177886962890625,2.9999999310964207,7.129618636177629,1.0,0.0,0.0,79.67742487626033,0.03983871243813017,76.558,74.27,638.230671286583
237.0,4.0,risk,2.9999999335354857,7.113469167743498,2.948286771774292,62.18054962158203,2.9999999335354857,7.113469167743498,1.0,0.0,0.0,79.12029296951901,0.03956014648475951,77.264,74.2,625.4430958032608
238.0,4.0,risk,2.9999999237792268,7.128583276363285,2.9484076499938965,62.178260803222656,2.9999999237792268,7.128583276363285,1.0,0.0,0.0,78.84546999693822,0.039422734998469114,77.216,74.92,619.5409523248672
239.0,4.0,risk,2.9999999426819786,7.152480054694369,2.9481794834136963,62.17750930786133,2.9999999426819786,7.152480054694369,1.0,0.0,0.0,78.60901527875994,0.03930450763937997,77.614,74.54,614.0148470401764
240.0,4.0,risk,2.999999935364784,7.227718055705585,2.948026657104492,62.177947998046875,2.999999935364784,7.227718055705585,1.0,0.0,0.0,78.13402255028801,0.039067011275144004,77.768,75.11,609.3925031423569
241.0,4.0,risk,2.9999999304866547,7.124771236458702,2.9483299255371094,62.178653717041016,2.9999999304866547,7.124771236458702,1.0,0.0,0.0,77.88882972538482,0.038944414862692414,78.16,74.77,601.7151162624359
242.0,4.0,risk,2.999999939023381,7.107433915443128,2.948486089706421,62.18022155761719,2.999999939023381,7.107433915443128,1.0,0.0,0.0,77.49529668010724,0.03874764834005363,78.294,74.95,595.8279736042023
243.0,4.0,risk,2.999999920730396,7.13050457888552,2.948335886001587,62.17942810058594,2.999999920730396,7.13050457888552,1.0,0.0,0.0,77.20265346769898,0.03860132673384949,78.648,74.75,588.0612775087357
244.0,4.0,risk,2.999999924998759,7.106620192222888,2.948387622833252,62.17998504638672,2.999999924998759,7.106620192222888,1.0,0.0,0.0,76.89320876166607,0.03844660438083304,78.976,75.22,582.9980963468552
245.0,4.0,risk,2.9999999396331476,7.1376720084558665,2.948091983795166,62.177978515625,2.9999999396331476,7.1376720084558665,1.0,0.0,0.0,76.22771274472531,0.038113856372362656,79.3,75.45,576.8139371871948
246.0,4.0,risk,2.9999999402429136,7.119899224137407,2.9483633041381836,62.178016662597656,2.9999999402429136,7.119899224137407,1.0,0.0,0.0,75.69496010918691,0.03784748005459346,79.408,75.57,570.3741433620453
247.0,4.0,risk,2.9999999396331476,7.132914233390633,2.9481770992279053,62.177650451660156,2.9999999396331476,7.132914233390633,1.0,0.0,0.0,75.43007812398855,0.03771503906199428,80.066,76.04,559.2810727357864
248.0,4.0,risk,2.9999999341452517,7.118904997930502,2.9483907222747803,62.17742156982422,2.9999999341452517,7.118904997930502,1.0,0.0,0.0,75.11467279677423,0.03755733639838712,80.418,75.45,550.510181427002
249.0,4.0,risk,2.9999999335354857,7.146408055444508,2.9482078552246094,62.17588806152344,2.9999999335354857,7.146408055444508,1.0,0.0,0.0,74.82399993442293,0.037411999967211465,80.928,75.61,541.8099081516266
250.0,4.0,risk,2.99999993597455,7.1875370250028725,2.9476969242095947,62.175636291503906,2.99999993597455,7.1875370250028725,1.0,0.0,0.0,74.11648511950858,0.03705824255975429,80.986,76.31,537.9675698280334
251.0,4.0,risk,2.999999941462446,7.157334876487322,2.9482104778289795,62.174224853515625,2.999999941462446,7.157334876487322,1.0,0.0,0.0,73.85319349529257,0.036926596747646284,81.554,75.99,528.2776165008545
252.0,4.0,risk,2.999999938413615,7.228559068401756,2.947932243347168,62.172950744628906,2.999999938413615,7.228559068401756,1.0,0.0,0.0,73.57547717495427,0.03678773858747714,81.926,76.29,520.7465554475784
253.0,4.0,risk,2.9999999365843166,7.257667270767719,2.947697162628174,62.17071533203125,2.9999999365843166,7.257667270767719,1.0,0.0,0.0,73.11383597421393,0.03655691798710697,82.038,76.49,516.5532100200653
254.0,4.0,risk,2.9999999396331476,7.18904891953139,2.947870969772339,62.17280960083008,2.9999999396331476,7.18904891953139,1.0,0.0,0.0,72.78289289901014,0.036391446449505066,82.188,76.09,507.69368028640747
255.0,4.0,risk,2.99999994085268,7.197906099012136,2.9479215145111084,62.172706604003906,2.99999994085268,7.197906099012136,1.0,0.0,0.0,72.28022229049101,0.036140111145245506,82.386,76.56,506.3038499355316
256.0,4.0,risk,2.9999999402429136,7.2707022998643955,2.9477944374084473,62.16877365112305,2.9999999402429136,7.2707022998643955,1.0,0.0,0.0,72.06089046430995,0.03603044523215498,82.866,76.95,495.37528014183044
257.0,4.0,risk,2.999999928657356,7.241870813052673,2.9477391242980957,62.16949462890625,2.999999928657356,7.241870813052673,1.0,0.0,0.0,71.49570094702374,0.035747850473511866,83.298,77.02,487.8282788991928
258.0,4.0,risk,2.9999999335354857,7.304005669206,2.947603940963745,62.16599655151367,2.9999999335354857,7.304005669206,1.0,0.0,0.0,71.44603917840531,0.03572301958920266,83.774,76.91,480.3648911714554
259.0,4.0,risk,2.9999999341452517,7.346005204388552,2.9474241733551025,62.166011810302734,2.9999999341452517,7.346005204388552,1.0,0.0,0.0,71.7088331625891,0.035854416581294554,84.25,76.42,471.6250858902931
260.0,4.0,risk,2.999999939023381,7.377240643172008,2.947371244430542,62.162879943847656,2.999999939023381,7.377240643172008,1.0,0.0,0.0,70.82555883788342,0.03541277941894171,84.246,76.87,467.7753143310547
261.0,4.0,risk,2.999999934755018,7.411008767764587,2.9472696781158447,62.163543701171875,2.999999934755018,7.411008767764587,1.0,0.0,0.0,70.15767456511455,0.03507883728255728,84.448,77.19,460.52880305051804
262.0,4.0,risk,2.999999920730396,7.323730568751655,2.947413444519043,62.1644287109375,2.999999920730396,7.323730568751655,1.0,0.0,0.0,70.14908980297719,0.03507454490148859,85.02,77.11,453.10260623693466
263.0,4.0,risk,2.9999999341452517,7.337111408448281,2.947295665740967,62.16431427001953,2.9999999341452517,7.337111408448281,1.0,0.0,0.0,70.20677749162589,0.035103388745812945,85.28,77.06,448.52226907014847
264.0,4.0,risk,2.9999999402429136,7.3550958279758465,2.947143793106079,62.1611213684082,2.9999999402429136,7.3550958279758465,1.0,0.0,0.0,69.56699559027804,0.03478349779513902,85.634,77.46,438.22342479228973
265.0,4.0,risk,2.9999999402429136,7.432436456460782,2.946819305419922,62.15767288208008,2.9999999402429136,7.432436456460782,1.0,0.0,0.0,69.42840096286253,0.034714200481431264,85.982,77.32,435.59187787771225
266.0,4.0,risk,2.999999935364784,7.484088603797776,2.946657657623291,62.1558837890625,2.999999935364784,7.484088603797776,1.0,0.0,0.0,68.95917771236387,0.034479588856181936,86.102,77.31,427.99007111787796
267.0,4.0,risk,2.9999999280475897,7.489783857789491,2.946396827697754,62.15006637573242,2.9999999280475897,7.489783857789491,1.0,0.0,0.0,68.44837615801731,0.034224188079008656,86.288,77.52,424.1593655347824
268.0,4.0,risk,2.9999999402429136,7.492320139999585,2.946364641189575,62.151981353759766,2.9999999402429136,7.492320139999585,1.0,0.0,0.0,68.94887904638428,0.03447443952319214,87.01,78.18,413.4970843195915
269.0,4.0,risk,2.9999999365843166,7.500289758452979,2.9461841583251953,62.14842987060547,2.9999999365843166,7.500289758452979,1.0,0.0,0.0,68.61582464362917,0.034307912321814585,86.97,77.72,410.95758736133575
270.0,4.0,risk,2.999999939023381,7.548771170399073,2.9460084438323975,62.14742660522461,2.999999939023381,7.548771170399073,1.0,0.0,0.0,68.64660719887314,0.03432330359943657,87.234,78.07,405.8674938082695
271.0,4.0,risk,2.999999937803849,7.553492949746759,2.9457192420959473,62.14463424682617,2.999999937803849,7.553492949746759,1.0,0.0,0.0,68.08065143316124,0.03404032571658062,87.322,78.04,402.14225029945374
272.0,4.0,risk,2.999999921340162,7.559770714596409,2.9454843997955322,62.141212463378906,2.999999921340162,7.559770714596409,1.0,0.0,0.0,67.387791610084,0.033693895805042,87.618,78.38,393.97175335884094
273.0,4.0,risk,2.9999999256085252,7.593491157912232,2.9453892707824707,62.144344329833984,2.9999999256085252,7.593491157912232,1.0,0.0,0.0,66.81100416516259,0.03340550208258129,88.028,78.37,389.6717200279236
274.0,4.0,risk,2.999999920730396,7.628313613364764,2.9451870918273926,62.137535095214844,2.999999920730396,7.628313613364764,1.0,0.0,0.0,68.73744425475667,0.034368722127378334,88.478,78.54,381.9829871058464
275.0,4.0,risk,2.99999994085268,7.634653493876347,2.944915294647217,62.12877655029297,2.99999994085268,7.634653493876347,1.0,0.0,0.0,67.54455376050906,0.03377227688025453,88.384,78.69,381.19275069236755
276.0,4.0,risk,2.9999999341452517,7.672417618734452,2.9443976879119873,62.1273078918457,2.9999999341452517,7.672417618734452,1.0,0.0,0.0,67.28900811895062,0.03364450405947531,88.614,78.7,376.573561668396
277.0,4.0,risk,2.9999999237792268,7.733757654419335,2.944255828857422,62.12209701538086,2.9999999237792268,7.733757654419335,1.0,0.0,0.0,67.92998157720542,0.03396499078860271,88.682,78.38,373.75647431612015
278.0,4.0,risk,2.999999942072212,7.7968185856519145,2.943857192993164,62.116397857666016,2.999999942072212,7.7968185856519145,1.0,0.0,0.0,67.87912064719478,0.03393956032359739,89.328,78.78,363.44729375839233
279.0,4.0,risk,2.9999999457308095,7.7968643059206135,2.9440696239471436,62.11367416381836,2.9999999457308095,7.7968643059206135,1.0,0.0,0.0,67.77940470961151,0.033889702354805755,89.404,78.85,362.4612373113632
280.0,4.0,risk,2.9999999298768887,7.886947886718204,2.9434924125671387,62.107723236083984,2.9999999298768887,7.886947886718204,1.0,0.0,0.0,67.32983733376939,0.033664918666884695,89.69,78.84,357.00093430280685
281.0,4.0,risk,2.9999999335354857,7.913114174552586,2.943432092666626,62.107635498046875,2.9999999335354857,7.913114174552586,1.0,0.0,0.0,66.57493104146837,0.03328746552073419,89.778,79.07,355.33636605739594
282.0,4.0,risk,2.9999999262182913,7.892609112098089,2.9428205490112305,62.103668212890625,2.9999999262182913,7.892609112098089,1.0,0.0,0.0,67.81763187801886,0.03390881593900943,90.088,79.26,350.19675916433334
283.0,4.0,risk,2.9999999170717984,7.998203721497675,2.9424850940704346,62.09142303466797,2.9999999170717984,7.998203721497675,1.0,0.0,0.0,67.14609586794765,0.033573047933973824,90.124,78.69,350.2334986925125
284.0,4.0,risk,2.999999945121043,8.019307330441292,2.9424235820770264,62.09206771850586,2.999999945121043,8.019307330441292,1.0,0.0,0.0,68.27608120207796,0.034138040601038984,90.122,79.13,346.6443710923195
285.0,4.0,risk,2.99999994085268,8.158348478624584,2.941962718963623,62.08449935913086,2.99999994085268,8.158348478624584,1.0,0.0,0.0,68.34175287650676,0.03417087643825338,90.404,79.01,343.7337000966072
286.0,4.0,risk,2.9999999170717984,8.1942658973167,2.941476583480835,62.08028793334961,2.9999999170717984,8.1942658973167,1.0,0.0,0.0,68.41750049741188,0.03420875024870594,90.444,79.28,340.85535699129105
287.0,4.0,risk,2.9999999365843166,8.247888235789736,2.941328763961792,62.070945739746094,2.9999999365843166,8.247888235789736,1.0,0.0,0.0,68.38691033046543,0.034193455165232714,90.704,78.95,337.853730738163
288.0,4.0,risk,2.9999999298768887,8.292612673376528,2.941434860229492,62.07078170776367,2.9999999298768887,8.292612673376528,1.0,0.0,0.0,68.97860034866459,0.03448930017433229,90.634,79.16,337.9475618004799
289.0,4.0,risk,2.9999999396331476,8.367711533061074,2.9410479068756104,62.06608963012695,2.9999999396331476,8.367711533061074,1.0,0.0,0.0,68.37831841319377,0.03418915920659688,90.968,79.1,332.94921439886093
290.0,4.0,risk,2.9999999469503416,8.400513663621204,2.9410459995269775,62.065921783447266,2.9999999469503416,8.400513663621204,1.0,0.0,0.0,68.76384187937877,0.034381920939689385,91.16,79.18,331.9273022413254
291.0,4.0,risk,2.999999918291331,8.4336337067587,2.9410195350646973,62.0635871887207,2.999999918291331,8.4336337067587,1.0,0.0,0.0,68.72026546762281,0.0343601327338114,91.024,79.17,331.86135149002075
292.0,4.0,risk,2.999999938413615,8.458360223209157,2.940688133239746,62.059120178222656,2.999999938413615,8.458360223209157,1.0,0.0,0.0,68.47605179434662,0.034238025897173306,91.096,79.51,330.1781795024872
293.0,4.0,risk,2.999999944511277,8.429777264899915,2.9407012462615967,62.05819320678711,2.999999944511277,8.429777264899915,1.0,0.0,0.0,68.22975241217935,0.034114876206089675,90.978,79.19,331.71613997220993
294.0,4.0,risk,2.999999938413615,8.432013911664333,2.940617799758911,62.05712127685547,2.999999938413615,8.432013911664333,1.0,0.0,0.0,68.24304866673202,0.03412152433336601,91.144,79.23,331.3970677256584
295.0,4.0,risk,2.9999999304866547,8.462681277633628,2.940636396408081,62.05646896362305,2.9999999304866547,8.462681277633628,1.0,0.0,0.0,68.10792848364105,0.03405396424182052,91.122,79.11,328.6404274702072
296.0,4.0,risk,2.999999931706187,8.461860705519577,2.940610885620117,62.053890228271484,2.999999931706187,8.461860705519577,1.0,0.0,0.0,68.0411496474679,0.034020574823733954,91.28,79.19,328.49065697193146
297.0,4.0,risk,2.99999994085268,8.46315750746471,2.940586805343628,62.05473709106445,2.99999994085268,8.46315750746471,1.0,0.0,0.0,68.05541165014436,0.03402770582507218,91.252,79.31,327.35599464178085
298.0,4.0,risk,2.9999999097546044,8.463230776969734,2.9405646324157715,62.05430603027344,2.9999999097546044,8.463230776969734,1.0,0.0,0.0,68.03567036333014,0.03401783518166507,91.204,79.21,328.79893332719803
299.0,4.0,risk,2.9999999243889928,8.463110757910687,2.9406423568725586,62.053653717041016,2.9999999243889928,8.463110757910687,1.0,0.0,0.0,68.06609482812995,0.034033047414064974,91.004,79.31,331.1794117093086
