epoch,alpha,q_assignment,q_mean,q_mean_pre_norm,q_tilde_mean,q_std,q_min,q_max,q_os_mean,q_os_std,p_gt_tau,p_at_qmax,q_cap,mean_normalize_q,ga_mode,ga_kappa_res_mean,ga_kappa_sc_mean,ga_frac_phi_neg_res,ga_cov_mean,mne_grad_match_scale,mne_ref_grad_norm,reg_grad_norm,reg_coeff_grad_norm,ce_grad_norm,reg_ce_ratio,ann_train_acc,ann_test_acc,train_loss
0.0,0.25,risk,1.0,1.0,1.0,0.0,1.0,1.0,1.0,1.1988931873929687e-06,0.6597937941551208,0.0,0.0,0.0,off,1.0,1.0,0.0,0.0,,,2.1541365479946863,0.00021541365479946865,1.1377505167892732,0.00018933294392813375,1.78,1.11,1774.4292969703674
1.0,0.25,risk,1.0,1.0,1.0,0.0,1.0,1.0,1.0,1.1988931873929687e-06,0.6597937941551208,0.0,0.0,0.0,off,1.0,1.0,0.0,0.0,,,1.6196546118383766,0.00016196546118383767,0.984129224987778,0.0001645774325885395,2.34,1.5,1744.2692637443542
2.0,0.25,risk,1.0,1.0,1.0,0.0,1.0,1.0,1.0,1.1988931873929687e-06,0.6597937941551208,0.0,0.0,0.0,off,1.0,1.0,0.0,0.0,,,1.236781201499743,0.0001236781201499743,0.9326973101611394,0.00013260263410495607,2.376,1.96,1730.1903409957886
3.0,0.25,risk,1.0,1.0,1.0,0.0,1.0,1.0,1.0,1.1988931873929687e-06,0.6597937941551208,0.0,0.0,0.0,off,1.0,1.0,0.0,0.0,,,1.0131547891589758,0.00010131547891589758,0.9380910031883245,0.00010800175950046736,2.806,3.82,1715.451355457306
4.0,0.25,risk,1.0,1.0,1.0,0.0,1.0,1.0,1.0,1.1988931873929687e-06,0.6597937941551208,0.0,0.0,0.0,off,1.0,1.0,0.0,0.0,,,0.9672139433787903,9.672139433787904e-05,0.9220701109900413,0.00010489592188822577,3.088,3.63,1703.1914138793945
5.0,0.25,risk,1.0,1.0,1.0,0.0,1.0,1.0,1.0,1.1988931873929687e-06,0.6597937941551208,0.0,0.0,0.0,off,1.0,1.0,0.0,0.0,,,0.8238345737846989,8.23834573784699e-05,0.9133877811625221,9.019548879186412e-05,3.518,4.34,1686.917167186737
6.0,0.25,risk,1.0,1.0,1.0,0.0,1.0,1.0,1.0,1.1988931873929687e-06,0.6597937941551208,0.0,0.0,0.0,off,1.0,1.0,0.0,0.0,,,0.7412371825546166,7.412371825546167e-05,0.955364188474312,7.758687121592344e-05,3.796,4.61,1673.9215874671936
7.0,0.25,risk,1.0,1.0,1.0,0.0,1.0,1.0,1.0,1.1988931873929687e-06,0.6597937941551208,0.0,0.0,0.0,off,1.0,1.0,0.0,0.0,,,0.8506926634936386,8.506926634936386e-05,1.0151235661512963,8.380188302778989e-05,4.424,6.06,1657.4386496543884
8.0,0.25,risk,1.0,1.0,1.0,0.0,1.0,1.0,1.0,1.1988931873929687e-06,0.6597937941551208,0.0,0.0,0.0,off,1.0,1.0,0.0,0.0,,,0.7823148944238589,7.82314894423859e-05,0.9784265859051934,7.995642245351487e-05,4.946,6.42,1637.4230556488037
9.0,0.25,risk,1.0,1.0,1.0,0.0,1.0,1.0,1.0,1.1988931873929687e-06,0.6597937941551208,0.0,0.0,0.0,off,1.0,1.0,0.0,0.0,,,0.8333425363638456,8.333425363638456e-05,1.0280911265093813,8.105726378489868e-05,5.298,7.16,1623.689272403717
10.0,0.25,risk,1.0,1.0,1.0,0.0,1.0,1.0,1.0,1.1988931873929687e-06,0.6597937941551208,0.0,0.0,0.0,off,1.0,1.0,0.0,0.0,,,0.9748566797263875,9.748566797263876e-05,1.122661854663004,8.683439948345051e-05,5.83,7.92,1608.9451580047607
11.0,0.25,risk,1.0,1.0,1.0,0.0,1.0,1.0,1.0,1.1988931873929687e-06,0.6597937941551208,0.0,0.0,0.0,off,1.0,1.0,0.0,0.0,,,1.0003722064412883,0.00010003722064412884,1.0111176240751236,9.893727323330319e-05,6.508,8.59,1597.057289838791
12.0,0.25,risk,1.0,1.0,1.0,0.0,1.0,1.0,1.0,1.1988931873929687e-06,0.6597937941551208,0.0,0.0,0.0,off,1.0,1.0,0.0,0.0,,,1.1345701870070257,0.00011345701870070258,1.004162459564352,0.00011298671606377818,6.894,9.81,1582.947586297989
13.0,0.25,risk,1.0,1.0,1.0,0.0,1.0,1.0,1.0,1.1988931873929687e-06,0.6597937941551208,0.0,0.0,0.0,off,1.0,1.0,0.0,0.0,,,1.173072891728074,0.0001173072891728074,1.111148848002507,0.00010557297465923552,7.494,10.39,1562.6316821575165
14.0,0.25,risk,1.0,1.0,1.0,0.0,1.0,1.0,1.0,1.1988931873929687e-06,0.6597937941551208,0.0,0.0,0.0,off,1.0,1.0,0.0,0.0,,,1.3145226308575655,0.00013145226308575655,1.0552366590053206,0.00012457135749023836,7.974,10.82,1549.8937439918518
15.0,0.25,risk,1.0,1.0,1.0,0.0,1.0,1.0,1.0,1.1988931873929687e-06,0.6597937941551208,0.0,0.0,0.0,off,1.0,1.0,0.0,0.0,,,1.4128494980995878,0.00014128494980995878,1.3587487443424742,0.00010398165988983446,8.664,11.56,1534.3000056743622
16.0,0.25,risk,1.0,1.0,1.0,0.0,1.0,1.0,1.0,1.1988931873929687e-06,0.6597937941551208,0.0,0.0,0.0,off,1.0,1.0,0.0,0.0,,,1.5657759275803698,0.000156577592758037,1.1665104529658124,0.00013422733792049947,9.168,14.03,1516.6842079162598
17.0,0.25,risk,1.0,1.0,1.0,0.0,1.0,1.0,1.0,1.1988931873929687e-06,0.6597937941551208,0.0,0.0,0.0,off,1.0,1.0,0.0,0.0,,,1.9867441731895275,0.00019867441731895275,1.2921413784677926,0.00015375594391578014,9.692,12.27,1500.5744576454163
18.0,0.25,risk,1.0,1.0,1.0,0.0,1.0,1.0,1.0,1.1988931873929687e-06,0.6597937941551208,0.0,0.0,0.0,off,1.0,1.0,0.0,0.0,,,2.7217875723779885,0.00027217875723779887,1.3772704590551446,0.00019762186537023596,10.302,13.05,1486.7449975013733
19.0,0.25,risk,1.0,1.0,1.0,0.0,1.0,1.0,1.0,1.1988931873929687e-06,0.6597937941551208,0.0,0.0,0.0,off,1.0,1.0,0.0,0.0,,,3.6711820578857566,0.0003671182057885757,1.0752172865578842,0.00034143629420601944,10.576,14.09,1475.7376959323883
20.0,0.25,risk,1.0,1.0,1.0,0.0,1.0,1.0,1.0,1.1988931873929687e-06,0.6597937941551208,0.0,0.0,0.0,off,1.0,1.0,0.0,0.0,,,5.873883789222656,0.0005873883789222656,1.3144686534412096,0.0004468637402531539,11.238,16.28,1462.01637673378
21.0,0.25,risk,1.0,1.0,1.0,0.0,1.0,1.0,1.0,1.1988931873929687e-06,0.6597937941551208,0.0,0.0,0.0,off,1.0,1.0,0.0,0.0,,,10.581742320581915,0.0010581742320581915,1.2696520903295458,0.0008334363721510009,11.56,17.03,1454.9328501224518
22.0,0.25,risk,1.0,1.0,1.0,0.0,1.0,1.0,1.0,1.1988931873929687e-06,0.6597937941551208,0.0,0.0,0.0,off,1.0,1.0,0.0,0.0,,,16.59078677910136,0.0016590786779101363,1.4833523090390508,0.0011184656994837087,12.19,18.69,1444.9640400409698
23.0,0.25,risk,1.0,1.0,1.0,0.0,1.0,1.0,1.0,1.1988931873929687e-06,0.6597937941551208,0.0,0.0,0.0,off,1.0,1.0,0.0,0.0,,,29.611153958811535,0.0029611153958811537,1.372765689657823,0.002157043564090857,12.718,20.32,1435.948138475418
24.0,0.25,risk,1.0,1.0,1.0,0.0,1.0,1.0,1.0,1.1988931873929687e-06,0.6597937941551208,0.0,0.0,0.0,off,1.0,1.0,0.0,0.0,,,27.931861821349674,0.0027931861821349677,1.4161047610215811,0.0019724431828899137,13.028,20.12,1427.155868768692
25.0,0.25,risk,1.0,1.0,1.0,0.0,1.0,1.0,1.0,1.1988931873929687e-06,0.6597937941551208,0.0,0.0,0.0,off,1.0,1.0,0.0,0.0,,,37.424008274197234,0.0037424008274197238,1.1686992786464294,0.0032021931525055085,13.426,20.31,1421.0277132987976
26.0,0.25,risk,1.0,1.0,1.0,0.0,1.0,1.0,1.0,1.1988931873929687e-06,0.6597937941551208,0.0,0.0,0.0,off,1.0,1.0,0.0,0.0,,,40.06220593136236,0.004006220593136236,1.322799171465325,0.0030285932132073853,13.91,20.99,1412.1382567882538
27.0,0.25,risk,1.0,1.0,1.0,0.0,1.0,1.0,1.0,1.1988931873929687e-06,0.6597937941551208,0.0,0.0,0.0,off,1.0,1.0,0.0,0.0,,,52.470948042760334,0.005247094804276034,1.4933154544662122,0.003513721624311198,14.114,20.09,1404.096479177475
28.0,0.25,risk,1.0,1.0,1.0,0.0,1.0,1.0,1.0,1.1988931873929687e-06,0.6597937941551208,0.0,0.0,0.0,off,1.0,1.0,0.0,0.0,,,56.45859738730399,0.005645859738730399,1.3400607569020253,0.004213137135500178,14.388,21.44,1407.7058990001678
29.0,0.25,risk,1.0,1.0,1.0,0.0,1.0,1.0,1.0,1.1988931873929687e-06,0.6597937941551208,0.0,0.0,0.0,off,1.0,1.0,0.0,0.0,,,55.40426581789311,0.005540426581789311,1.4572074703315825,0.0038020849430099386,14.712,18.86,1402.1983170509338
30.0,0.25,risk,1.0,1.0,1.0,0.0,1.0,1.0,1.0,1.1988931873929687e-06,0.6597937941551208,0.0,0.0,0.0,off,1.0,1.0,0.0,0.0,,,70.78504244389629,0.007078504244389629,1.189576873360943,0.005950438683622474,14.536,21.78,1395.5871586799622
31.0,0.25,risk,1.0,1.0,1.0,0.0,1.0,1.0,1.0,1.1988931873929687e-06,0.6597937941551208,0.0,0.0,0.0,off,1.0,1.0,0.0,0.0,,,87.90006535129483,0.008790006535129484,1.327166471375089,0.006623137884143562,15.222,23.74,1389.1830167770386
32.0,0.25,risk,1.0,1.0,1.0,0.0,1.0,1.0,1.0,1.1988931873929687e-06,0.6597937941551208,0.0,0.0,0.0,off,1.0,1.0,0.0,0.0,,,64.0553107074896,0.0064055310707489595,1.5481135537651893,0.004137636451260293,15.596,24.56,1383.399209022522
33.0,0.25,risk,1.0,1.0,1.0,0.0,1.0,1.0,1.0,1.1988931873929687e-06,0.6597937941551208,0.0,0.0,0.0,off,1.0,1.0,0.0,0.0,,,64.94679527099778,0.0064946795270997785,1.2256856372819995,0.005298813439228966,15.81,24.61,1376.1275279521942
34.0,0.25,risk,1.0,1.0,1.0,0.0,1.0,1.0,1.0,1.1988931873929687e-06,0.6597937941551208,0.0,0.0,0.0,off,1.0,1.0,0.0,0.0,,,52.335555790284914,0.005233555579028492,1.627006338469358,0.0032166780517598192,15.902,24.65,1372.0907356739044
35.0,0.25,risk,1.0,1.0,1.0,0.0,1.0,1.0,1.0,1.1988931873929687e-06,0.6597937941551208,0.0,0.0,0.0,off,1.0,1.0,0.0,0.0,,,79.05030582535909,0.007905030582535909,1.3511653534927286,0.0058505278884642825,16.004,25.72,1376.525087594986
36.0,0.25,risk,1.0,1.0,1.0,0.0,1.0,1.0,1.0,1.1988931873929687e-06,0.6597937941551208,0.0,0.0,0.0,off,1.0,1.0,0.0,0.0,,,54.00080808889223,0.005400080808889223,1.3005085416578899,0.004152283999615407,16.37,25.61,1368.75576710701
37.0,0.25,risk,1.0,1.0,1.0,0.0,1.0,1.0,1.0,1.1988931873929687e-06,0.6597937941551208,0.0,0.0,0.0,off,1.0,1.0,0.0,0.0,,,61.18088459981717,0.0061180884599817175,1.2153064309069703,0.00503419409655872,16.834,25.26,1356.3485238552094
38.0,0.25,risk,1.0,1.0,1.0,0.0,1.0,1.0,1.0,1.1988931873929687e-06,0.6597937941551208,0.0,0.0,0.0,off,1.0,1.0,0.0,0.0,,,68.63875933281938,0.006863875933281938,1.8185404473329463,0.003774387280386549,16.782,26.87,1356.6926126480103
39.0,0.25,risk,1.0,1.0,1.0,0.0,1.0,1.0,1.0,1.1988931873929687e-06,0.6597937941551208,0.0,0.0,0.0,off,1.0,1.0,0.0,0.0,,,58.50821678520109,0.00585082167852011,1.3953822875301776,0.004192988352228583,16.912,27.72,1357.1554870605469
40.0,0.25,risk,1.0,1.0,1.0,0.0,1.0,1.0,1.0,1.1988931873929687e-06,0.6597937941551208,0.0,0.0,0.0,off,1.0,1.0,0.0,0.0,,,63.82088225791321,0.006382088225791322,1.1390526526001752,0.005602979117095767,17.454,25.74,1349.371834039688
41.0,0.25,risk,1.0,1.0,1.0,0.0,1.0,1.0,1.0,1.1988931873929687e-06,0.6597937941551208,0.0,0.0,0.0,off,1.0,1.0,0.0,0.0,,,66.52956718835851,0.006652956718835852,1.6981288587169603,0.003917816180252991,17.632,28.39,1337.3868207931519
42.0,0.25,risk,1.0,1.0,1.0,0.0,1.0,1.0,1.0,1.1988931873929687e-06,0.6597937941551208,0.0,0.0,0.0,off,1.0,1.0,0.0,0.0,,,48.02614711218575,0.004802614711218575,1.5465216608337105,0.003105429967679564,17.908,27.68,1336.9648537635803
43.0,0.25,risk,1.0,1.0,1.0,0.0,1.0,1.0,1.0,1.1988931873929687e-06,0.6597937941551208,0.0,0.0,0.0,off,1.0,1.0,0.0,0.0,,,50.18653795667023,0.005018653795667023,1.3993911586321557,0.0035863123507029588,18.252,28.63,1332.065232038498
44.0,0.25,risk,1.0,1.0,1.0,0.0,1.0,1.0,1.0,1.1988931873929687e-06,0.6597937941551208,0.0,0.0,0.0,off,1.0,1.0,0.0,0.0,,,60.293831815928044,0.006029383181592804,1.200982346546689,0.0050203761936465805,18.238,28.01,1332.6933643817902
45.0,0.25,risk,1.0,1.0,1.0,0.0,1.0,1.0,1.0,1.1988931873929687e-06,0.6597937941551208,0.0,0.0,0.0,off,1.0,1.0,0.0,0.0,,,64.65529489710596,0.006465529489710596,1.8839889964202978,0.0034318297516575335,18.964,29.41,1321.5430369377136
46.0,0.25,risk,1.0,1.0,1.0,0.0,1.0,1.0,1.0,1.1988931873929687e-06,0.6597937941551208,0.0,0.0,0.0,off,1.0,1.0,0.0,0.0,,,68.08888511033213,0.006808888511033213,1.639106827517706,0.00415402364063404,18.672,28.95,1320.3699488639832
47.0,0.25,risk,1.0,1.0,1.0,0.0,1.0,1.0,1.0,1.1988931873929687e-06,0.6597937941551208,0.0,0.0,0.0,off,1.0,1.0,0.0,0.0,,,52.72846582831939,0.005272846582831939,1.2413530330952345,0.004247660771959797,19.214,30.65,1316.6483325958252
48.0,0.25,risk,1.0,1.0,1.0,0.0,1.0,1.0,1.0,1.1988931873929687e-06,0.6597937941551208,0.0,0.0,0.0,off,1.0,1.0,0.0,0.0,,,61.48445847928537,0.006148445847928538,1.4482162177080928,0.0042455303101486454,19.462,30.45,1309.3174757957458
49.0,0.25,risk,1.0,1.0,1.0,0.0,1.0,1.0,1.0,1.1988931873929687e-06,0.6597937941551208,0.0,0.0,0.0,off,1.0,1.0,0.0,0.0,,,60.132553732425386,0.006013255373242539,1.6303512730218852,0.003688318875046396,19.568,30.85,1306.9841749668121
50.0,0.25,risk,1.0,1.0,1.0,0.0,1.0,1.0,1.0,1.1988931873929687e-06,0.6597937941551208,0.0,0.0,0.0,off,1.0,1.0,0.0,0.0,,,59.04233031841014,0.005904233031841014,1.4115065414649033,0.0041829299818287955,20.004,29.7,1298.1748321056366
51.0,0.25,risk,1.0,1.0,1.0,0.0,1.0,1.0,1.0,1.1988931873929687e-06,0.6597937941551208,0.0,0.0,0.0,off,1.0,1.0,0.0,0.0,,,67.85511847771208,0.006785511847771208,1.530079901192132,0.004434743468288427,19.96,31.9,1303.4768273830414
52.0,0.25,risk,1.0,1.0,1.0,0.0,1.0,1.0,1.0,1.1988931873929687e-06,0.6597937941551208,0.0,0.0,0.0,off,1.0,1.0,0.0,0.0,,,61.87427459831031,0.0061874274598310314,1.4176878072050485,0.004364449936287071,20.378,31.59,1294.3453567028046
53.0,0.25,risk,1.0,1.0,1.0,0.0,1.0,1.0,1.0,1.1988931873929687e-06,0.6597937941551208,0.0,0.0,0.0,off,1.0,1.0,0.0,0.0,,,57.836260195281085,0.005783626019528108,1.4289197704829777,0.004047551261449222,20.616,30.16,1289.2195088863373
54.0,0.25,risk,1.0,1.0,1.0,0.0,1.0,1.0,1.0,1.1988931873929687e-06,0.6597937941551208,0.0,0.0,0.0,off,1.0,1.0,0.0,0.0,,,63.13800882056283,0.0063138008820562835,1.3655560670820726,0.004623611607209689,20.612,31.85,1286.5812423229218
55.0,0.25,risk,1.0,1.0,1.0,0.0,1.0,1.0,1.0,1.1988931873929687e-06,0.6597937941551208,0.0,0.0,0.0,off,1.0,1.0,0.0,0.0,,,53.72956889489961,0.005372956889489961,1.61836096037591,0.0033199990737801414,20.714,32.22,1285.3542952537537
56.0,0.25,risk,1.0,1.0,1.0,0.0,1.0,1.0,1.0,1.1988931873929687e-06,0.6597937941551208,0.0,0.0,0.0,off,1.0,1.0,0.0,0.0,,,57.793320197158074,0.005779332019715808,1.4826746042520744,0.00389790990089235,21.222,33.64,1277.981375694275
57.0,0.25,risk,1.0,1.0,1.0,0.0,1.0,1.0,1.0,1.1988931873929687e-06,0.6597937941551208,0.0,0.0,0.0,off,1.0,1.0,0.0,0.0,,,54.489693188749506,0.0054489693188749504,1.8765806660899258,0.0029036691133712423,21.456,34.04,1274.534927368164
58.0,0.25,risk,1.0,1.0,1.0,0.0,1.0,1.0,1.0,1.1988931873929687e-06,0.6597937941551208,0.0,0.0,0.0,off,1.0,1.0,0.0,0.0,,,59.61694988352848,0.005961694988352848,1.587631719497419,0.003755086847370424,21.526,33.9,1269.29124045372
59.0,0.25,risk,1.0,1.0,1.0,0.0,1.0,1.0,1.0,1.1988931873929687e-06,0.6597937941551208,0.0,0.0,0.0,off,1.0,1.0,0.0,0.0,,,59.07551970509548,0.005907551970509548,1.3301037050168947,0.004441422084779857,21.898,34.61,1268.7403254508972
60.0,0.25,risk,1.0,1.0,1.0,0.0,1.0,1.0,1.0,1.1988931873929687e-06,0.6597937941551208,0.0,0.0,0.0,off,1.0,1.0,0.0,0.0,,,57.49480106650754,0.005749480106650755,1.3547215884956123,0.004244030770215615,22.306,34.83,1261.966999053955
61.0,0.25,risk,1.0,1.0,1.0,0.0,1.0,1.0,1.0,1.1988931873929687e-06,0.6597937941551208,0.0,0.0,0.0,off,1.0,1.0,0.0,0.0,,,64.03889614138066,0.006403889614138066,2.106108458758142,0.003040626700637294,22.276,34.32,1261.3624098300934
62.0,0.25,risk,1.0,1.0,1.0,0.0,1.0,1.0,1.0,1.1988931873929687e-06,0.6597937941551208,0.0,0.0,0.0,off,1.0,1.0,0.0,0.0,,,56.773446862726686,0.005677344686272669,1.5475832827413427,0.003668522883121347,22.524,34.17,1256.86048579216
63.0,0.25,risk,1.0,1.0,1.0,0.0,1.0,1.0,1.0,1.1988931873929687e-06,0.6597937941551208,0.0,0.0,0.0,off,1.0,1.0,0.0,0.0,,,55.27596695736553,0.0055275966957365535,1.4571547502374096,0.0037934177511592094,22.694,35.81,1257.900342464447
64.0,0.25,risk,1.0,1.0,1.0,0.0,1.0,1.0,1.0,1.1988931873929687e-06,0.6597937941551208,0.0,0.0,0.0,off,1.0,1.0,0.0,0.0,,,50.05871618094414,0.0050058716180944145,1.3855620037003789,0.0036128817077297035,22.76,34.22,1248.5461292266846
65.0,0.25,risk,1.0,1.0,1.0,0.0,1.0,1.0,1.0,1.1988931873929687e-06,0.6597937941551208,0.0,0.0,0.0,off,1.0,1.0,0.0,0.0,,,49.99280340498182,0.004999280340498183,1.7647872758485366,0.002832794869338829,22.596,35.01,1257.4857919216156
66.0,0.25,risk,1.0,1.0,1.0,0.0,1.0,1.0,1.0,1.1988931873929687e-06,0.6597937941551208,0.0,0.0,0.0,off,1.0,1.0,0.0,0.0,,,57.0184725449943,0.0057018472544994305,1.390419856588517,0.0041008097140451324,22.712,36.69,1248.7344222068787
67.0,0.25,risk,1.0,1.0,1.0,0.0,1.0,1.0,1.0,1.1988931873929687e-06,0.6597937941551208,0.0,0.0,0.0,off,1.0,1.0,0.0,0.0,,,65.95781171595061,0.006595781171595061,1.3336261026672174,0.004945749905767195,23.21,34.91,1244.8138465881348
68.0,0.25,risk,1.0,1.0,1.0,0.0,1.0,1.0,1.0,1.1988931873929687e-06,0.6597937941551208,0.0,0.0,0.0,off,1.0,1.0,0.0,0.0,,,51.609455774390135,0.005160945577439013,1.3208827627880018,0.003907194281607362,23.382,34.87,1239.2887597084045
69.0,0.25,risk,1.0,1.0,1.0,0.0,1.0,1.0,1.0,1.1988931873929687e-06,0.6597937941551208,0.0,0.0,0.0,off,1.0,1.0,0.0,0.0,,,60.65279792207277,0.006065279792207277,1.2768448879703813,0.004750208775827414,23.568,36.72,1239.6285846233368
70.0,0.25,risk,1.0,1.0,1.0,0.0,1.0,1.0,1.0,1.1988931873929687e-06,0.6597937941551208,0.0,0.0,0.0,off,1.0,1.0,0.0,0.0,,,56.22071199243107,0.0056220711992431074,1.5853256181076885,0.0035463195289519443,23.748,37.21,1237.6878757476807
71.0,0.25,risk,1.0,1.0,1.0,0.0,1.0,1.0,1.0,1.1988931873929687e-06,0.6597937941551208,0.0,0.0,0.0,off,1.0,1.0,0.0,0.0,,,49.817117436944834,0.004981711743694483,1.526052396680022,0.003264443445410108,24.364,36.5,1224.9692091941833
72.0,0.25,risk,1.0,1.0,1.0,0.0,1.0,1.0,1.0,1.1988931873929687e-06,0.6597937941551208,0.0,0.0,0.0,off,1.0,1.0,0.0,0.0,,,46.910603776115785,0.004691060377611579,1.6402702884964506,0.002859931323825677,24.01,37.05,1226.4620842933655
73.0,0.25,risk,1.0,1.0,1.0,0.0,1.0,1.0,1.0,1.1988931873929687e-06,0.6597937941551208,0.0,0.0,0.0,off,1.0,1.0,0.0,0.0,,,57.69870489809902,0.005769870489809902,1.8686909820930713,0.0030876536276464622,24.422,36.23,1224.813954591751
74.0,0.25,risk,1.0,1.0,1.0,0.0,1.0,1.0,1.0,1.1988931873929687e-06,0.6597937941551208,0.0,0.0,0.0,off,1.0,1.0,0.0,0.0,,,52.10763524252476,0.005210763524252476,1.4959288477952606,0.003483296369297401,24.618,39.03,1219.5852012634277
75.0,0.25,risk,1.0,1.0,1.0,0.0,1.0,1.0,1.0,1.1988931873929687e-06,0.6597937941551208,0.0,0.0,0.0,off,1.0,1.0,0.0,0.0,,,49.7596773794462,0.004975967737944621,2.019862138578168,0.0024635184960926744,24.222,37.89,1228.9651777744293
76.0,0.25,risk,1.0,1.0,1.0,0.0,1.0,1.0,1.0,1.1988931873929687e-06,0.6597937941551208,0.0,0.0,0.0,off,1.0,1.0,0.0,0.0,,,60.67114202453039,0.006067114202453039,2.296748835361854,0.0026416097872962075,24.554,38.12,1222.496276140213
77.0,0.25,risk,1.0,1.0,1.0,0.0,1.0,1.0,1.0,1.1988931873929687e-06,0.6597937941551208,0.0,0.0,0.0,off,1.0,1.0,0.0,0.0,,,58.903535027508454,0.005890353502750845,1.6554860690777358,0.0035580809846574766,25.17,36.88,1212.1127588748932
78.0,0.25,risk,1.0,1.0,1.0,0.0,1.0,1.0,1.0,1.1988931873929687e-06,0.6597937941551208,0.0,0.0,0.0,off,1.0,1.0,0.0,0.0,,,60.48713967093197,0.006048713967093197,1.4308129400238574,0.0042274666365488284,24.988,37.37,1215.2568798065186
79.0,0.25,risk,1.0,1.0,1.0,0.0,1.0,1.0,1.0,1.1988931873929687e-06,0.6597937941551208,0.0,0.0,0.0,off,1.0,1.0,0.0,0.0,,,50.968052813698435,0.0050968052813698435,1.9699682019690825,0.0025872525639121127,25.034,39.74,1212.4753684997559
80.0,0.25,risk,1.0,1.0,1.0,0.0,1.0,1.0,1.0,1.1988931873929687e-06,0.6597937941551208,0.0,0.0,0.0,off,1.0,1.0,0.0,0.0,,,63.00473770802961,0.006300473770802961,1.880586226814968,0.003350271144691771,25.484,37.63,1207.1104140281677
81.0,0.25,risk,1.0,1.0,1.0,0.0,1.0,1.0,1.0,1.1988931873929687e-06,0.6597937941551208,0.0,0.0,0.0,off,1.0,1.0,0.0,0.0,,,56.443538450457766,0.005644353845045777,1.570751296107257,0.0035934102738186496,25.682,38.4,1201.0620739459991
82.0,0.25,risk,1.0,1.0,1.0,0.0,1.0,1.0,1.0,1.1988931873929687e-06,0.6597937941551208,0.0,0.0,0.0,off,1.0,1.0,0.0,0.0,,,50.655119210564585,0.0050655119210564585,1.2767824913366106,0.003967403966946307,24.466,40.23,1232.4614820480347
83.0,0.25,risk,1.0,1.0,1.0,0.0,1.0,1.0,1.0,1.1988931873929687e-06,0.6597937941551208,0.0,0.0,0.0,off,1.0,1.0,0.0,0.0,,,63.6073484362664,0.006360734843626641,1.4994273786640273,0.004242109310618286,25.714,39.77,1190.680192232132
84.0,0.25,risk,1.0,1.0,1.0,0.0,1.0,1.0,1.0,1.1988931873929687e-06,0.6597937941551208,0.0,0.0,0.0,off,1.0,1.0,0.0,0.0,,,59.0464955317954,0.00590464955317954,1.3911900329459093,0.004244315595530951,26.082,40.45,1191.1406753063202
85.0,0.25,risk,1.0,1.0,1.0,0.0,1.0,1.0,1.0,1.1988931873929687e-06,0.6597937941551208,0.0,0.0,0.0,off,1.0,1.0,0.0,0.0,,,65.82881603878785,0.006582881603878785,1.749416154098177,0.003762902033605753,26.454,39.89,1187.9621906280518
86.0,0.25,risk,1.0,1.0,1.0,0.0,1.0,1.0,1.0,1.1988931873929687e-06,0.6597937941551208,0.0,0.0,0.0,off,1.0,1.0,0.0,0.0,,,56.48856649398668,0.005648856649398668,1.6380241410348668,0.003448579607520221,26.332,40.62,1187.9744844436646
87.0,0.25,risk,1.0,1.0,1.0,0.0,1.0,1.0,1.0,1.1988931873929687e-06,0.6597937941551208,0.0,0.0,0.0,off,1.0,1.0,0.0,0.0,,,52.38591771718355,0.005238591771718356,1.4615410776476527,0.0035842932175056334,26.342,40.3,1185.9014568328857
88.0,0.25,risk,1.0,1.0,1.0,0.0,1.0,1.0,1.0,1.1988931873929687e-06,0.6597937941551208,0.0,0.0,0.0,off,1.0,1.0,0.0,0.0,,,48.555177976136555,0.004855517797613656,1.851030715847587,0.0026231427474666807,26.838,40.68,1180.3939414024353
89.0,0.25,risk,1.0,1.0,1.0,0.0,1.0,1.0,1.0,1.1988931873929687e-06,0.6597937941551208,0.0,0.0,0.0,off,1.0,1.0,0.0,0.0,,,65.10898600179,0.0065108986001790005,1.7455091462171985,0.0037300856396479927,26.692,42.62,1180.4487438201904
90.0,0.25,risk,1.0,1.0,1.0,0.0,1.0,1.0,1.0,1.1988931873929687e-06,0.6597937941551208,0.0,0.0,0.0,off,1.0,1.0,0.0,0.0,,,53.79470446825598,0.005379470446825598,2.1160123929714847,0.0025422679303268576,27.148,41.95,1176.500060081482
91.0,0.25,risk,1.0,1.0,1.0,0.0,1.0,1.0,1.0,1.1988931873929687e-06,0.6597937941551208,0.0,0.0,0.0,off,1.0,1.0,0.0,0.0,,,70.48658016664713,0.007048658016664713,1.4981187118268757,0.004705006326280546,27.352,40.53,1171.002963066101
92.0,0.25,risk,1.0,1.0,1.0,0.0,1.0,1.0,1.0,1.1988931873929687e-06,0.6597937941551208,0.0,0.0,0.0,off,1.0,1.0,0.0,0.0,,,51.173095543843345,0.005117309554384335,1.5963818034819004,0.003205567454616977,27.434,41.48,1171.773329257965
93.0,0.25,risk,1.0,1.0,1.0,0.0,1.0,1.0,1.0,1.1988931873929687e-06,0.6597937941551208,0.0,0.0,0.0,off,1.0,1.0,0.0,0.0,,,48.84687065124248,0.004884687065124248,1.5942688605942776,0.003063904204528864,27.03,42.6,1182.2482824325562
94.0,0.25,risk,1.0,1.0,1.0,0.0,1.0,1.0,1.0,1.1988931873929687e-06,0.6597937941551208,0.0,0.0,0.0,off,1.0,1.0,0.0,0.0,,,49.067044260271295,0.00490670442602713,1.7094812585815302,0.0028702885167039196,27.706,42.48,1164.9129366874695
95.0,0.25,risk,1.0,1.0,1.0,0.0,1.0,1.0,1.0,1.1988931873929687e-06,0.6597937941551208,0.0,0.0,0.0,off,1.0,1.0,0.0,0.0,,,51.79851821778515,0.005179851821778515,2.159811528835522,0.002398288810214505,27.66,43.66,1169.3690326213837
96.0,0.25,risk,1.0,1.0,1.0,0.0,1.0,1.0,1.0,1.1988931873929687e-06,0.6597937941551208,0.0,0.0,0.0,off,1.0,1.0,0.0,0.0,,,55.78076262808775,0.005578076262808775,1.4356454916634052,0.0038854134221852766,28.11,43.79,1159.1431324481964
97.0,0.25,risk,1.0,1.0,1.0,0.0,1.0,1.0,1.0,1.1988931873929687e-06,0.6597937941551208,0.0,0.0,0.0,off,1.0,1.0,0.0,0.0,,,44.3683600091943,0.00443683600091943,1.535401953395012,0.0028896902150664172,28.194,43.25,1161.6836833953857
98.0,0.25,risk,1.0,1.0,1.0,0.0,1.0,1.0,1.0,1.1988931873929687e-06,0.6597937941551208,0.0,0.0,0.0,off,1.0,1.0,0.0,0.0,,,53.31029381161743,0.005331029381161743,1.581082812442321,0.003371758480459873,28.186,42.31,1158.114144563675
99.0,0.25,risk,1.0,1.0,1.0,0.0,1.0,1.0,1.0,1.1988931873929687e-06,0.6597937941551208,0.0,0.0,0.0,off,1.0,1.0,0.0,0.0,,,51.33046930902213,0.0051330469309022134,1.5923984783440313,0.003223468874599891,28.17,42.54,1157.1346118450165
100.0,0.25,risk,1.0,1.0,1.0,0.0,1.0,1.0,1.0,1.1988931873929687e-06,0.6597937941551208,0.0,0.0,0.0,off,1.0,1.0,0.0,0.0,,,57.63570590032546,0.005763570590032546,1.8981479163833954,0.0030364180474480988,28.474,43.22,1154.8753054141998
101.0,0.25,risk,1.0,1.0,1.0,0.0,1.0,1.0,1.0,1.1988931873929687e-06,0.6597937941551208,0.0,0.0,0.0,off,1.0,1.0,0.0,0.0,,,52.30100153156457,0.005230100153156458,2.175445636112148,0.002404151161645869,28.068,43.91,1159.531349658966
102.0,0.25,risk,1.0,1.0,1.0,0.0,1.0,1.0,1.0,1.1988931873929687e-06,0.6597937941551208,0.0,0.0,0.0,off,1.0,1.0,0.0,0.0,,,59.53126722245455,0.005953126722245456,2.142895634931475,0.0027780759012259702,28.548,44.71,1154.0624947547913
103.0,0.25,risk,1.0,1.0,1.0,0.0,1.0,1.0,1.0,1.1988931873929687e-06,0.6597937941551208,0.0,0.0,0.0,off,1.0,1.0,0.0,0.0,,,54.371543582590476,0.005437154358259048,2.1120528974704946,0.0025743457300576463,28.744,44.28,1146.7775192260742
104.0,0.25,risk,1.0,1.0,1.0,0.0,1.0,1.0,1.0,1.1988931873929687e-06,0.6597937941551208,0.0,0.0,0.0,off,1.0,1.0,0.0,0.0,,,60.89013132899057,0.006089013132899057,2.6297542292303815,0.0023154304935488423,28.594,44.07,1150.7721571922302
105.0,0.25,risk,1.0,1.0,1.0,0.0,1.0,1.0,1.0,1.1988931873929687e-06,0.6597937941551208,0.0,0.0,0.0,off,1.0,1.0,0.0,0.0,,,48.77231809134096,0.004877231809134097,1.7871573932102194,0.002729044362664256,29.25,43.93,1142.6246392726898
106.0,0.25,risk,1.0,1.0,1.0,0.0,1.0,1.0,1.0,1.1988931873929687e-06,0.6597937941551208,0.0,0.0,0.0,off,1.0,1.0,0.0,0.0,,,57.428297453886714,0.0057428297453886714,2.0022783296097812,0.0028681475799160632,29.294,44.23,1139.5576560497284
107.0,0.25,risk,1.0,1.0,1.0,0.0,1.0,1.0,1.0,1.1988931873929687e-06,0.6597937941551208,0.0,0.0,0.0,off,1.0,1.0,0.0,0.0,,,67.8472444837081,0.00678472444837081,1.757288563677082,0.0038609051402314623,29.276,44.83,1133.1239211559296
108.0,0.25,risk,1.0,1.0,1.0,0.0,1.0,1.0,1.0,1.1988931873929687e-06,0.6597937941551208,0.0,0.0,0.0,off,1.0,1.0,0.0,0.0,,,60.41661407235476,0.0060416614072354765,1.840914427696482,0.003281880632982679,29.69,45.25,1133.4667527675629
109.0,0.25,risk,1.0,1.0,1.0,0.0,1.0,1.0,1.0,1.1988931873929687e-06,0.6597937941551208,0.0,0.0,0.0,off,1.0,1.0,0.0,0.0,,,60.250562186902734,0.006025056218690273,1.65658494963207,0.0036370342613751545,29.414,45.28,1136.3396089076996
110.0,0.25,risk,1.0,1.0,1.0,0.0,1.0,1.0,1.0,1.1988931873929687e-06,0.6597937941551208,0.0,0.0,0.0,off,1.0,1.0,0.0,0.0,,,64.50562275730437,0.006450562275730437,2.5123210379310565,0.002567570855133465,29.754,44.84,1127.3255348205566
111.0,0.25,risk,1.0,1.0,1.0,0.0,1.0,1.0,1.0,1.1988931873929687e-06,0.6597937941551208,0.0,0.0,0.0,off,1.0,1.0,0.0,0.0,,,57.90914504456528,0.005790914504456528,1.5475782650680938,0.003741920286145739,29.622,44.93,1131.3971734046936
112.0,0.25,risk,1.0,1.0,1.0,0.0,1.0,1.0,1.0,1.1988931873929687e-06,0.6597937941551208,0.0,0.0,0.0,off,1.0,1.0,0.0,0.0,,,57.368548152039445,0.005736854815203945,2.16358598292232,0.002651549261497465,29.762,44.94,1129.787549495697
113.0,0.25,risk,1.0,1.0,1.0,0.0,1.0,1.0,1.0,1.1988931873929687e-06,0.6597937941551208,0.0,0.0,0.0,off,1.0,1.0,0.0,0.0,,,47.280450235840135,0.004728045023584013,1.9246563132941201,0.0024565658766846485,29.898,46.58,1130.188907623291
114.0,0.25,risk,1.0,1.0,1.0,0.0,1.0,1.0,1.0,1.1988931873929687e-06,0.6597937941551208,0.0,0.0,0.0,off,1.0,1.0,0.0,0.0,,,62.115837291196044,0.006211583729119605,2.5140495038070703,0.0024707483761609674,29.782,45.45,1126.175089597702
115.0,0.25,risk,1.0,1.0,1.0,0.0,1.0,1.0,1.0,1.1988931873929687e-06,0.6597937941551208,0.0,0.0,0.0,off,1.0,1.0,0.0,0.0,,,56.651959367247805,0.005665195936724781,1.5142116642840362,0.003741350083578607,30.212,46.09,1127.0094833374023
116.0,0.25,risk,1.0,1.0,1.0,0.0,1.0,1.0,1.0,1.1988931873929687e-06,0.6597937941551208,0.0,0.0,0.0,off,1.0,1.0,0.0,0.0,,,54.32130216132874,0.005432130216132874,1.9264023417680964,0.0028198316096040145,30.736,45.6,1115.6045680046082
117.0,0.25,risk,1.0,1.0,1.0,0.0,1.0,1.0,1.0,1.1988931873929687e-06,0.6597937941551208,0.0,0.0,0.0,off,1.0,1.0,0.0,0.0,,,54.59519046429072,0.005459519046429072,1.65204610867482,0.0033047013747142906,30.394,46.69,1123.1761329174042
118.0,0.25,risk,1.0,1.0,1.0,0.0,1.0,1.0,1.0,1.1988931873929687e-06,0.6597937941551208,0.0,0.0,0.0,off,1.0,1.0,0.0,0.0,,,66.59138343706188,0.006659138343706188,1.836261695625967,0.0036264647678315486,30.086,47.68,1121.4506995677948
119.0,0.25,risk,1.0,1.0,1.0,0.0,1.0,1.0,1.0,1.1988931873929687e-06,0.6597937941551208,0.0,0.0,0.0,off,1.0,1.0,0.0,0.0,,,57.08306079391055,0.005708306079391055,1.540709973611035,0.003704984180774937,30.396,45.99,1122.466504573822
120.0,0.25,risk,1.0,1.0,1.0,0.0,1.0,1.0,1.0,1.1988931873929687e-06,0.6597937941551208,0.0,0.0,0.0,off,1.0,1.0,0.0,0.0,,,54.55408678184319,0.00545540867818432,2.107594831385091,0.0025884522949788584,30.516,45.85,1120.0358395576477
121.0,0.25,risk,1.0,1.0,1.0,0.0,1.0,1.0,1.0,1.1988931873929687e-06,0.6597937941551208,0.0,0.0,0.0,off,1.0,1.0,0.0,0.0,,,53.33199962373904,0.005333199962373904,1.9786030451630896,0.0026954370536381674,30.878,46.42,1111.670978307724
122.0,0.25,risk,1.0,1.0,1.0,0.0,1.0,1.0,1.0,1.1988931873929687e-06,0.6597937941551208,0.0,0.0,0.0,off,1.0,1.0,0.0,0.0,,,59.56762887932125,0.005956762887932125,1.5213034316350427,0.0039155652738717675,31.262,47.72,1106.4848685264587
123.0,0.25,risk,1.0,1.0,1.0,0.0,1.0,1.0,1.0,1.1988931873929687e-06,0.6597937941551208,0.0,0.0,0.0,off,1.0,1.0,0.0,0.0,,,54.30109901299572,0.005430109901299572,1.571020340099734,0.0034564224044068385,31.144,47.61,1110.0191247463226
124.0,0.25,risk,1.0,1.0,1.0,0.0,1.0,1.0,1.0,1.1988931873929687e-06,0.6597937941551208,0.0,0.0,0.0,off,1.0,1.0,0.0,0.0,,,56.818094842024905,0.005681809484202491,1.7079041051901571,0.003326773129086121,31.422,47.11,1099.877533197403
125.0,0.25,risk,1.0,1.0,1.0,0.0,1.0,1.0,1.0,1.1988931873929687e-06,0.6597937941551208,0.0,0.0,0.0,off,1.0,1.0,0.0,0.0,,,63.37561497540396,0.006337561497540396,1.765757634962551,0.0035891457423457814,31.16,46.63,1106.7044098377228
126.0,0.25,risk,1.0,1.0,1.0,0.0,1.0,1.0,1.0,1.1988931873929687e-06,0.6597937941551208,0.0,0.0,0.0,off,1.0,1.0,0.0,0.0,,,54.996166634811075,0.0054996166634811074,1.5655437967443186,0.0035129114081113716,31.482,48.1,1098.3235952854156
127.0,0.25,risk,1.0,1.0,1.0,0.0,1.0,1.0,1.0,1.1988931873929687e-06,0.6597937941551208,0.0,0.0,0.0,off,1.0,1.0,0.0,0.0,,,52.27408941122107,0.0052274089411221076,1.9337898359589125,0.002703193927239762,31.302,47.92,1103.0067791938782
128.0,0.25,risk,1.0,1.0,1.0,0.0,1.0,1.0,1.0,1.1988931873929687e-06,0.6597937941551208,0.0,0.0,0.0,off,1.0,1.0,0.0,0.0,,,59.267958605417604,0.005926795860541761,1.6615758015095579,0.0035669729031665054,31.468,49.07,1096.8694174289703
129.0,0.25,risk,1.0,1.0,1.0,0.0,1.0,1.0,1.0,1.1988931873929687e-06,0.6597937941551208,0.0,0.0,0.0,off,1.0,1.0,0.0,0.0,,,55.84567472869212,0.005584567472869212,1.5966611659994145,0.0034976534732549885,31.7,49.01,1095.4515323638916
130.0,0.25,risk,1.0,1.0,1.0,0.0,1.0,1.0,1.0,1.1988931873929687e-06,0.6597937941551208,0.0,0.0,0.0,off,1.0,1.0,0.0,0.0,,,57.6889134793888,0.005768891347938881,1.8353231978842237,0.0031432563782713085,31.624,47.59,1096.670429944992
131.0,0.25,risk,1.0,1.0,1.0,0.0,1.0,1.0,1.0,1.1988931873929687e-06,0.6597937941551208,0.0,0.0,0.0,off,1.0,1.0,0.0,0.0,,,58.72836696313263,0.005872836696313263,1.5644612858876352,0.003753903499747625,31.954,48.18,1094.4356937408447
132.0,0.25,risk,1.0,1.0,1.0,0.0,1.0,1.0,1.0,1.1988931873929687e-06,0.6597937941551208,0.0,0.0,0.0,off,1.0,1.0,0.0,0.0,,,60.84523593232321,0.0060845235932323214,1.793244753617798,0.0033930246169448113,31.934,47.7,1090.3151443004608
133.0,0.25,risk,1.0,1.0,1.0,0.0,1.0,1.0,1.0,1.1988931873929687e-06,0.6597937941551208,0.0,0.0,0.0,off,1.0,1.0,0.0,0.0,,,64.26690171886723,0.006426690171886723,1.5425663114687571,0.004166232676096459,31.826,48.64,1093.107161283493
134.0,0.25,risk,1.0,1.0,1.0,0.0,1.0,1.0,1.0,1.1988931873929687e-06,0.6597937941551208,0.0,0.0,0.0,off,1.0,1.0,0.0,0.0,,,60.00925021143448,0.006000925021143448,1.7308736160272808,0.0034669920238987947,32.002,48.26,1085.4178082942963
135.0,0.25,risk,1.0,1.0,1.0,0.0,1.0,1.0,1.0,1.1988931873929687e-06,0.6597937941551208,0.0,0.0,0.0,off,1.0,1.0,0.0,0.0,,,67.36953061083594,0.006736953061083594,1.9810016502757868,0.003400781145308841,32.004,49.33,1092.4478957653046
136.0,0.25,risk,1.0,1.0,1.0,0.0,1.0,1.0,1.0,1.1988931873929687e-06,0.6597937941551208,0.0,0.0,0.0,off,1.0,1.0,0.0,0.0,,,64.75807587833162,0.0064758075878331624,1.5894082361490256,0.004074351346966331,31.926,48.27,1088.9517314434052
137.0,0.25,risk,1.0,1.0,1.0,0.0,1.0,1.0,1.0,1.1988931873929687e-06,0.6597937941551208,0.0,0.0,0.0,off,1.0,1.0,0.0,0.0,,,68.78290606692725,0.006878290606692726,2.3714895413351496,0.002900409420663203,32.398,48.32,1088.481852531433
138.0,0.25,risk,1.0,1.0,1.0,0.0,1.0,1.0,1.0,1.1988931873929687e-06,0.6597937941551208,0.0,0.0,0.0,off,1.0,1.0,0.0,0.0,,,64.09209230986403,0.0064092092309864035,1.7492442282806109,0.0036639876395568984,32.962,48.51,1081.0204672813416
139.0,0.25,risk,1.0,1.0,1.0,0.0,1.0,1.0,1.0,1.1988931873929687e-06,0.6597937941551208,0.0,0.0,0.0,off,1.0,1.0,0.0,0.0,,,58.27961744675872,0.005827961744675873,2.456440712541047,0.0023725228599745774,32.422,49.08,1086.3835995197296
140.0,0.25,risk,1.0,1.0,1.0,0.0,1.0,1.0,1.0,1.1988931873929687e-06,0.6597937941551208,0.0,0.0,0.0,off,1.0,1.0,0.0,0.0,,,63.89774448295542,0.006389774448295542,1.4564575583238444,0.004387202642313296,32.496,50.01,1083.7284388542175
141.0,0.25,risk,1.0,1.0,1.0,0.0,1.0,1.0,1.0,1.1988931873929687e-06,0.6597937941551208,0.0,0.0,0.0,off,1.0,1.0,0.0,0.0,,,66.7150183963014,0.00667150183963014,1.7481297151120652,0.003816365445857351,32.402,48.66,1081.5152380466461
142.0,0.25,risk,1.0,1.0,1.0,0.0,1.0,1.0,1.0,1.1988931873929687e-06,0.6597937941551208,0.0,0.0,0.0,off,1.0,1.0,0.0,0.0,,,76.05361110197884,0.007605361110197885,1.671914227852727,0.004548894305400824,33.084,48.96,1071.1037337779999
143.0,0.25,risk,1.0,1.0,1.0,0.0,1.0,1.0,1.0,1.1988931873929687e-06,0.6597937941551208,0.0,0.0,0.0,off,1.0,1.0,0.0,0.0,,,60.528564478235765,0.0060528564478235765,2.1669409663842907,0.0027932724249166963,32.798,48.94,1071.3971600532532
144.0,0.25,risk,1.0,1.0,1.0,0.0,1.0,1.0,1.0,1.1988931873929687e-06,0.6597937941551208,0.0,0.0,0.0,off,1.0,1.0,0.0,0.0,,,60.532733340248654,0.006053273334024866,1.5930037135637578,0.003799911627627597,33.13,49.17,1075.8370070457458
145.0,0.25,risk,1.0,1.0,1.0,0.0,1.0,1.0,1.0,1.1988931873929687e-06,0.6597937941551208,0.0,0.0,0.0,off,1.0,1.0,0.0,0.0,,,68.37884263027776,0.0068378842630277764,2.4607541526368935,0.0027787758706819374,33.066,49.68,1071.3540048599243
146.0,0.25,risk,1.0,1.0,1.0,0.0,1.0,1.0,1.0,1.1988931873929687e-06,0.6597937941551208,0.0,0.0,0.0,off,1.0,1.0,0.0,0.0,,,71.37906881712723,0.007137906881712724,1.7550674130691015,0.004067027185713969,33.288,50.53,1069.6180582046509
147.0,0.25,risk,1.0,1.0,1.0,0.0,1.0,1.0,1.0,1.1988931873929687e-06,0.6597937941551208,0.0,0.0,0.0,off,1.0,1.0,0.0,0.0,,,73.00162826152683,0.007300162826152683,1.6391917652458488,0.004453513604039972,33.0,49.54,1074.804107427597
148.0,0.25,risk,1.0,1.0,1.0,0.0,1.0,1.0,1.0,1.1988931873929687e-06,0.6597937941551208,0.0,0.0,0.0,off,1.0,1.0,0.0,0.0,,,60.35539611294554,0.006035539611294554,2.5468324268222764,0.0023698220376537275,33.328,50.16,1066.0887203216553
149.0,0.25,risk,1.0,1.0,1.0,0.0,1.0,1.0,1.0,1.1988931873929687e-06,0.6597937941551208,0.0,0.0,0.0,off,1.0,1.0,0.0,0.0,,,69.76142638666565,0.006976142638666565,1.6279061087557647,0.004285347048668885,33.52,50.21,1068.887092590332
150.0,0.25,risk,1.0,1.0,1.0,0.0,1.0,1.0,1.0,1.1988931873929687e-06,0.6597937941551208,0.0,0.0,0.0,off,1.0,1.0,0.0,0.0,,,67.52012463287657,0.006752012463287657,2.2923326535749347,0.0029454767189909243,33.482,48.27,1069.8030083179474
151.0,0.25,risk,1.0,1.0,1.0,0.0,1.0,1.0,1.0,1.1988931873929687e-06,0.6597937941551208,0.0,0.0,0.0,off,1.0,1.0,0.0,0.0,,,70.76161997717404,0.007076161997717404,1.69251664855328,0.004180852226042164,33.806,50.12,1064.6327669620514
152.0,0.25,risk,1.0,1.0,1.0,0.0,1.0,1.0,1.0,1.1988931873929687e-06,0.6597937941551208,0.0,0.0,0.0,off,1.0,1.0,0.0,0.0,,,62.237811410067,0.0062237811410067005,1.481257564552549,0.004201687329702684,33.62,50.38,1063.427460193634
153.0,0.25,risk,1.0,1.0,1.0,0.0,1.0,1.0,1.0,1.1988931873929687e-06,0.6597937941551208,0.0,0.0,0.0,off,1.0,1.0,0.0,0.0,,,61.11592377679206,0.006111592377679206,1.5887094971824054,0.0038468910700906528,33.564,51.43,1063.6262555122375
154.0,0.25,risk,1.0,1.0,1.0,0.0,1.0,1.0,1.0,1.1988931873929687e-06,0.6597937941551208,0.0,0.0,0.0,off,1.0,1.0,0.0,0.0,,,67.39830227952497,0.006739830227952498,1.908272660115736,0.003531901058386347,33.85,50.71,1052.477499961853
155.0,0.25,risk,1.0,1.0,1.0,0.0,1.0,1.0,1.0,1.1988931873929687e-06,0.6597937941551208,0.0,0.0,0.0,off,1.0,1.0,0.0,0.0,,,64.11324396296776,0.006411324396296776,1.7220909460933147,0.0037229882723913738,34.058,50.43,1054.5448644161224
156.0,0.25,risk,1.0,1.0,1.0,0.0,1.0,1.0,1.0,1.1988931873929687e-06,0.6597937941551208,0.0,0.0,0.0,off,1.0,1.0,0.0,0.0,,,57.619813237247556,0.0057619813237247556,1.688983500286802,0.0034115083556152726,34.2,50.5,1052.7410054206848
157.0,0.25,risk,1.0,1.0,1.0,0.0,1.0,1.0,1.0,1.1988931873929687e-06,0.6597937941551208,0.0,0.0,0.0,off,1.0,1.0,0.0,0.0,,,54.27337801743193,0.0054273378017431935,2.6933408144439133,0.0020150950717552473,34.27,50.78,1051.1100146770477
158.0,0.25,risk,1.0,1.0,1.0,0.0,1.0,1.0,1.0,1.1988931873929687e-06,0.6597937941551208,0.0,0.0,0.0,off,1.0,1.0,0.0,0.0,,,65.32563987545191,0.006532563987545191,1.5650059169098596,0.004174146510860413,34.21,50.06,1055.4184334278107
159.0,0.25,risk,1.0,1.0,1.0,0.0,1.0,1.0,1.0,1.1988931873929687e-06,0.6597937941551208,0.0,0.0,0.0,off,1.0,1.0,0.0,0.0,,,69.80895751547554,0.006980895751547554,1.7805999963617694,0.003920530026851256,33.988,51.48,1055.4911160469055
160.0,0.25,risk,1.0,1.0,1.0,0.0,1.0,1.0,1.0,1.1988931873929687e-06,0.6597937941551208,0.0,0.0,0.0,off,1.0,1.0,0.0,0.0,,,59.89531700555805,0.005989531700555805,1.7640828906314623,0.0033952665900023682,34.282,51.82,1054.427226305008
161.0,0.25,risk,1.0,1.0,1.0,0.0,1.0,1.0,1.0,1.1988931873929687e-06,0.6597937941551208,0.0,0.0,0.0,off,1.0,1.0,0.0,0.0,,,64.17099176843509,0.006417099176843509,1.5996573109119576,0.004011546181216244,34.266,51.28,1049.0200939178467
162.0,0.25,risk,1.0,1.0,1.0,0.0,1.0,1.0,1.0,1.1988931873929687e-06,0.6597937941551208,0.0,0.0,0.0,off,1.0,1.0,0.0,0.0,,,63.32117000378086,0.006332117000378086,1.6030201935119577,0.003950116802025708,34.302,50.42,1048.648826122284
163.0,0.25,risk,1.0,1.0,1.0,0.0,1.0,1.0,1.0,1.1988931873929687e-06,0.6597937941551208,0.0,0.0,0.0,off,1.0,1.0,0.0,0.0,,,63.27752301767505,0.006327752301767506,1.9134393693166312,0.00330700434162563,34.712,51.43,1041.5669481754303
164.0,0.25,risk,1.0,1.0,1.0,0.0,1.0,1.0,1.0,1.1988931873929687e-06,0.6597937941551208,0.0,0.0,0.0,off,1.0,1.0,0.0,0.0,,,71.22180400809869,0.007122180400809869,1.6826533482775317,0.0042327080667569315,34.826,51.5,1036.3220901489258
165.0,0.25,risk,1.0,1.0,1.0,0.0,1.0,1.0,1.0,1.1988931873929687e-06,0.6597937941551208,0.0,0.0,0.0,off,1.0,1.0,0.0,0.0,,,63.90254232521621,0.0063902542325216215,2.272017251163291,0.0028125905422812084,34.676,50.57,1045.3398320674896
166.0,0.25,risk,1.0,1.0,1.0,0.0,1.0,1.0,1.0,1.1988931873929687e-06,0.6597937941551208,0.0,0.0,0.0,off,1.0,1.0,0.0,0.0,,,73.59154094024954,0.007359154094024955,2.209276669926611,0.0033310242190125582,35.012,51.83,1036.0555646419525
167.0,0.25,risk,1.0,1.0,1.0,0.0,1.0,1.0,1.0,1.1988931873929687e-06,0.6597937941551208,0.0,0.0,0.0,off,1.0,1.0,0.0,0.0,,,66.59818949025279,0.00665981894902528,1.7448623270736694,0.0038168162872738195,34.844,52.52,1041.0413403511047
168.0,0.25,risk,1.0,1.0,1.0,0.0,1.0,1.0,1.0,1.1988931873929687e-06,0.6597937941551208,0.0,0.0,0.0,off,1.0,1.0,0.0,0.0,,,77.08484858664593,0.007708484858664593,1.9654211297382902,0.003922052501639194,35.18,51.35,1031.9637622833252
169.0,0.25,risk,1.0,1.0,1.0,0.0,1.0,1.0,1.0,1.1988931873929687e-06,0.6597937941551208,0.0,0.0,0.0,off,1.0,1.0,0.0,0.0,,,68.28560583288389,0.006828560583288389,2.021431324420307,0.0033780819070104396,34.96,51.05,1038.454125881195
170.0,0.25,risk,1.0,1.0,1.0,0.0,1.0,1.0,1.0,1.1988931873929687e-06,0.6597937941551208,0.0,0.0,0.0,off,1.0,1.0,0.0,0.0,,,68.44198840394306,0.006844198840394306,1.6604720721710253,0.004121839177605492,35.212,51.5,1037.8904211521149
171.0,0.25,risk,1.0,1.0,1.0,0.0,1.0,1.0,1.0,1.1988931873929687e-06,0.6597937941551208,0.0,0.0,0.0,off,1.0,1.0,0.0,0.0,,,71.8466449935586,0.00718466449935586,2.355765261130755,0.0030498219062400377,35.304,51.57,1030.094946861267
172.0,0.25,risk,1.0,1.0,1.0,0.0,1.0,1.0,1.0,1.1988931873929687e-06,0.6597937941551208,0.0,0.0,0.0,off,1.0,1.0,0.0,0.0,,,78.25330018550656,0.007825330018550656,1.9508208656209534,0.00401130116888504,35.132,51.11,1040.4909896850586
173.0,0.25,risk,1.0,1.0,1.0,0.0,1.0,1.0,1.0,1.1988931873929687e-06,0.6597937941551208,0.0,0.0,0.0,off,1.0,1.0,0.0,0.0,,,71.40501389727405,0.0071405013897274045,1.7013494026066578,0.004196963527178695,35.428,52.08,1027.5904545783997
174.0,0.25,risk,1.0,1.0,1.0,0.0,1.0,1.0,1.0,1.1988931873929687e-06,0.6597937941551208,0.0,0.0,0.0,off,1.0,1.0,0.0,0.0,,,68.37947107913692,0.006837947107913692,1.634941958144974,0.004182379119850905,35.432,52.18,1031.2435042858124
175.0,0.25,risk,1.0,1.0,1.0,0.0,1.0,1.0,1.0,1.1988931873929687e-06,0.6597937941551208,0.0,0.0,0.0,off,1.0,1.0,0.0,0.0,,,77.56214263143599,0.007756214263143599,2.2629738557772914,0.003427443159956206,35.43,52.87,1027.0067873001099
176.0,0.25,risk,1.0,1.0,1.0,0.0,1.0,1.0,1.0,1.1988931873929687e-06,0.6597937941551208,0.0,0.0,0.0,off,1.0,1.0,0.0,0.0,,,80.37552429872876,0.008037552429872877,1.834811218403981,0.004380588231231973,35.666,52.43,1025.4125056266785
177.0,0.25,risk,1.0,1.0,1.0,0.0,1.0,1.0,1.0,1.1988931873929687e-06,0.6597937941551208,0.0,0.0,0.0,off,1.0,1.0,0.0,0.0,,,69.88721225507352,0.006988721225507352,1.9946749273026663,0.003503689312903718,35.666,52.66,1027.2926349639893
178.0,0.25,risk,1.0,1.0,1.0,0.0,1.0,1.0,1.0,1.1988931873929687e-06,0.6597937941551208,0.0,0.0,0.0,off,1.0,1.0,0.0,0.0,,,76.10231660916288,0.007610231660916289,1.5892146759716437,0.00478867441635184,35.37,52.82,1032.5437383651733
179.0,0.25,risk,1.0,1.0,1.0,0.0,1.0,1.0,1.0,1.1988931873929687e-06,0.6597937941551208,0.0,0.0,0.0,off,1.0,1.0,0.0,0.0,,,72.95324703855064,0.007295324703855064,1.825398012976097,0.0039965665854762794,35.4,53.05,1026.5218133926392
180.0,0.25,risk,1.0,1.0,1.0,0.0,1.0,1.0,1.0,1.1988931873929687e-06,0.6597937941551208,0.0,0.0,0.0,off,1.0,1.0,0.0,0.0,,,75.16496217377765,0.007516496217377765,3.001132043290571,0.0025045536514069384,35.622,53.31,1027.9651696681976
181.0,0.25,risk,1.0,1.0,1.0,0.0,1.0,1.0,1.0,1.1988931873929687e-06,0.6597937941551208,0.0,0.0,0.0,off,1.0,1.0,0.0,0.0,,,74.64397011728195,0.007464397011728196,1.8313793698752934,0.0040758332951170454,35.632,53.29,1020.6368207931519
182.0,0.25,risk,1.0,1.0,1.0,0.0,1.0,1.0,1.0,1.1988931873929687e-06,0.6597937941551208,0.0,0.0,0.0,off,1.0,1.0,0.0,0.0,,,71.59096673888219,0.007159096673888219,1.6383701722417963,0.004369645392220712,35.936,52.79,1024.6825530529022
183.0,0.25,risk,1.0,1.0,1.0,0.0,1.0,1.0,1.0,1.1988931873929687e-06,0.6597937941551208,0.0,0.0,0.0,off,1.0,1.0,0.0,0.0,,,73.18939781100346,0.007318939781100347,1.8935156778968858,0.0038652649494983005,36.04,53.02,1017.4872081279755
184.0,0.25,risk,1.0,1.0,1.0,0.0,1.0,1.0,1.0,1.1988931873929687e-06,0.6597937941551208,0.0,0.0,0.0,off,1.0,1.0,0.0,0.0,,,82.16361369276744,0.008216361369276745,1.613783782796667,0.0050913644422909575,35.796,52.32,1021.180860042572
185.0,0.25,risk,1.0,1.0,1.0,0.0,1.0,1.0,1.0,1.1988931873929687e-06,0.6597937941551208,0.0,0.0,0.0,off,1.0,1.0,0.0,0.0,,,73.155994457408,0.0073155994457408,1.8754413342417608,0.003900734889528544,36.136,52.57,1016.502683877945
186.0,0.25,risk,1.0,1.0,1.0,0.0,1.0,1.0,1.0,1.1988931873929687e-06,0.6597937941551208,0.0,0.0,0.0,off,1.0,1.0,0.0,0.0,,,78.68440095572375,0.007868440095572376,1.7538555884897222,0.004486367148590629,36.292,52.81,1011.3793568611145
187.0,0.25,risk,1.0,1.0,1.0,0.0,1.0,1.0,1.0,1.1988931873929687e-06,0.6597937941551208,0.0,0.0,0.0,off,1.0,1.0,0.0,0.0,,,79.63134005684218,0.007963134005684219,1.7401673250090568,0.004576073743737703,36.334,52.93,1018.4206578731537
188.0,0.25,risk,1.0,1.0,1.0,0.0,1.0,1.0,1.0,1.1988931873929687e-06,0.6597937941551208,0.0,0.0,0.0,off,1.0,1.0,0.0,0.0,,,73.5764980718542,0.007357649807185421,1.9906105076758132,0.0036961775188135764,36.176,53.67,1015.2630400657654
189.0,0.25,risk,1.0,1.0,1.0,0.0,1.0,1.0,1.0,1.1988931873929687e-06,0.6597937941551208,0.0,0.0,0.0,off,1.0,1.0,0.0,0.0,,,80.63690888590739,0.00806369088859074,1.9369175538280679,0.004163156491949744,36.086,52.95,1012.5731554031372
190.0,0.25,risk,1.0,1.0,1.0,0.0,1.0,1.0,1.0,1.1988931873929687e-06,0.6597937941551208,0.0,0.0,0.0,off,1.0,1.0,0.0,0.0,,,79.61141026977126,0.007961141026977125,1.9884866753614228,0.004003617990314231,36.524,53.4,1011.6681237220764
191.0,0.25,risk,1.0,1.0,1.0,0.0,1.0,1.0,1.0,1.1988931873929687e-06,0.6597937941551208,0.0,0.0,0.0,off,1.0,1.0,0.0,0.0,,,72.13277993066681,0.0072132779930666815,1.9697782587958625,0.003661974621182083,36.35,53.17,1012.717756986618
192.0,0.25,risk,1.0,1.0,1.0,0.0,1.0,1.0,1.0,1.1988931873929687e-06,0.6597937941551208,0.0,0.0,0.0,off,1.0,1.0,0.0,0.0,,,84.80827164036425,0.008480827164036427,1.6762654556964203,0.005059358071966583,36.662,53.25,1007.5353624820709
193.0,0.25,risk,1.0,1.0,1.0,0.0,1.0,1.0,1.0,1.1988931873929687e-06,0.6597937941551208,0.0,0.0,0.0,off,1.0,1.0,0.0,0.0,,,78.29235025995311,0.007829235025995312,2.249553538306329,0.003480350608543365,36.638,53.11,1006.4983258247375
194.0,0.25,risk,1.0,1.0,1.0,0.0,1.0,1.0,1.0,1.1988931873929687e-06,0.6597937941551208,0.0,0.0,0.0,off,1.0,1.0,0.0,0.0,,,78.23362789022075,0.007823362789022075,1.9354641897493277,0.0040421118770662045,36.514,53.68,1005.8964259624481
195.0,0.25,risk,1.0,1.0,1.0,0.0,1.0,1.0,1.0,1.1988931873929687e-06,0.6597937941551208,0.0,0.0,0.0,off,1.0,1.0,0.0,0.0,,,75.21591809609231,0.007521591809609231,1.6987871305900157,0.004427624670665396,36.7,53.36,1003.0184438228607
196.0,0.25,risk,1.0,1.0,1.0,0.0,1.0,1.0,1.0,1.1988931873929687e-06,0.6597937941551208,0.0,0.0,0.0,off,1.0,1.0,0.0,0.0,,,81.8282752593815,0.00818282752593815,2.0701392266787413,0.003952790914003592,37.01,53.9,1002.2957103252411
197.0,0.25,risk,1.0,1.0,1.0,0.0,1.0,1.0,1.0,1.1988931873929687e-06,0.6597937941551208,0.0,0.0,0.0,off,1.0,1.0,0.0,0.0,,,79.44633332728698,0.007944633332728698,2.052962120060309,0.003869839221629336,37.302,54.24,998.5601732730865
198.0,0.25,risk,1.0,1.0,1.0,0.0,1.0,1.0,1.0,1.1988931873929687e-06,0.6597937941551208,0.0,0.0,0.0,off,1.0,1.0,0.0,0.0,,,81.6160287964683,0.00816160287964683,1.821375853783341,0.004481009706312753,36.994,53.83,998.5766494274139
199.0,0.25,risk,1.0,1.0,1.0,0.0,1.0,1.0,1.0,1.1988931873929687e-06,0.6597937941551208,0.0,0.0,0.0,off,1.0,1.0,0.0,0.0,,,87.98948597598742,0.008798948597598742,2.2201792401234384,0.003963170377680648,37.004,53.81,999.1275327205658
200.0,0.25,risk,1.0,1.0,1.0,0.0,1.0,1.0,1.0,1.1988931873929687e-06,0.6597937941551208,0.0,0.0,0.0,off,1.0,1.0,0.0,0.0,,,84.1181294365544,0.00841181294365544,2.2362784142664163,0.0037615231135765498,37.112,53.33,1003.5786688327789
201.0,0.25,risk,1.0,1.0,1.0,0.0,1.0,1.0,1.0,1.1988931873929687e-06,0.6597937941551208,0.0,0.0,0.0,off,1.0,1.0,0.0,0.0,,,83.43756732580776,0.008343756732580776,1.7956375354478895,0.004646682065765336,37.026,54.28,997.2234110832214
202.0,0.25,risk,1.0,1.0,1.0,0.0,1.0,1.0,1.0,1.1988931873929687e-06,0.6597937941551208,0.0,0.0,0.0,off,1.0,1.0,0.0,0.0,,,84.70820701544825,0.008470820701544826,1.9085919805329354,0.004438256467565961,37.14,54.42,994.0883383750916
203.0,0.25,risk,1.0,1.0,1.0,0.0,1.0,1.0,1.0,1.1988931873929687e-06,0.6597937941551208,0.0,0.0,0.0,off,1.0,1.0,0.0,0.0,,,78.77126460893501,0.007877126460893502,2.386107518175741,0.003301245396903082,37.442,54.07,993.5878126621246
204.0,0.25,risk,1.0,1.0,1.0,0.0,1.0,1.0,1.0,1.1988931873929687e-06,0.6597937941551208,0.0,0.0,0.0,off,1.0,1.0,0.0,0.0,,,76.46426876480407,0.007646426876480408,1.8739747258354105,0.004080325508697382,36.946,54.12,995.2612640857697
205.0,0.25,risk,1.0,1.0,1.0,0.0,1.0,1.0,1.0,1.1988931873929687e-06,0.6597937941551208,0.0,0.0,0.0,off,1.0,1.0,0.0,0.0,,,84.42076239010687,0.008442076239010688,1.763307555563963,0.004787636854598877,37.388,54.47,994.4725692272186
206.0,0.25,risk,1.0,1.0,1.0,0.0,1.0,1.0,1.0,1.1988931873929687e-06,0.6597937941551208,0.0,0.0,0.0,off,1.0,1.0,0.0,0.0,,,85.11165883795991,0.00851116588379599,1.871383946157849,0.004548059686666823,37.428,55.08,990.7400460243225
207.0,0.25,risk,1.0,1.0,1.0,0.0,1.0,1.0,1.0,1.1988931873929687e-06,0.6597937941551208,0.0,0.0,0.0,off,1.0,1.0,0.0,0.0,,,85.24465137109736,0.008524465137109737,1.6444253581962682,0.005183856533603947,37.606,54.7,989.6032605171204
208.0,0.25,risk,1.0,1.0,1.0,0.0,1.0,1.0,1.0,1.1988931873929687e-06,0.6597937941551208,0.0,0.0,0.0,off,1.0,1.0,0.0,0.0,,,85.08638800733902,0.008508638800733903,1.6901426744126955,0.005034272508201448,37.322,54.06,992.1119663715363
209.0,0.25,risk,1.0,1.0,1.0,0.0,1.0,1.0,1.0,1.1988931873929687e-06,0.6597937941551208,0.0,0.0,0.0,off,1.0,1.0,0.0,0.0,,,93.52442486596867,0.009352442486596868,1.7771788280420289,0.005262521890889694,37.31,54.14,992.0989787578583
210.0,0.25,risk,1.0,1.0,1.0,0.0,1.0,1.0,1.0,1.1988931873929687e-06,0.6597937941551208,0.0,0.0,0.0,off,1.0,1.0,0.0,0.0,,,92.68182536989782,0.009268182536989782,1.8412532820518475,0.005033627164352721,37.964,54.54,987.1725809574127
211.0,0.25,risk,1.0,1.0,1.0,0.0,1.0,1.0,1.0,1.1988931873929687e-06,0.6597937941551208,0.0,0.0,0.0,off,1.0,1.0,0.0,0.0,,,85.96880739541878,0.008596880739541879,2.0400330787558323,0.004214088893492312,37.766,55.18,988.0785675048828
212.0,0.25,risk,1.0,1.0,1.0,0.0,1.0,1.0,1.0,1.1988931873929687e-06,0.6597937941551208,0.0,0.0,0.0,off,1.0,1.0,0.0,0.0,,,81.62875221792123,0.008162875221792123,2.195121263939449,0.003718644320880348,37.814,54.94,984.9603028297424
213.0,0.25,risk,1.0,1.0,1.0,0.0,1.0,1.0,1.0,1.1988931873929687e-06,0.6597937941551208,0.0,0.0,0.0,off,1.0,1.0,0.0,0.0,,,96.0085249543868,0.00960085249543868,1.704003270692388,0.005634292293076154,38.27,54.26,978.5503120422363
214.0,0.25,risk,1.0,1.0,1.0,0.0,1.0,1.0,1.0,1.1988931873929687e-06,0.6597937941551208,0.0,0.0,0.0,off,1.0,1.0,0.0,0.0,,,93.7118395308364,0.00937118395308364,1.7366520524432698,0.005396120621801852,37.684,54.65,985.171888589859
215.0,0.25,risk,1.0,1.0,1.0,0.0,1.0,1.0,1.0,1.1988931873929687e-06,0.6597937941551208,0.0,0.0,0.0,off,1.0,1.0,0.0,0.0,,,94.84576729745419,0.009484576729745418,1.886895400297268,0.0050265514072752445,37.966,54.93,984.0389058589935
216.0,0.25,risk,1.0,1.0,1.0,0.0,1.0,1.0,1.0,1.1988931873929687e-06,0.6597937941551208,0.0,0.0,0.0,off,1.0,1.0,0.0,0.0,,,100.89948870192138,0.010089948870192138,1.9804444768685774,0.005094790077703203,38.458,54.07,980.2989592552185
217.0,0.25,risk,1.0,1.0,1.0,0.0,1.0,1.0,1.0,1.1988931873929687e-06,0.6597937941551208,0.0,0.0,0.0,off,1.0,1.0,0.0,0.0,,,98.16638150039476,0.009816638150039476,1.8489877155929204,0.005309195981808644,38.078,54.39,979.5913090705872
218.0,0.25,risk,1.0,1.0,1.0,0.0,1.0,1.0,1.0,1.1988931873929687e-06,0.6597937941551208,0.0,0.0,0.0,off,1.0,1.0,0.0,0.0,,,105.65483992825153,0.010565483992825154,1.7525067947295045,0.006028783468686016,37.922,54.57,985.4482412338257
219.0,0.25,risk,1.0,1.0,1.0,0.0,1.0,1.0,1.0,1.1988931873929687e-06,0.6597937941551208,0.0,0.0,0.0,off,1.0,1.0,0.0,0.0,,,97.90449264737835,0.009790449264737835,2.149189848367618,0.0045554138794085645,38.03,54.51,982.9196312427521
220.0,0.25,risk,1.0,1.0,1.0,0.0,1.0,1.0,1.0,1.1988931873929687e-06,0.6597937941551208,0.0,0.0,0.0,off,1.0,1.0,0.0,0.0,,,101.87303635907583,0.010187303635907584,2.156497669287898,0.0047240040093674465,38.074,54.49,977.0393135547638
221.0,0.25,risk,1.0,1.0,1.0,0.0,1.0,1.0,1.0,1.1988931873929687e-06,0.6597937941551208,0.0,0.0,0.0,off,1.0,1.0,0.0,0.0,,,103.88741019116218,0.010388741019116217,2.4204833813253184,0.004292010884796051,38.174,54.49,983.8814013004303
222.0,0.25,risk,1.0,1.0,1.0,0.0,1.0,1.0,1.0,1.1988931873929687e-06,0.6597937941551208,0.0,0.0,0.0,off,1.0,1.0,0.0,0.0,,,100.1311683554031,0.010013116835540311,2.188827911993793,0.004574647819809375,38.0,54.75,980.5256586074829
223.0,0.25,risk,1.0,1.0,1.0,0.0,1.0,1.0,1.0,1.1988931873929687e-06,0.6597937941551208,0.0,0.0,0.0,off,1.0,1.0,0.0,0.0,,,103.6549704560126,0.010365497045601262,2.212229228770887,0.004685543844550108,38.28,54.59,973.109771490097
224.0,0.25,risk,1.0,1.0,1.0,0.0,1.0,1.0,1.0,1.1988931873929687e-06,0.6597937941551208,0.0,0.0,0.0,off,1.0,1.0,0.0,0.0,,,102.15152718657922,0.010215152718657921,1.8246181876868603,0.00559851523326536,38.062,54.96,975.7485775947571
225.0,0.25,risk,1.0,1.0,1.0,0.0,1.0,1.0,1.0,1.1988931873929687e-06,0.6597937941551208,0.0,0.0,0.0,off,1.0,1.0,0.0,0.0,,,108.3853907834263,0.01083853907834263,1.8485886781256857,0.005863142626910386,38.402,54.69,973.6347033977509
226.0,0.25,risk,1.0,1.0,1.0,0.0,1.0,1.0,1.0,1.1988931873929687e-06,0.6597937941551208,0.0,0.0,0.0,off,1.0,1.0,0.0,0.0,,,109.08321680522674,0.010908321680522675,1.9075237095028794,0.00571857724555649,38.442,55.18,975.8469284772873
227.0,0.25,risk,1.0,1.0,1.0,0.0,1.0,1.0,1.0,1.1988931873929687e-06,0.6597937941551208,0.0,0.0,0.0,off,1.0,1.0,0.0,0.0,,,112.71522799122158,0.011271522799122158,2.164839778549286,0.005206631414854863,38.476,54.85,974.0919785499573
228.0,0.25,risk,1.0,1.0,1.0,0.0,1.0,1.0,1.0,1.1988931873929687e-06,0.6597937941551208,0.0,0.0,0.0,off,1.0,1.0,0.0,0.0,,,114.13411094934327,0.011413411094934328,2.4918606694189944,0.004580276592107974,38.478,54.81,973.4819581508636
229.0,0.25,risk,1.0,1.0,1.0,0.0,1.0,1.0,1.0,1.1988931873929687e-06,0.6597937941551208,0.0,0.0,0.0,off,1.0,1.0,0.0,0.0,,,107.99150147434368,0.010799150147434369,2.1298854122852138,0.005070296310376462,38.27,55.33,974.1503002643585
230.0,0.25,risk,1.0,1.0,1.0,0.0,1.0,1.0,1.0,1.1988931873929687e-06,0.6597937941551208,0.0,0.0,0.0,off,1.0,1.0,0.0,0.0,,,110.05086583312418,0.011005086583312418,2.258318768098663,0.004873132499615139,38.712,55.32,968.9718117713928
231.0,0.25,risk,1.0,1.0,1.0,0.0,1.0,1.0,1.0,1.1988931873929687e-06,0.6597937941551208,0.0,0.0,0.0,off,1.0,1.0,0.0,0.0,,,119.78942849343349,0.01197894284934335,2.1218179780164386,0.005645603427557792,38.818,55.31,970.7529983520508
232.0,0.25,risk,1.0,1.0,1.0,0.0,1.0,1.0,1.0,1.1988931873929687e-06,0.6597937941551208,0.0,0.0,0.0,off,1.0,1.0,0.0,0.0,,,112.01824432015847,0.011201824432015848,1.9157735833551384,0.005847154658223147,38.452,55.33,971.8878750801086
233.0,0.25,risk,1.0,1.0,1.0,0.0,1.0,1.0,1.0,1.1988931873929687e-06,0.6597937941551208,0.0,0.0,0.0,off,1.0,1.0,0.0,0.0,,,117.75256817592567,0.011775256817592568,2.338848220324216,0.00503463915070139,38.66,55.02,968.6695494651794
234.0,0.25,risk,1.0,1.0,1.0,0.0,1.0,1.0,1.0,1.1988931873929687e-06,0.6597937941551208,0.0,0.0,0.0,off,1.0,1.0,0.0,0.0,,,112.01508310907663,0.011201508310907663,1.9601904480682713,0.005714499997664271,38.564,55.47,967.6150155067444
235.0,0.25,risk,1.0,1.0,1.0,0.0,1.0,1.0,1.0,1.1988931873929687e-06,0.6597937941551208,0.0,0.0,0.0,off,1.0,1.0,0.0,0.0,,,124.86438771459788,0.01248643877145979,2.1085303672211166,0.00592186812462937,38.766,55.46,965.6770787239075
236.0,0.25,risk,1.0,1.0,1.0,0.0,1.0,1.0,1.0,1.1988931873929687e-06,0.6597937941551208,0.0,0.0,0.0,off,1.0,1.0,0.0,0.0,,,135.0711866936633,0.01350711866936633,2.0815150126312263,0.0064890805914928715,39.006,55.8,971.3955132961273
237.0,0.25,risk,1.0,1.0,1.0,0.0,1.0,1.0,1.0,1.1988931873929687e-06,0.6597937941551208,0.0,0.0,0.0,off,1.0,1.0,0.0,0.0,,,129.72800192656075,0.012972800192656076,2.701567985430589,0.004801952148758681,38.808,55.43,967.9438977241516
238.0,0.25,risk,1.0,1.0,1.0,0.0,1.0,1.0,1.0,1.1988931873929687e-06,0.6597937941551208,0.0,0.0,0.0,off,1.0,1.0,0.0,0.0,,,135.12929709859907,0.013512929709859907,2.622146553383473,0.005153384616288349,38.554,55.64,971.3252053260803
239.0,0.25,risk,1.0,1.0,1.0,0.0,1.0,1.0,1.0,1.1988931873929687e-06,0.6597937941551208,0.0,0.0,0.0,off,1.0,1.0,0.0,0.0,,,137.83127915527336,0.013783127915527337,2.3073434005410203,0.005973591929270478,38.904,55.67,964.9625877141953
240.0,0.25,risk,1.0,1.0,1.0,0.0,1.0,1.0,1.0,1.1988931873929687e-06,0.6597937941551208,0.0,0.0,0.0,off,1.0,1.0,0.0,0.0,,,135.21656791792265,0.013521656791792265,1.9675028661535716,0.006872496617108788,39.182,55.66,963.9456796646118
241.0,0.25,risk,1.0,1.0,1.0,0.0,1.0,1.0,1.0,1.1988931873929687e-06,0.6597937941551208,0.0,0.0,0.0,off,1.0,1.0,0.0,0.0,,,136.4646596947457,0.013646465969474572,2.1805470813414,0.006258276230880426,38.718,56.07,963.5471267700195
242.0,0.25,risk,1.0,1.0,1.0,0.0,1.0,1.0,1.0,1.1988931873929687e-06,0.6597937941551208,0.0,0.0,0.0,off,1.0,1.0,0.0,0.0,,,138.56408474767218,0.01385640847476722,2.2929037515382014,0.006043170571582696,38.804,54.92,965.125180721283
243.0,0.25,risk,1.0,1.0,1.0,0.0,1.0,1.0,1.0,1.1988931873929687e-06,0.6597937941551208,0.0,0.0,0.0,off,1.0,1.0,0.0,0.0,,,138.01635748773464,0.013801635748773465,2.1264585435428573,0.006490432550722945,38.836,56.04,962.7367568016052
244.0,0.25,risk,1.0,1.0,1.0,0.0,1.0,1.0,1.0,1.1988931873929687e-06,0.6597937941551208,0.0,0.0,0.0,off,1.0,1.0,0.0,0.0,,,142.22535768002268,0.014222535768002269,1.9525038120220768,0.007284255057752203,38.724,55.85,963.6390316486359
245.0,0.25,risk,1.0,1.0,1.0,0.0,1.0,1.0,1.0,1.1988931873929687e-06,0.6597937941551208,0.0,0.0,0.0,off,1.0,1.0,0.0,0.0,,,143.37396954226,0.014337396954226,2.230949784039387,0.00642658882633679,39.006,55.73,961.7753601074219
246.0,0.25,risk,1.0,1.0,1.0,0.0,1.0,1.0,1.0,1.1988931873929687e-06,0.6597937941551208,0.0,0.0,0.0,off,1.0,1.0,0.0,0.0,,,147.60729634129785,0.014760729634129785,1.9407126178830254,0.007605829682413841,39.578,55.64,956.6061265468597
247.0,0.25,risk,1.0,1.0,1.0,0.0,1.0,1.0,1.0,1.1988931873929687e-06,0.6597937941551208,0.0,0.0,0.0,off,1.0,1.0,0.0,0.0,,,150.73253889152846,0.015073253889152847,2.5378070586015875,0.005939479850552031,39.314,56.06,959.813116312027
248.0,0.25,risk,1.0,1.0,1.0,0.0,1.0,1.0,1.0,1.1988931873929687e-06,0.6597937941551208,0.0,0.0,0.0,off,1.0,1.0,0.0,0.0,,,143.06726721499993,0.014306726721499994,2.1759300308641287,0.006574993919183308,39.41,56.0,960.8015036582947
249.0,0.25,risk,1.0,1.0,1.0,0.0,1.0,1.0,1.0,1.1988931873929687e-06,0.6597937941551208,0.0,0.0,0.0,off,1.0,1.0,0.0,0.0,,,158.49894769145143,0.015849894769145143,2.0743824387141765,0.007640777550628434,39.428,56.24,955.7432141304016
250.0,0.25,risk,1.0,1.0,1.0,0.0,1.0,1.0,1.0,1.1988931873929687e-06,0.6597937941551208,0.0,0.0,0.0,off,1.0,1.0,0.0,0.0,,,148.32835996861957,0.014832835996861957,2.208884229852962,0.0067150807617696335,39.282,55.96,958.5619667768478
251.0,0.25,risk,1.0,1.0,1.0,0.0,1.0,1.0,1.0,1.1988931873929687e-06,0.6597937941551208,0.0,0.0,0.0,off,1.0,1.0,0.0,0.0,,,159.35432922109206,0.015935432922109208,2.0977462273215135,0.00759645409657402,39.356,56.12,954.1574364900589
252.0,0.25,risk,1.0,1.0,1.0,0.0,1.0,1.0,1.0,1.1988931873929687e-06,0.6597937941551208,0.0,0.0,0.0,off,1.0,1.0,0.0,0.0,,,163.7719841672284,0.01637719841672284,2.3725224279580304,0.006902863477171964,39.512,55.69,956.9541337490082
253.0,0.25,risk,1.0,1.0,1.0,0.0,1.0,1.0,1.0,1.1988931873929687e-06,0.6597937941551208,0.0,0.0,0.0,off,1.0,1.0,0.0,0.0,,,159.84805437614864,0.015984805437614866,1.9799309361259603,0.008073415666150253,39.048,55.74,959.542914390564
254.0,0.25,risk,1.0,1.0,1.0,0.0,1.0,1.0,1.0,1.1988931873929687e-06,0.6597937941551208,0.0,0.0,0.0,off,1.0,1.0,0.0,0.0,,,163.4002387348565,0.01634002387348565,1.9893664649138945,0.008213682175542702,39.452,55.82,959.5436880588531
255.0,0.25,risk,1.0,1.0,1.0,0.0,1.0,1.0,1.0,1.1988931873929687e-06,0.6597937941551208,0.0,0.0,0.0,off,1.0,1.0,0.0,0.0,,,174.5658907581491,0.01745658907581491,2.3158784739789633,0.0075377828638056085,39.224,55.98,957.9052349328995
256.0,0.25,risk,1.0,1.0,1.0,0.0,1.0,1.0,1.0,1.1988931873929687e-06,0.6597937941551208,0.0,0.0,0.0,off,1.0,1.0,0.0,0.0,,,171.34636807046084,0.017134636807046084,3.1378517261835523,0.005460626665073904,39.166,56.29,962.1330940723419
257.0,0.25,risk,1.0,1.0,1.0,0.0,1.0,1.0,1.0,1.1988931873929687e-06,0.6597937941551208,0.0,0.0,0.0,off,1.0,1.0,0.0,0.0,,,177.96445087619003,0.017796445087619003,2.2059694026823298,0.008067403412748865,39.292,56.34,957.9735169410706
258.0,0.25,risk,1.0,1.0,1.0,0.0,1.0,1.0,1.0,1.1988931873929687e-06,0.6597937941551208,0.0,0.0,0.0,off,1.0,1.0,0.0,0.0,,,182.5512570110961,0.018255125701109612,2.972464476241544,0.0061414108888499935,39.608,56.21,952.5663084983826
259.0,0.25,risk,1.0,1.0,1.0,0.0,1.0,1.0,1.0,1.1988931873929687e-06,0.6597937941551208,0.0,0.0,0.0,off,1.0,1.0,0.0,0.0,,,190.71045309369907,0.01907104530936991,2.565211845882695,0.007434491361787518,39.274,56.39,955.7156800031662
260.0,0.25,risk,1.0,1.0,1.0,0.0,1.0,1.0,1.0,1.1988931873929687e-06,0.6597937941551208,0.0,0.0,0.0,off,1.0,1.0,0.0,0.0,,,198.23713771465665,0.019823713771465665,2.685953719659738,0.00738051204172534,39.4,56.65,952.6987679004669
261.0,0.25,risk,1.0,1.0,1.0,0.0,1.0,1.0,1.0,1.1988931873929687e-06,0.6597937941551208,0.0,0.0,0.0,off,1.0,1.0,0.0,0.0,,,198.33178106256176,0.019833178106256177,2.4450257857404107,0.008111643738861522,39.466,56.33,954.1200135946274
262.0,0.25,risk,1.0,1.0,1.0,0.0,1.0,1.0,1.0,1.1988931873929687e-06,0.6597937941551208,0.0,0.0,0.0,off,1.0,1.0,0.0,0.0,,,204.40381585290046,0.020440381585290046,2.7397936781459435,0.0074605550587014775,39.472,56.12,955.4203355312347
263.0,0.25,risk,1.0,1.0,1.0,0.0,1.0,1.0,1.0,1.1988931873929687e-06,0.6597937941551208,0.0,0.0,0.0,off,1.0,1.0,0.0,0.0,,,213.73279263971557,0.02137327926397156,2.793488556307126,0.007651106791082091,39.66,56.28,950.0902372598648
264.0,0.25,risk,1.0,1.0,1.0,0.0,1.0,1.0,1.0,1.1988931873929687e-06,0.6597937941551208,0.0,0.0,0.0,off,1.0,1.0,0.0,0.0,,,226.9020944131274,0.022690209441312743,2.485263374192318,0.00912990135248213,39.538,56.63,953.7817679643631
265.0,0.25,risk,1.0,1.0,1.0,0.0,1.0,1.0,1.0,1.1988931873929687e-06,0.6597937941551208,0.0,0.0,0.0,off,1.0,1.0,0.0,0.0,,,215.84468285963922,0.02158446828596392,3.1015483757074884,0.0069592557236965,39.666,55.91,951.4790360927582
266.0,0.25,risk,1.0,1.0,1.0,0.0,1.0,1.0,1.0,1.1988931873929687e-06,0.6597937941551208,0.0,0.0,0.0,off,1.0,1.0,0.0,0.0,,,228.0375329069944,0.02280375329069944,3.7959854240598214,0.006007334260601753,39.61,56.65,949.5304065942764
267.0,0.25,risk,1.0,1.0,1.0,0.0,1.0,1.0,1.0,1.1988931873929687e-06,0.6597937941551208,0.0,0.0,0.0,off,1.0,1.0,0.0,0.0,,,219.47363230484913,0.021947363230484913,2.5385226819553726,0.008645722721523726,39.692,56.12,953.3474328517914
268.0,0.25,risk,1.0,1.0,1.0,0.0,1.0,1.0,1.0,1.1988931873929687e-06,0.6597937941551208,0.0,0.0,0.0,off,1.0,1.0,0.0,0.0,,,222.69583407937986,0.022269583407937988,3.1523833731664754,0.007064363934126722,39.562,56.47,947.3645884990692
269.0,0.25,risk,1.0,1.0,1.0,0.0,1.0,1.0,1.0,1.1988931873929687e-06,0.6597937941551208,0.0,0.0,0.0,off,1.0,1.0,0.0,0.0,,,236.01902065864903,0.023601902065864905,2.8347438703752608,0.008325938125316594,39.488,56.77,953.435502409935
270.0,0.25,risk,1.0,1.0,1.0,0.0,1.0,1.0,1.0,1.1988931873929687e-06,0.6597937941551208,0.0,0.0,0.0,off,1.0,1.0,0.0,0.0,,,236.4123274192171,0.02364123274192171,2.8785858160190885,0.008212794147167763,40.114,56.17,946.3319528102875
271.0,0.25,risk,1.0,1.0,1.0,0.0,1.0,1.0,1.0,1.1988931873929687e-06,0.6597937941551208,0.0,0.0,0.0,off,1.0,1.0,0.0,0.0,,,244.86967461375724,0.024486967461375724,2.437295025904765,0.01004678022197405,39.978,56.92,946.948832988739
272.0,0.25,risk,1.0,1.0,1.0,0.0,1.0,1.0,1.0,1.1988931873929687e-06,0.6597937941551208,0.0,0.0,0.0,off,1.0,1.0,0.0,0.0,,,266.6450169133132,0.026664501691331322,2.6925191385812557,0.009903180003162912,40.068,56.51,946.7660405635834
273.0,0.25,risk,1.0,1.0,1.0,0.0,1.0,1.0,1.0,1.1988931873929687e-06,0.6597937941551208,0.0,0.0,0.0,off,1.0,1.0,0.0,0.0,,,274.7047549762931,0.02747047549762931,3.307638763682564,0.008305161917695335,39.88,56.47,950.8883118629456
274.0,0.25,risk,1.0,1.0,1.0,0.0,1.0,1.0,1.0,1.1988931873929687e-06,0.6597937941551208,0.0,0.0,0.0,off,1.0,1.0,0.0,0.0,,,280.986243932406,0.028098624393240602,3.1958873546609694,0.00879211976988513,39.716,56.39,946.2651423215866
275.0,0.25,risk,1.0,1.0,1.0,0.0,1.0,1.0,1.0,1.1988931873929687e-06,0.6597937941551208,0.0,0.0,0.0,off,1.0,1.0,0.0,0.0,,,282.5560597224963,0.02825560597224963,2.88011252917387,0.00981059097033075,39.984,56.46,946.6341698169708
276.0,0.25,risk,1.0,1.0,1.0,0.0,1.0,1.0,1.0,1.1988931873929687e-06,0.6597937941551208,0.0,0.0,0.0,off,1.0,1.0,0.0,0.0,,,292.6278212500721,0.02926278212500721,2.9271689032697132,0.009996957159636407,40.108,56.72,944.938290476799
277.0,0.25,risk,1.0,1.0,1.0,0.0,1.0,1.0,1.0,1.1988931873929687e-06,0.6597937941551208,0.0,0.0,0.0,off,1.0,1.0,0.0,0.0,,,312.2696557189741,0.03122696557189741,3.0530121902475567,0.010228247915828118,40.228,56.23,943.0600023269653
278.0,0.25,risk,1.0,1.0,1.0,0.0,1.0,1.0,1.0,1.1988931873929687e-06,0.6597937941551208,0.0,0.0,0.0,off,1.0,1.0,0.0,0.0,,,319.82087666342755,0.03198208766634276,4.379169873442891,0.007303230655722092,39.968,56.43,947.5872662067413
279.0,0.25,risk,1.0,1.0,1.0,0.0,1.0,1.0,1.0,1.1988931873929687e-06,0.6597937941551208,0.0,0.0,0.0,off,1.0,1.0,0.0,0.0,,,343.51688755593733,0.03435168875559373,3.1795144326821814,0.010804067565315394,39.806,56.45,949.6029213666916
280.0,0.25,risk,1.0,1.0,1.0,0.0,1.0,1.0,1.0,1.1988931873929687e-06,0.6597937941551208,0.0,0.0,0.0,off,1.0,1.0,0.0,0.0,,,343.20675397778297,0.0343206753977783,2.922336853632105,0.011744257119134615,40.336,57.05,947.0477983951569
281.0,0.25,risk,1.0,1.0,1.0,0.0,1.0,1.0,1.0,1.1988931873929687e-06,0.6597937941551208,0.0,0.0,0.0,off,1.0,1.0,0.0,0.0,,,365.28166837164093,0.036528166837164096,3.810004513264784,0.009587434006964782,40.26,56.57,944.1953204870224
282.0,0.25,risk,1.0,1.0,1.0,0.0,1.0,1.0,1.0,1.1988931873929687e-06,0.6597937941551208,0.0,0.0,0.0,off,1.0,1.0,0.0,0.0,,,375.3273303150673,0.03753273303150673,3.546967509578392,0.010581639930490381,40.328,56.72,942.5404502153397
283.0,0.25,risk,1.0,1.0,1.0,0.0,1.0,1.0,1.0,1.1988931873929687e-06,0.6597937941551208,0.0,0.0,0.0,off,1.0,1.0,0.0,0.0,,,375.6265809370212,0.03756265809370212,3.03176172641398,0.012389713138219434,40.076,56.54,942.852980017662
284.0,0.25,risk,1.0,1.0,1.0,0.0,1.0,1.0,1.0,1.1988931873929687e-06,0.6597937941551208,0.0,0.0,0.0,off,1.0,1.0,0.0,0.0,,,393.02084379519266,0.03930208437951927,3.619974483650482,0.010857005914551632,40.048,56.67,944.6139137744904
285.0,0.25,risk,1.0,1.0,1.0,0.0,1.0,1.0,1.0,1.1988931873929687e-06,0.6597937941551208,0.0,0.0,0.0,off,1.0,1.0,0.0,0.0,,,415.3878048412735,0.041538780484127354,3.9465652885466254,0.010525299202493253,40.418,56.4,943.019852399826
286.0,0.25,risk,1.0,1.0,1.0,0.0,1.0,1.0,1.0,1.1988931873929687e-06,0.6597937941551208,0.0,0.0,0.0,off,1.0,1.0,0.0,0.0,,,428.5610490233782,0.04285610490233782,3.1653013483139,0.013539344342416722,40.168,56.8,942.8946697711945
287.0,0.25,risk,1.0,1.0,1.0,0.0,1.0,1.0,1.0,1.1988931873929687e-06,0.6597937941551208,0.0,0.0,0.0,off,1.0,1.0,0.0,0.0,,,447.17657288057285,0.04471765728805729,4.1179892242860054,0.010859100122053045,40.494,56.97,939.151739358902
288.0,0.25,risk,1.0,1.0,1.0,0.0,1.0,1.0,1.0,1.1988931873929687e-06,0.6597937941551208,0.0,0.0,0.0,off,1.0,1.0,0.0,0.0,,,457.59015867244045,0.04575901586724405,4.973936536925064,0.009199758687619429,40.678,56.82,937.0502834320068
289.0,0.25,risk,1.0,1.0,1.0,0.0,1.0,1.0,1.0,1.1988931873929687e-06,0.6597937941551208,0.0,0.0,0.0,off,1.0,1.0,0.0,0.0,,,471.3972111876958,0.04713972111876958,3.952392301140717,0.011926883144966248,40.274,56.87,943.548034787178
290.0,0.25,risk,1.0,1.0,1.0,0.0,1.0,1.0,1.0,1.1988931873929687e-06,0.6597937941551208,0.0,0.0,0.0,off,1.0,1.0,0.0,0.0,,,509.5874723432417,0.05095874723432417,4.478820820610996,0.011377715089609776,40.276,57.09,940.5500702857971
291.0,0.25,risk,1.0,1.0,1.0,0.0,1.0,1.0,1.0,1.1988931873929687e-06,0.6597937941551208,0.0,0.0,0.0,off,1.0,1.0,0.0,0.0,,,518.4753695772074,0.05184753695772074,3.923837316439972,0.013213477720009324,40.866,56.9,935.6945791244507
292.0,0.25,risk,1.0,1.0,1.0,0.0,1.0,1.0,1.0,1.1988931873929687e-06,0.6597937941551208,0.0,0.0,0.0,off,1.0,1.0,0.0,0.0,,,534.8167729199251,0.05348167729199252,5.07987983705845,0.010528138264577842,40.644,56.93,937.3289618492126
293.0,0.25,risk,1.0,1.0,1.0,0.0,1.0,1.0,1.0,1.1988931873929687e-06,0.6597937941551208,0.0,0.0,0.0,off,1.0,1.0,0.0,0.0,,,538.4159482368864,0.05384159482368864,4.988067466755822,0.010794079106292953,40.8,57.08,936.5590982437134
294.0,0.25,risk,1.0,1.0,1.0,0.0,1.0,1.0,1.0,1.1988931873929687e-06,0.6597937941551208,0.0,0.0,0.0,off,1.0,1.0,0.0,0.0,,,568.2039063488295,0.05682039063488295,6.9155612656175425,0.008216309342436145,40.778,56.98,936.9947632551193
295.0,0.25,risk,1.0,1.0,1.0,0.0,1.0,1.0,1.0,1.1988931873929687e-06,0.6597937941551208,0.0,0.0,0.0,off,1.0,1.0,0.0,0.0,,,563.2350377572258,0.05632350377572258,6.245799358243203,0.00901782150612745,40.724,56.66,933.82375228405
296.0,0.25,risk,1.0,1.0,1.0,0.0,1.0,1.0,1.0,1.1988931873929687e-06,0.6597937941551208,0.0,0.0,0.0,off,1.0,1.0,0.0,0.0,,,584.8143572510278,0.05848143572510278,4.7003308965789685,0.012441982705444674,40.816,56.94,937.6805324554443
297.0,0.25,risk,1.0,1.0,1.0,0.0,1.0,1.0,1.0,1.1988931873929687e-06,0.6597937941551208,0.0,0.0,0.0,off,1.0,1.0,0.0,0.0,,,584.304352773187,0.058430435277318706,4.54529219336786,0.012855154914479621,40.648,56.99,937.6587591171265
298.0,0.25,risk,1.0,1.0,1.0,0.0,1.0,1.0,1.0,1.1988931873929687e-06,0.6597937941551208,0.0,0.0,0.0,off,1.0,1.0,0.0,0.0,,,586.5894988934112,0.05865894988934113,5.766385594336161,0.010172568054928015,40.778,57.06,935.8332358598709
299.0,0.25,risk,1.0,1.0,1.0,0.0,1.0,1.0,1.0,1.1988931873929687e-06,0.6597937941551208,0.0,0.0,0.0,off,1.0,1.0,0.0,0.0,,,592.8805648448346,0.05928805648448346,4.3534168649681595,0.013618740939231669,40.226,57.04,940.919707775116
