model,architecture,method,method_label,seed,layer,channels,if_threshold,bn_gamma_abs_mean,bn_beta_abs_mean,folded_threshold_normalized_gain
cnn6,"Narrow, early pool",wd_weight_only,Weights only,42,1,2,7.300727844238281,2.438070058822632,0.3302249610424042,0.37001583825851314
cnn6,"Narrow, early pool",wd_weight_only,Weights only,42,2,4,7.447805404663086,1.7621246576309204,0.24514886736869812,0.2522138021914452
cnn6,"Narrow, early pool",wd_weight_only,Weights only,42,3,4,7.144509315490723,1.8197369575500488,0.9169158935546875,0.16554030735408276
cnn6,"Narrow, early pool",wd_weight_only,Weights only,42,4,4,7.2175164222717285,1.836838722229004,0.7433381676673889,0.1845048466224414
cnn6,"Narrow, early pool",wd_weight_only,Weights only,42,5,4,7.301060676574707,1.732743263244629,0.8196802735328674,0.1835976351559063
cnn6,"Narrow, early pool",wd_weight_only,Weights only,42,6,4,7.50198221206665,1.9943888187408447,0.26291197538375854,0.20988288175063186
cnn6,"Narrow, early pool",manual_l2_all,All parameters,42,1,2,4.942478656768799,1.9101334810256958,0.3345199525356293,0.41100369865861336
cnn6,"Narrow, early pool",manual_l2_all,All parameters,42,2,4,5.140503406524658,1.3178478479385376,0.20703500509262085,0.36317405806902386
cnn6,"Narrow, early pool",manual_l2_all,All parameters,42,3,4,4.895711421966553,1.3866091966629028,0.6344759464263916,0.23454132765666338
cnn6,"Narrow, early pool",manual_l2_all,All parameters,42,4,4,4.9261860847473145,1.4069750308990479,0.5587820410728455,0.27695968002461824
cnn6,"Narrow, early pool",manual_l2_all,All parameters,42,5,4,5.032282829284668,1.2634832859039307,0.6765232086181641,0.25867039947175363
cnn6,"Narrow, early pool",manual_l2_all,All parameters,42,6,4,5.286851406097412,1.7426626682281494,0.30242669582366943,0.36590149172889225
cnn6_narrow_staged,"Narrow, staged pool",wd_weight_only,Weights only,42,1,2,7.408747673034668,1.8540048599243164,1.1401581764221191,0.34138588259299957
cnn6_narrow_staged,"Narrow, staged pool",wd_weight_only,Weights only,42,2,4,7.58623743057251,1.6047308444976807,0.2648734450340271,0.2485162514641728
cnn6_narrow_staged,"Narrow, staged pool",wd_weight_only,Weights only,42,3,4,7.402680397033691,1.673123836517334,0.709960401058197,0.1516351852456114
cnn6_narrow_staged,"Narrow, staged pool",wd_weight_only,Weights only,42,4,4,7.498813152313232,1.7163206338882446,0.16029584407806396,0.17774160174128342
cnn6_narrow_staged,"Narrow, staged pool",wd_weight_only,Weights only,42,5,4,7.227507591247559,1.8218448162078857,0.7765641808509827,0.1668143555619807
cnn6_narrow_staged,"Narrow, staged pool",wd_weight_only,Weights only,42,6,4,7.483691215515137,2.055342197418213,0.37927505373954773,0.21140530553596304
cnn6_narrow_staged,"Narrow, staged pool",manual_l2_all,All parameters,42,1,2,5.031750202178955,1.5177381038665771,0.7706884741783142,0.4410855735328987
cnn6_narrow_staged,"Narrow, staged pool",manual_l2_all,All parameters,42,2,4,5.166686534881592,1.2397024631500244,0.2463737428188324,0.36691893617222227
cnn6_narrow_staged,"Narrow, staged pool",manual_l2_all,All parameters,42,3,4,4.9661126136779785,1.3136073350906372,0.5679093599319458,0.23229816394772035
cnn6_narrow_staged,"Narrow, staged pool",manual_l2_all,All parameters,42,4,4,5.168148517608643,1.240665078163147,0.23139920830726624,0.247867945770665
cnn6_narrow_staged,"Narrow, staged pool",manual_l2_all,All parameters,42,5,4,4.904341220855713,1.2675628662109375,0.8011507987976074,0.22875188072770197
cnn6_narrow_staged,"Narrow, staged pool",manual_l2_all,All parameters,42,6,4,5.269711971282959,1.8342127799987793,0.3884996473789215,0.35157136084658486
cnn6_wide_early,"Wide, early pool",wd_weight_only,Weights only,42,1,8,7.7091217041015625,1.2034480571746826,0.19586750864982605,0.3035550705243303
cnn6_wide_early,"Wide, early pool",wd_weight_only,Weights only,42,2,8,7.286251544952393,1.5080190896987915,0.18343573808670044,0.18191156840459072
cnn6_wide_early,"Wide, early pool",wd_weight_only,Weights only,42,3,16,7.101070404052734,1.3316905498504639,0.24042391777038574,0.13953414907050546
cnn6_wide_early,"Wide, early pool",wd_weight_only,Weights only,42,4,16,7.293304443359375,1.2876384258270264,0.1445714384317398,0.2007995224047037
cnn6_wide_early,"Wide, early pool",wd_weight_only,Weights only,42,5,32,7.414440155029297,1.1329498291015625,0.035659901797771454,0.1832282780451738
cnn6_wide_early,"Wide, early pool",wd_weight_only,Weights only,42,6,32,7.6475701332092285,1.1786119937896729,0.15172454714775085,0.2415727470007956
cnn6_wide_early,"Wide, early pool",manual_l2_all,All parameters,42,1,8,5.2482380867004395,0.9527440667152405,0.14165730774402618,0.37417612596544475
cnn6_wide_early,"Wide, early pool",manual_l2_all,All parameters,42,2,8,4.904578685760498,1.1564608812332153,0.17101216316223145,0.24541838031838945
cnn6_wide_early,"Wide, early pool",manual_l2_all,All parameters,42,3,16,4.736410140991211,1.0020408630371094,0.1865571141242981,0.21942310613171767
cnn6_wide_early,"Wide, early pool",manual_l2_all,All parameters,42,4,16,4.943931579589844,0.9523426294326782,0.11982451379299164,0.2986043835370116
cnn6_wide_early,"Wide, early pool",manual_l2_all,All parameters,42,5,32,5.032029628753662,0.8236287832260132,0.031350985169410706,0.2663153484212563
cnn6_wide_early,"Wide, early pool",manual_l2_all,All parameters,42,6,32,5.325338840484619,0.9997117519378662,0.06044093891978264,0.4202189465836883
cnn6_vgg,"Wide, staged pool",wd_weight_only,Weights only,42,1,8,7.617104530334473,1.2469147443771362,0.31452837586402893,0.3279665968494153
cnn6_vgg,"Wide, staged pool",wd_weight_only,Weights only,42,2,8,7.650945663452148,1.2841057777404785,0.14649750292301178,0.18004831607461838
cnn6_vgg,"Wide, staged pool",wd_weight_only,Weights only,42,3,16,7.381755352020264,1.256459355354309,0.12861567735671997,0.127184194532802
cnn6_vgg,"Wide, staged pool",wd_weight_only,Weights only,42,4,16,7.44643497467041,1.2375774383544922,0.0807376503944397,0.18526884350557327
cnn6_vgg,"Wide, staged pool",wd_weight_only,Weights only,42,5,32,7.312193870544434,1.1539216041564941,0.03475599363446236,0.14600261454288202
cnn6_vgg,"Wide, staged pool",wd_weight_only,Weights only,42,6,32,7.616832733154297,1.2485032081604004,0.11795598268508911,0.2601863717093701
cnn6_vgg,"Wide, staged pool",manual_l2_w_bn,Weights + BN,42,1,8,7.494028091430664,1.0247632265090942,0.2804741859436035,0.27865339100689485
cnn6_vgg,"Wide, staged pool",manual_l2_w_bn,Weights + BN,42,2,8,7.5664873123168945,1.0393400192260742,0.09832508862018585,0.18602947324837493
cnn6_vgg,"Wide, staged pool",manual_l2_w_bn,Weights + BN,42,3,16,7.2770586013793945,0.9863846898078918,0.1129993349313736,0.12019903121127928
cnn6_vgg,"Wide, staged pool",manual_l2_w_bn,Weights + BN,42,4,16,7.358642101287842,0.9663819074630737,0.08583450317382812,0.18279278892562464
cnn6_vgg,"Wide, staged pool",manual_l2_w_bn,Weights + BN,42,5,32,7.159287452697754,0.8842133283615112,0.03927350044250488,0.145060853684035
cnn6_vgg,"Wide, staged pool",manual_l2_w_bn,Weights + BN,42,6,32,7.589649200439453,1.0344328880310059,0.042706385254859924,0.2694680249651557
cnn6_vgg,"Wide, staged pool",manual_l2_w_if,Weights + IF,42,1,8,5.309874534606934,1.1855874061584473,0.32967281341552734,0.433428725291668
cnn6_vgg,"Wide, staged pool",manual_l2_w_if,Weights + IF,42,2,8,5.385744571685791,1.1993765830993652,0.14325584471225739,0.2702654603582794
cnn6_vgg,"Wide, staged pool",manual_l2_w_if,Weights + IF,42,3,16,5.129391193389893,1.205847144126892,0.10358352214097977,0.19583444839809452
cnn6_vgg,"Wide, staged pool",manual_l2_w_if,Weights + IF,42,4,16,5.217379093170166,1.174161434173584,0.08498375117778778,0.267667896475436
cnn6_vgg,"Wide, staged pool",manual_l2_w_if,Weights + IF,42,5,32,5.089878559112549,1.1172229051589966,0.03631621226668358,0.21689574102370815
cnn6_vgg,"Wide, staged pool",manual_l2_w_if,Weights + IF,42,6,32,5.3670654296875,1.2490127086639404,0.12335208058357239,0.395318311731917
cnn6_vgg,"Wide, staged pool",manual_l2_w_bn_if,Weights + BN + IF,42,1,8,5.2097673416137695,0.9519006013870239,0.25960373878479004,0.3482191109256804
cnn6_vgg,"Wide, staged pool",manual_l2_w_bn_if,Weights + BN + IF,42,2,8,5.278351306915283,0.9482443332672119,0.12736381590366364,0.2683245273875816
cnn6_vgg,"Wide, staged pool",manual_l2_w_bn_if,Weights + BN + IF,42,3,16,5.04063606262207,0.9215561151504517,0.08342882245779037,0.19015814798711986
cnn6_vgg,"Wide, staged pool",manual_l2_w_bn_if,Weights + BN + IF,42,4,16,5.095794677734375,0.9073145389556885,0.06980504840612411,0.2671635791933296
cnn6_vgg,"Wide, staged pool",manual_l2_w_bn_if,Weights + BN + IF,42,5,32,4.947178840637207,0.8399940729141235,0.029389498755335808,0.21151122926779986
cnn6_vgg,"Wide, staged pool",manual_l2_w_bn_if,Weights + BN + IF,42,6,32,5.319509983062744,1.0460973978042603,0.04589516669511795,0.43828083935189815
cnn6_vgg,"Wide, staged pool",manual_l2_all,All parameters,42,1,8,5.16270112991333,0.9586164951324463,0.26925086975097656,0.3693220469790219
cnn6_vgg,"Wide, staged pool",manual_l2_all,All parameters,42,2,8,5.217047691345215,0.970491886138916,0.13947129249572754,0.27937837526948894
cnn6_vgg,"Wide, staged pool",manual_l2_all,All parameters,42,3,16,5.019521713256836,0.9196328520774841,0.09148703515529633,0.1876225210460832
cnn6_vgg,"Wide, staged pool",manual_l2_all,All parameters,42,4,16,5.074117660522461,0.9042618870735168,0.07143429666757584,0.26529222641039124
cnn6_vgg,"Wide, staged pool",manual_l2_all,All parameters,42,5,32,4.927663803100586,0.8362827897071838,0.03900836035609245,0.21714877085578582
cnn6_vgg,"Wide, staged pool",manual_l2_all,All parameters,42,6,32,5.287293910980225,1.0539472103118896,0.04839780926704407,0.44003263320515024
