dataset,method,label,seed,sigma,acc,checkpoint,matrix_csv
cifar10,pc_mne,PC-MNE,42,0.00,87.390000,/home/595/sl9144/codes/snn_simulation/QCFS_simulation/cifar10-checkpoints/vgg16_L[16]_pcmnecmp_seed42_pc_mne_l16_vgg16_rc1ep00.pth,../important_results/cifar10_vgg16_pc_margin_mne_pre_first_conv_seed42/PC-MNE/seed_42/noise_sweep_matrix_cifar10_vgg16_T16_mode_rate_uniform_schedule_normal_seed_42.csv
cifar10,pc_mne,PC-MNE,42,0.05,87.230000,/home/595/sl9144/codes/snn_simulation/QCFS_simulation/cifar10-checkpoints/vgg16_L[16]_pcmnecmp_seed42_pc_mne_l16_vgg16_rc1ep00.pth,../important_results/cifar10_vgg16_pc_margin_mne_pre_first_conv_seed42/PC-MNE/seed_42/noise_sweep_matrix_cifar10_vgg16_T16_mode_rate_uniform_schedule_normal_seed_42.csv
cifar10,pc_mne,PC-MNE,42,0.10,87.280000,/home/595/sl9144/codes/snn_simulation/QCFS_simulation/cifar10-checkpoints/vgg16_L[16]_pcmnecmp_seed42_pc_mne_l16_vgg16_rc1ep00.pth,../important_results/cifar10_vgg16_pc_margin_mne_pre_first_conv_seed42/PC-MNE/seed_42/noise_sweep_matrix_cifar10_vgg16_T16_mode_rate_uniform_schedule_normal_seed_42.csv
cifar10,pc_mne,PC-MNE,42,0.15,87.240000,/home/595/sl9144/codes/snn_simulation/QCFS_simulation/cifar10-checkpoints/vgg16_L[16]_pcmnecmp_seed42_pc_mne_l16_vgg16_rc1ep00.pth,../important_results/cifar10_vgg16_pc_margin_mne_pre_first_conv_seed42/PC-MNE/seed_42/noise_sweep_matrix_cifar10_vgg16_T16_mode_rate_uniform_schedule_normal_seed_42.csv
cifar10,pc_mne,PC-MNE,42,0.20,87.240000,/home/595/sl9144/codes/snn_simulation/QCFS_simulation/cifar10-checkpoints/vgg16_L[16]_pcmnecmp_seed42_pc_mne_l16_vgg16_rc1ep00.pth,../important_results/cifar10_vgg16_pc_margin_mne_pre_first_conv_seed42/PC-MNE/seed_42/noise_sweep_matrix_cifar10_vgg16_T16_mode_rate_uniform_schedule_normal_seed_42.csv
cifar10,pc_mne,PC-MNE,42,0.25,87.060000,/home/595/sl9144/codes/snn_simulation/QCFS_simulation/cifar10-checkpoints/vgg16_L[16]_pcmnecmp_seed42_pc_mne_l16_vgg16_rc1ep00.pth,../important_results/cifar10_vgg16_pc_margin_mne_pre_first_conv_seed42/PC-MNE/seed_42/noise_sweep_matrix_cifar10_vgg16_T16_mode_rate_uniform_schedule_normal_seed_42.csv
cifar10,pc_mne,PC-MNE,42,0.30,86.960000,/home/595/sl9144/codes/snn_simulation/QCFS_simulation/cifar10-checkpoints/vgg16_L[16]_pcmnecmp_seed42_pc_mne_l16_vgg16_rc1ep00.pth,../important_results/cifar10_vgg16_pc_margin_mne_pre_first_conv_seed42/PC-MNE/seed_42/noise_sweep_matrix_cifar10_vgg16_T16_mode_rate_uniform_schedule_normal_seed_42.csv
cifar10,pc_mne,PC-MNE,42,0.35,87.000000,/home/595/sl9144/codes/snn_simulation/QCFS_simulation/cifar10-checkpoints/vgg16_L[16]_pcmnecmp_seed42_pc_mne_l16_vgg16_rc1ep00.pth,../important_results/cifar10_vgg16_pc_margin_mne_pre_first_conv_seed42/PC-MNE/seed_42/noise_sweep_matrix_cifar10_vgg16_T16_mode_rate_uniform_schedule_normal_seed_42.csv
cifar10,pc_mne,PC-MNE,42,0.40,86.590000,/home/595/sl9144/codes/snn_simulation/QCFS_simulation/cifar10-checkpoints/vgg16_L[16]_pcmnecmp_seed42_pc_mne_l16_vgg16_rc1ep00.pth,../important_results/cifar10_vgg16_pc_margin_mne_pre_first_conv_seed42/PC-MNE/seed_42/noise_sweep_matrix_cifar10_vgg16_T16_mode_rate_uniform_schedule_normal_seed_42.csv
cifar10,pc_mne,PC-MNE,42,0.45,86.200000,/home/595/sl9144/codes/snn_simulation/QCFS_simulation/cifar10-checkpoints/vgg16_L[16]_pcmnecmp_seed42_pc_mne_l16_vgg16_rc1ep00.pth,../important_results/cifar10_vgg16_pc_margin_mne_pre_first_conv_seed42/PC-MNE/seed_42/noise_sweep_matrix_cifar10_vgg16_T16_mode_rate_uniform_schedule_normal_seed_42.csv
cifar10,pc_mne,PC-MNE,42,0.50,85.800000,/home/595/sl9144/codes/snn_simulation/QCFS_simulation/cifar10-checkpoints/vgg16_L[16]_pcmnecmp_seed42_pc_mne_l16_vgg16_rc1ep00.pth,../important_results/cifar10_vgg16_pc_margin_mne_pre_first_conv_seed42/PC-MNE/seed_42/noise_sweep_matrix_cifar10_vgg16_T16_mode_rate_uniform_schedule_normal_seed_42.csv
cifar10,pc_mne,PC-MNE,42,0.55,85.520000,/home/595/sl9144/codes/snn_simulation/QCFS_simulation/cifar10-checkpoints/vgg16_L[16]_pcmnecmp_seed42_pc_mne_l16_vgg16_rc1ep00.pth,../important_results/cifar10_vgg16_pc_margin_mne_pre_first_conv_seed42/PC-MNE/seed_42/noise_sweep_matrix_cifar10_vgg16_T16_mode_rate_uniform_schedule_normal_seed_42.csv
cifar10,pc_mne,PC-MNE,42,0.60,84.470000,/home/595/sl9144/codes/snn_simulation/QCFS_simulation/cifar10-checkpoints/vgg16_L[16]_pcmnecmp_seed42_pc_mne_l16_vgg16_rc1ep00.pth,../important_results/cifar10_vgg16_pc_margin_mne_pre_first_conv_seed42/PC-MNE/seed_42/noise_sweep_matrix_cifar10_vgg16_T16_mode_rate_uniform_schedule_normal_seed_42.csv
cifar10,pc_mne,PC-MNE,42,0.65,83.820000,/home/595/sl9144/codes/snn_simulation/QCFS_simulation/cifar10-checkpoints/vgg16_L[16]_pcmnecmp_seed42_pc_mne_l16_vgg16_rc1ep00.pth,../important_results/cifar10_vgg16_pc_margin_mne_pre_first_conv_seed42/PC-MNE/seed_42/noise_sweep_matrix_cifar10_vgg16_T16_mode_rate_uniform_schedule_normal_seed_42.csv
cifar10,pc_mne,PC-MNE,42,0.70,82.260000,/home/595/sl9144/codes/snn_simulation/QCFS_simulation/cifar10-checkpoints/vgg16_L[16]_pcmnecmp_seed42_pc_mne_l16_vgg16_rc1ep00.pth,../important_results/cifar10_vgg16_pc_margin_mne_pre_first_conv_seed42/PC-MNE/seed_42/noise_sweep_matrix_cifar10_vgg16_T16_mode_rate_uniform_schedule_normal_seed_42.csv
cifar10,pc_mne,PC-MNE,42,0.75,81.350000,/home/595/sl9144/codes/snn_simulation/QCFS_simulation/cifar10-checkpoints/vgg16_L[16]_pcmnecmp_seed42_pc_mne_l16_vgg16_rc1ep00.pth,../important_results/cifar10_vgg16_pc_margin_mne_pre_first_conv_seed42/PC-MNE/seed_42/noise_sweep_matrix_cifar10_vgg16_T16_mode_rate_uniform_schedule_normal_seed_42.csv
cifar10,pc_mne,PC-MNE,42,0.80,79.420000,/home/595/sl9144/codes/snn_simulation/QCFS_simulation/cifar10-checkpoints/vgg16_L[16]_pcmnecmp_seed42_pc_mne_l16_vgg16_rc1ep00.pth,../important_results/cifar10_vgg16_pc_margin_mne_pre_first_conv_seed42/PC-MNE/seed_42/noise_sweep_matrix_cifar10_vgg16_T16_mode_rate_uniform_schedule_normal_seed_42.csv
cifar10,pc_mne,PC-MNE,42,0.85,77.640000,/home/595/sl9144/codes/snn_simulation/QCFS_simulation/cifar10-checkpoints/vgg16_L[16]_pcmnecmp_seed42_pc_mne_l16_vgg16_rc1ep00.pth,../important_results/cifar10_vgg16_pc_margin_mne_pre_first_conv_seed42/PC-MNE/seed_42/noise_sweep_matrix_cifar10_vgg16_T16_mode_rate_uniform_schedule_normal_seed_42.csv
cifar10,pc_mne,PC-MNE,42,0.90,75.750000,/home/595/sl9144/codes/snn_simulation/QCFS_simulation/cifar10-checkpoints/vgg16_L[16]_pcmnecmp_seed42_pc_mne_l16_vgg16_rc1ep00.pth,../important_results/cifar10_vgg16_pc_margin_mne_pre_first_conv_seed42/PC-MNE/seed_42/noise_sweep_matrix_cifar10_vgg16_T16_mode_rate_uniform_schedule_normal_seed_42.csv
cifar10,pc_mne,PC-MNE,42,0.95,73.740000,/home/595/sl9144/codes/snn_simulation/QCFS_simulation/cifar10-checkpoints/vgg16_L[16]_pcmnecmp_seed42_pc_mne_l16_vgg16_rc1ep00.pth,../important_results/cifar10_vgg16_pc_margin_mne_pre_first_conv_seed42/PC-MNE/seed_42/noise_sweep_matrix_cifar10_vgg16_T16_mode_rate_uniform_schedule_normal_seed_42.csv
cifar10,pc_mne,PC-MNE,42,1.00,71.110000,/home/595/sl9144/codes/snn_simulation/QCFS_simulation/cifar10-checkpoints/vgg16_L[16]_pcmnecmp_seed42_pc_mne_l16_vgg16_rc1ep00.pth,../important_results/cifar10_vgg16_pc_margin_mne_pre_first_conv_seed42/PC-MNE/seed_42/noise_sweep_matrix_cifar10_vgg16_T16_mode_rate_uniform_schedule_normal_seed_42.csv
cifar10,margin_mne,Margin-MNE,42,0.00,79.250000,/home/595/sl9144/codes/snn_simulation/QCFS_simulation/cifar10-checkpoints/vgg16_L[16]_pcmnecmp_seed42_margin_mne_l16_vgg16_rc1ep00_tau2.pth,../important_results/cifar10_vgg16_pc_margin_mne_pre_first_conv_seed42/Margin-MNE/seed_42/noise_sweep_matrix_cifar10_vgg16_T16_mode_rate_uniform_schedule_normal_seed_42.csv
cifar10,margin_mne,Margin-MNE,42,0.05,79.360000,/home/595/sl9144/codes/snn_simulation/QCFS_simulation/cifar10-checkpoints/vgg16_L[16]_pcmnecmp_seed42_margin_mne_l16_vgg16_rc1ep00_tau2.pth,../important_results/cifar10_vgg16_pc_margin_mne_pre_first_conv_seed42/Margin-MNE/seed_42/noise_sweep_matrix_cifar10_vgg16_T16_mode_rate_uniform_schedule_normal_seed_42.csv
cifar10,margin_mne,Margin-MNE,42,0.10,79.200000,/home/595/sl9144/codes/snn_simulation/QCFS_simulation/cifar10-checkpoints/vgg16_L[16]_pcmnecmp_seed42_margin_mne_l16_vgg16_rc1ep00_tau2.pth,../important_results/cifar10_vgg16_pc_margin_mne_pre_first_conv_seed42/Margin-MNE/seed_42/noise_sweep_matrix_cifar10_vgg16_T16_mode_rate_uniform_schedule_normal_seed_42.csv
cifar10,margin_mne,Margin-MNE,42,0.15,79.150000,/home/595/sl9144/codes/snn_simulation/QCFS_simulation/cifar10-checkpoints/vgg16_L[16]_pcmnecmp_seed42_margin_mne_l16_vgg16_rc1ep00_tau2.pth,../important_results/cifar10_vgg16_pc_margin_mne_pre_first_conv_seed42/Margin-MNE/seed_42/noise_sweep_matrix_cifar10_vgg16_T16_mode_rate_uniform_schedule_normal_seed_42.csv
cifar10,margin_mne,Margin-MNE,42,0.20,79.060000,/home/595/sl9144/codes/snn_simulation/QCFS_simulation/cifar10-checkpoints/vgg16_L[16]_pcmnecmp_seed42_margin_mne_l16_vgg16_rc1ep00_tau2.pth,../important_results/cifar10_vgg16_pc_margin_mne_pre_first_conv_seed42/Margin-MNE/seed_42/noise_sweep_matrix_cifar10_vgg16_T16_mode_rate_uniform_schedule_normal_seed_42.csv
cifar10,margin_mne,Margin-MNE,42,0.25,78.920000,/home/595/sl9144/codes/snn_simulation/QCFS_simulation/cifar10-checkpoints/vgg16_L[16]_pcmnecmp_seed42_margin_mne_l16_vgg16_rc1ep00_tau2.pth,../important_results/cifar10_vgg16_pc_margin_mne_pre_first_conv_seed42/Margin-MNE/seed_42/noise_sweep_matrix_cifar10_vgg16_T16_mode_rate_uniform_schedule_normal_seed_42.csv
cifar10,margin_mne,Margin-MNE,42,0.30,78.560000,/home/595/sl9144/codes/snn_simulation/QCFS_simulation/cifar10-checkpoints/vgg16_L[16]_pcmnecmp_seed42_margin_mne_l16_vgg16_rc1ep00_tau2.pth,../important_results/cifar10_vgg16_pc_margin_mne_pre_first_conv_seed42/Margin-MNE/seed_42/noise_sweep_matrix_cifar10_vgg16_T16_mode_rate_uniform_schedule_normal_seed_42.csv
cifar10,margin_mne,Margin-MNE,42,0.35,78.520000,/home/595/sl9144/codes/snn_simulation/QCFS_simulation/cifar10-checkpoints/vgg16_L[16]_pcmnecmp_seed42_margin_mne_l16_vgg16_rc1ep00_tau2.pth,../important_results/cifar10_vgg16_pc_margin_mne_pre_first_conv_seed42/Margin-MNE/seed_42/noise_sweep_matrix_cifar10_vgg16_T16_mode_rate_uniform_schedule_normal_seed_42.csv
cifar10,margin_mne,Margin-MNE,42,0.40,78.280000,/home/595/sl9144/codes/snn_simulation/QCFS_simulation/cifar10-checkpoints/vgg16_L[16]_pcmnecmp_seed42_margin_mne_l16_vgg16_rc1ep00_tau2.pth,../important_results/cifar10_vgg16_pc_margin_mne_pre_first_conv_seed42/Margin-MNE/seed_42/noise_sweep_matrix_cifar10_vgg16_T16_mode_rate_uniform_schedule_normal_seed_42.csv
cifar10,margin_mne,Margin-MNE,42,0.45,78.250000,/home/595/sl9144/codes/snn_simulation/QCFS_simulation/cifar10-checkpoints/vgg16_L[16]_pcmnecmp_seed42_margin_mne_l16_vgg16_rc1ep00_tau2.pth,../important_results/cifar10_vgg16_pc_margin_mne_pre_first_conv_seed42/Margin-MNE/seed_42/noise_sweep_matrix_cifar10_vgg16_T16_mode_rate_uniform_schedule_normal_seed_42.csv
cifar10,margin_mne,Margin-MNE,42,0.50,78.010000,/home/595/sl9144/codes/snn_simulation/QCFS_simulation/cifar10-checkpoints/vgg16_L[16]_pcmnecmp_seed42_margin_mne_l16_vgg16_rc1ep00_tau2.pth,../important_results/cifar10_vgg16_pc_margin_mne_pre_first_conv_seed42/Margin-MNE/seed_42/noise_sweep_matrix_cifar10_vgg16_T16_mode_rate_uniform_schedule_normal_seed_42.csv
cifar10,margin_mne,Margin-MNE,42,0.55,77.480000,/home/595/sl9144/codes/snn_simulation/QCFS_simulation/cifar10-checkpoints/vgg16_L[16]_pcmnecmp_seed42_margin_mne_l16_vgg16_rc1ep00_tau2.pth,../important_results/cifar10_vgg16_pc_margin_mne_pre_first_conv_seed42/Margin-MNE/seed_42/noise_sweep_matrix_cifar10_vgg16_T16_mode_rate_uniform_schedule_normal_seed_42.csv
cifar10,margin_mne,Margin-MNE,42,0.60,77.010000,/home/595/sl9144/codes/snn_simulation/QCFS_simulation/cifar10-checkpoints/vgg16_L[16]_pcmnecmp_seed42_margin_mne_l16_vgg16_rc1ep00_tau2.pth,../important_results/cifar10_vgg16_pc_margin_mne_pre_first_conv_seed42/Margin-MNE/seed_42/noise_sweep_matrix_cifar10_vgg16_T16_mode_rate_uniform_schedule_normal_seed_42.csv
cifar10,margin_mne,Margin-MNE,42,0.65,76.490000,/home/595/sl9144/codes/snn_simulation/QCFS_simulation/cifar10-checkpoints/vgg16_L[16]_pcmnecmp_seed42_margin_mne_l16_vgg16_rc1ep00_tau2.pth,../important_results/cifar10_vgg16_pc_margin_mne_pre_first_conv_seed42/Margin-MNE/seed_42/noise_sweep_matrix_cifar10_vgg16_T16_mode_rate_uniform_schedule_normal_seed_42.csv
cifar10,margin_mne,Margin-MNE,42,0.70,75.850000,/home/595/sl9144/codes/snn_simulation/QCFS_simulation/cifar10-checkpoints/vgg16_L[16]_pcmnecmp_seed42_margin_mne_l16_vgg16_rc1ep00_tau2.pth,../important_results/cifar10_vgg16_pc_margin_mne_pre_first_conv_seed42/Margin-MNE/seed_42/noise_sweep_matrix_cifar10_vgg16_T16_mode_rate_uniform_schedule_normal_seed_42.csv
cifar10,margin_mne,Margin-MNE,42,0.75,74.770000,/home/595/sl9144/codes/snn_simulation/QCFS_simulation/cifar10-checkpoints/vgg16_L[16]_pcmnecmp_seed42_margin_mne_l16_vgg16_rc1ep00_tau2.pth,../important_results/cifar10_vgg16_pc_margin_mne_pre_first_conv_seed42/Margin-MNE/seed_42/noise_sweep_matrix_cifar10_vgg16_T16_mode_rate_uniform_schedule_normal_seed_42.csv
cifar10,margin_mne,Margin-MNE,42,0.80,73.520000,/home/595/sl9144/codes/snn_simulation/QCFS_simulation/cifar10-checkpoints/vgg16_L[16]_pcmnecmp_seed42_margin_mne_l16_vgg16_rc1ep00_tau2.pth,../important_results/cifar10_vgg16_pc_margin_mne_pre_first_conv_seed42/Margin-MNE/seed_42/noise_sweep_matrix_cifar10_vgg16_T16_mode_rate_uniform_schedule_normal_seed_42.csv
cifar10,margin_mne,Margin-MNE,42,0.85,73.130000,/home/595/sl9144/codes/snn_simulation/QCFS_simulation/cifar10-checkpoints/vgg16_L[16]_pcmnecmp_seed42_margin_mne_l16_vgg16_rc1ep00_tau2.pth,../important_results/cifar10_vgg16_pc_margin_mne_pre_first_conv_seed42/Margin-MNE/seed_42/noise_sweep_matrix_cifar10_vgg16_T16_mode_rate_uniform_schedule_normal_seed_42.csv
cifar10,margin_mne,Margin-MNE,42,0.90,71.400000,/home/595/sl9144/codes/snn_simulation/QCFS_simulation/cifar10-checkpoints/vgg16_L[16]_pcmnecmp_seed42_margin_mne_l16_vgg16_rc1ep00_tau2.pth,../important_results/cifar10_vgg16_pc_margin_mne_pre_first_conv_seed42/Margin-MNE/seed_42/noise_sweep_matrix_cifar10_vgg16_T16_mode_rate_uniform_schedule_normal_seed_42.csv
cifar10,margin_mne,Margin-MNE,42,0.95,69.930000,/home/595/sl9144/codes/snn_simulation/QCFS_simulation/cifar10-checkpoints/vgg16_L[16]_pcmnecmp_seed42_margin_mne_l16_vgg16_rc1ep00_tau2.pth,../important_results/cifar10_vgg16_pc_margin_mne_pre_first_conv_seed42/Margin-MNE/seed_42/noise_sweep_matrix_cifar10_vgg16_T16_mode_rate_uniform_schedule_normal_seed_42.csv
cifar10,margin_mne,Margin-MNE,42,1.00,68.320000,/home/595/sl9144/codes/snn_simulation/QCFS_simulation/cifar10-checkpoints/vgg16_L[16]_pcmnecmp_seed42_margin_mne_l16_vgg16_rc1ep00_tau2.pth,../important_results/cifar10_vgg16_pc_margin_mne_pre_first_conv_seed42/Margin-MNE/seed_42/noise_sweep_matrix_cifar10_vgg16_T16_mode_rate_uniform_schedule_normal_seed_42.csv
cifar10,mne_l2,MNE-standard,42,0.00,90.500000,/home/595/sl9144/codes/snn_simulation/QCFS_simulation/cifar10-checkpoints/vgg16_L[16]_pcmnecmp_seed42_mne_l2_l16_vgg16_rc1em04.pth,../important_results/cifar10_vgg16_pc_margin_mne_pre_first_conv_seed42/MNE-standard/seed_42/noise_sweep_matrix_cifar10_vgg16_T16_mode_rate_uniform_schedule_normal_seed_42.csv
cifar10,mne_l2,MNE-standard,42,0.05,90.440000,/home/595/sl9144/codes/snn_simulation/QCFS_simulation/cifar10-checkpoints/vgg16_L[16]_pcmnecmp_seed42_mne_l2_l16_vgg16_rc1em04.pth,../important_results/cifar10_vgg16_pc_margin_mne_pre_first_conv_seed42/MNE-standard/seed_42/noise_sweep_matrix_cifar10_vgg16_T16_mode_rate_uniform_schedule_normal_seed_42.csv
cifar10,mne_l2,MNE-standard,42,0.10,90.470000,/home/595/sl9144/codes/snn_simulation/QCFS_simulation/cifar10-checkpoints/vgg16_L[16]_pcmnecmp_seed42_mne_l2_l16_vgg16_rc1em04.pth,../important_results/cifar10_vgg16_pc_margin_mne_pre_first_conv_seed42/MNE-standard/seed_42/noise_sweep_matrix_cifar10_vgg16_T16_mode_rate_uniform_schedule_normal_seed_42.csv
cifar10,mne_l2,MNE-standard,42,0.15,90.260000,/home/595/sl9144/codes/snn_simulation/QCFS_simulation/cifar10-checkpoints/vgg16_L[16]_pcmnecmp_seed42_mne_l2_l16_vgg16_rc1em04.pth,../important_results/cifar10_vgg16_pc_margin_mne_pre_first_conv_seed42/MNE-standard/seed_42/noise_sweep_matrix_cifar10_vgg16_T16_mode_rate_uniform_schedule_normal_seed_42.csv
cifar10,mne_l2,MNE-standard,42,0.20,90.110000,/home/595/sl9144/codes/snn_simulation/QCFS_simulation/cifar10-checkpoints/vgg16_L[16]_pcmnecmp_seed42_mne_l2_l16_vgg16_rc1em04.pth,../important_results/cifar10_vgg16_pc_margin_mne_pre_first_conv_seed42/MNE-standard/seed_42/noise_sweep_matrix_cifar10_vgg16_T16_mode_rate_uniform_schedule_normal_seed_42.csv
cifar10,mne_l2,MNE-standard,42,0.25,89.750000,/home/595/sl9144/codes/snn_simulation/QCFS_simulation/cifar10-checkpoints/vgg16_L[16]_pcmnecmp_seed42_mne_l2_l16_vgg16_rc1em04.pth,../important_results/cifar10_vgg16_pc_margin_mne_pre_first_conv_seed42/MNE-standard/seed_42/noise_sweep_matrix_cifar10_vgg16_T16_mode_rate_uniform_schedule_normal_seed_42.csv
cifar10,mne_l2,MNE-standard,42,0.30,89.650000,/home/595/sl9144/codes/snn_simulation/QCFS_simulation/cifar10-checkpoints/vgg16_L[16]_pcmnecmp_seed42_mne_l2_l16_vgg16_rc1em04.pth,../important_results/cifar10_vgg16_pc_margin_mne_pre_first_conv_seed42/MNE-standard/seed_42/noise_sweep_matrix_cifar10_vgg16_T16_mode_rate_uniform_schedule_normal_seed_42.csv
cifar10,mne_l2,MNE-standard,42,0.35,89.060000,/home/595/sl9144/codes/snn_simulation/QCFS_simulation/cifar10-checkpoints/vgg16_L[16]_pcmnecmp_seed42_mne_l2_l16_vgg16_rc1em04.pth,../important_results/cifar10_vgg16_pc_margin_mne_pre_first_conv_seed42/MNE-standard/seed_42/noise_sweep_matrix_cifar10_vgg16_T16_mode_rate_uniform_schedule_normal_seed_42.csv
cifar10,mne_l2,MNE-standard,42,0.40,88.210000,/home/595/sl9144/codes/snn_simulation/QCFS_simulation/cifar10-checkpoints/vgg16_L[16]_pcmnecmp_seed42_mne_l2_l16_vgg16_rc1em04.pth,../important_results/cifar10_vgg16_pc_margin_mne_pre_first_conv_seed42/MNE-standard/seed_42/noise_sweep_matrix_cifar10_vgg16_T16_mode_rate_uniform_schedule_normal_seed_42.csv
cifar10,mne_l2,MNE-standard,42,0.45,87.440000,/home/595/sl9144/codes/snn_simulation/QCFS_simulation/cifar10-checkpoints/vgg16_L[16]_pcmnecmp_seed42_mne_l2_l16_vgg16_rc1em04.pth,../important_results/cifar10_vgg16_pc_margin_mne_pre_first_conv_seed42/MNE-standard/seed_42/noise_sweep_matrix_cifar10_vgg16_T16_mode_rate_uniform_schedule_normal_seed_42.csv
cifar10,mne_l2,MNE-standard,42,0.50,86.460000,/home/595/sl9144/codes/snn_simulation/QCFS_simulation/cifar10-checkpoints/vgg16_L[16]_pcmnecmp_seed42_mne_l2_l16_vgg16_rc1em04.pth,../important_results/cifar10_vgg16_pc_margin_mne_pre_first_conv_seed42/MNE-standard/seed_42/noise_sweep_matrix_cifar10_vgg16_T16_mode_rate_uniform_schedule_normal_seed_42.csv
cifar10,mne_l2,MNE-standard,42,0.55,85.570000,/home/595/sl9144/codes/snn_simulation/QCFS_simulation/cifar10-checkpoints/vgg16_L[16]_pcmnecmp_seed42_mne_l2_l16_vgg16_rc1em04.pth,../important_results/cifar10_vgg16_pc_margin_mne_pre_first_conv_seed42/MNE-standard/seed_42/noise_sweep_matrix_cifar10_vgg16_T16_mode_rate_uniform_schedule_normal_seed_42.csv
cifar10,mne_l2,MNE-standard,42,0.60,83.740000,/home/595/sl9144/codes/snn_simulation/QCFS_simulation/cifar10-checkpoints/vgg16_L[16]_pcmnecmp_seed42_mne_l2_l16_vgg16_rc1em04.pth,../important_results/cifar10_vgg16_pc_margin_mne_pre_first_conv_seed42/MNE-standard/seed_42/noise_sweep_matrix_cifar10_vgg16_T16_mode_rate_uniform_schedule_normal_seed_42.csv
cifar10,mne_l2,MNE-standard,42,0.65,82.370000,/home/595/sl9144/codes/snn_simulation/QCFS_simulation/cifar10-checkpoints/vgg16_L[16]_pcmnecmp_seed42_mne_l2_l16_vgg16_rc1em04.pth,../important_results/cifar10_vgg16_pc_margin_mne_pre_first_conv_seed42/MNE-standard/seed_42/noise_sweep_matrix_cifar10_vgg16_T16_mode_rate_uniform_schedule_normal_seed_42.csv
cifar10,mne_l2,MNE-standard,42,0.70,80.570000,/home/595/sl9144/codes/snn_simulation/QCFS_simulation/cifar10-checkpoints/vgg16_L[16]_pcmnecmp_seed42_mne_l2_l16_vgg16_rc1em04.pth,../important_results/cifar10_vgg16_pc_margin_mne_pre_first_conv_seed42/MNE-standard/seed_42/noise_sweep_matrix_cifar10_vgg16_T16_mode_rate_uniform_schedule_normal_seed_42.csv
cifar10,mne_l2,MNE-standard,42,0.75,78.840000,/home/595/sl9144/codes/snn_simulation/QCFS_simulation/cifar10-checkpoints/vgg16_L[16]_pcmnecmp_seed42_mne_l2_l16_vgg16_rc1em04.pth,../important_results/cifar10_vgg16_pc_margin_mne_pre_first_conv_seed42/MNE-standard/seed_42/noise_sweep_matrix_cifar10_vgg16_T16_mode_rate_uniform_schedule_normal_seed_42.csv
cifar10,mne_l2,MNE-standard,42,0.80,76.790000,/home/595/sl9144/codes/snn_simulation/QCFS_simulation/cifar10-checkpoints/vgg16_L[16]_pcmnecmp_seed42_mne_l2_l16_vgg16_rc1em04.pth,../important_results/cifar10_vgg16_pc_margin_mne_pre_first_conv_seed42/MNE-standard/seed_42/noise_sweep_matrix_cifar10_vgg16_T16_mode_rate_uniform_schedule_normal_seed_42.csv
cifar10,mne_l2,MNE-standard,42,0.85,74.660000,/home/595/sl9144/codes/snn_simulation/QCFS_simulation/cifar10-checkpoints/vgg16_L[16]_pcmnecmp_seed42_mne_l2_l16_vgg16_rc1em04.pth,../important_results/cifar10_vgg16_pc_margin_mne_pre_first_conv_seed42/MNE-standard/seed_42/noise_sweep_matrix_cifar10_vgg16_T16_mode_rate_uniform_schedule_normal_seed_42.csv
cifar10,mne_l2,MNE-standard,42,0.90,72.290000,/home/595/sl9144/codes/snn_simulation/QCFS_simulation/cifar10-checkpoints/vgg16_L[16]_pcmnecmp_seed42_mne_l2_l16_vgg16_rc1em04.pth,../important_results/cifar10_vgg16_pc_margin_mne_pre_first_conv_seed42/MNE-standard/seed_42/noise_sweep_matrix_cifar10_vgg16_T16_mode_rate_uniform_schedule_normal_seed_42.csv
cifar10,mne_l2,MNE-standard,42,0.95,70.360000,/home/595/sl9144/codes/snn_simulation/QCFS_simulation/cifar10-checkpoints/vgg16_L[16]_pcmnecmp_seed42_mne_l2_l16_vgg16_rc1em04.pth,../important_results/cifar10_vgg16_pc_margin_mne_pre_first_conv_seed42/MNE-standard/seed_42/noise_sweep_matrix_cifar10_vgg16_T16_mode_rate_uniform_schedule_normal_seed_42.csv
cifar10,mne_l2,MNE-standard,42,1.00,67.680000,/home/595/sl9144/codes/snn_simulation/QCFS_simulation/cifar10-checkpoints/vgg16_L[16]_pcmnecmp_seed42_mne_l2_l16_vgg16_rc1em04.pth,../important_results/cifar10_vgg16_pc_margin_mne_pre_first_conv_seed42/MNE-standard/seed_42/noise_sweep_matrix_cifar10_vgg16_T16_mode_rate_uniform_schedule_normal_seed_42.csv
cifar10,weight_decay,L2-all-WD,42,0.00,90.500000,/home/595/sl9144/codes/snn_simulation/QCFS_simulation/cifar10-checkpoints/vgg16_L[16]_pcmnecmp_seed42_wd_l16_vgg16.pth,../important_results/cifar10_vgg16_pc_margin_mne_pre_first_conv_seed42/L2-all-WD/seed_42/noise_sweep_matrix_cifar10_vgg16_T16_mode_rate_uniform_schedule_normal_seed_42.csv
cifar10,weight_decay,L2-all-WD,42,0.05,90.400000,/home/595/sl9144/codes/snn_simulation/QCFS_simulation/cifar10-checkpoints/vgg16_L[16]_pcmnecmp_seed42_wd_l16_vgg16.pth,../important_results/cifar10_vgg16_pc_margin_mne_pre_first_conv_seed42/L2-all-WD/seed_42/noise_sweep_matrix_cifar10_vgg16_T16_mode_rate_uniform_schedule_normal_seed_42.csv
cifar10,weight_decay,L2-all-WD,42,0.10,90.400000,/home/595/sl9144/codes/snn_simulation/QCFS_simulation/cifar10-checkpoints/vgg16_L[16]_pcmnecmp_seed42_wd_l16_vgg16.pth,../important_results/cifar10_vgg16_pc_margin_mne_pre_first_conv_seed42/L2-all-WD/seed_42/noise_sweep_matrix_cifar10_vgg16_T16_mode_rate_uniform_schedule_normal_seed_42.csv
cifar10,weight_decay,L2-all-WD,42,0.15,90.320000,/home/595/sl9144/codes/snn_simulation/QCFS_simulation/cifar10-checkpoints/vgg16_L[16]_pcmnecmp_seed42_wd_l16_vgg16.pth,../important_results/cifar10_vgg16_pc_margin_mne_pre_first_conv_seed42/L2-all-WD/seed_42/noise_sweep_matrix_cifar10_vgg16_T16_mode_rate_uniform_schedule_normal_seed_42.csv
cifar10,weight_decay,L2-all-WD,42,0.20,90.130000,/home/595/sl9144/codes/snn_simulation/QCFS_simulation/cifar10-checkpoints/vgg16_L[16]_pcmnecmp_seed42_wd_l16_vgg16.pth,../important_results/cifar10_vgg16_pc_margin_mne_pre_first_conv_seed42/L2-all-WD/seed_42/noise_sweep_matrix_cifar10_vgg16_T16_mode_rate_uniform_schedule_normal_seed_42.csv
cifar10,weight_decay,L2-all-WD,42,0.25,89.850000,/home/595/sl9144/codes/snn_simulation/QCFS_simulation/cifar10-checkpoints/vgg16_L[16]_pcmnecmp_seed42_wd_l16_vgg16.pth,../important_results/cifar10_vgg16_pc_margin_mne_pre_first_conv_seed42/L2-all-WD/seed_42/noise_sweep_matrix_cifar10_vgg16_T16_mode_rate_uniform_schedule_normal_seed_42.csv
cifar10,weight_decay,L2-all-WD,42,0.30,89.450000,/home/595/sl9144/codes/snn_simulation/QCFS_simulation/cifar10-checkpoints/vgg16_L[16]_pcmnecmp_seed42_wd_l16_vgg16.pth,../important_results/cifar10_vgg16_pc_margin_mne_pre_first_conv_seed42/L2-all-WD/seed_42/noise_sweep_matrix_cifar10_vgg16_T16_mode_rate_uniform_schedule_normal_seed_42.csv
cifar10,weight_decay,L2-all-WD,42,0.35,89.180000,/home/595/sl9144/codes/snn_simulation/QCFS_simulation/cifar10-checkpoints/vgg16_L[16]_pcmnecmp_seed42_wd_l16_vgg16.pth,../important_results/cifar10_vgg16_pc_margin_mne_pre_first_conv_seed42/L2-all-WD/seed_42/noise_sweep_matrix_cifar10_vgg16_T16_mode_rate_uniform_schedule_normal_seed_42.csv
cifar10,weight_decay,L2-all-WD,42,0.40,88.620000,/home/595/sl9144/codes/snn_simulation/QCFS_simulation/cifar10-checkpoints/vgg16_L[16]_pcmnecmp_seed42_wd_l16_vgg16.pth,../important_results/cifar10_vgg16_pc_margin_mne_pre_first_conv_seed42/L2-all-WD/seed_42/noise_sweep_matrix_cifar10_vgg16_T16_mode_rate_uniform_schedule_normal_seed_42.csv
cifar10,weight_decay,L2-all-WD,42,0.45,88.000000,/home/595/sl9144/codes/snn_simulation/QCFS_simulation/cifar10-checkpoints/vgg16_L[16]_pcmnecmp_seed42_wd_l16_vgg16.pth,../important_results/cifar10_vgg16_pc_margin_mne_pre_first_conv_seed42/L2-all-WD/seed_42/noise_sweep_matrix_cifar10_vgg16_T16_mode_rate_uniform_schedule_normal_seed_42.csv
cifar10,weight_decay,L2-all-WD,42,0.50,87.250000,/home/595/sl9144/codes/snn_simulation/QCFS_simulation/cifar10-checkpoints/vgg16_L[16]_pcmnecmp_seed42_wd_l16_vgg16.pth,../important_results/cifar10_vgg16_pc_margin_mne_pre_first_conv_seed42/L2-all-WD/seed_42/noise_sweep_matrix_cifar10_vgg16_T16_mode_rate_uniform_schedule_normal_seed_42.csv
cifar10,weight_decay,L2-all-WD,42,0.55,86.470000,/home/595/sl9144/codes/snn_simulation/QCFS_simulation/cifar10-checkpoints/vgg16_L[16]_pcmnecmp_seed42_wd_l16_vgg16.pth,../important_results/cifar10_vgg16_pc_margin_mne_pre_first_conv_seed42/L2-all-WD/seed_42/noise_sweep_matrix_cifar10_vgg16_T16_mode_rate_uniform_schedule_normal_seed_42.csv
cifar10,weight_decay,L2-all-WD,42,0.60,85.470000,/home/595/sl9144/codes/snn_simulation/QCFS_simulation/cifar10-checkpoints/vgg16_L[16]_pcmnecmp_seed42_wd_l16_vgg16.pth,../important_results/cifar10_vgg16_pc_margin_mne_pre_first_conv_seed42/L2-all-WD/seed_42/noise_sweep_matrix_cifar10_vgg16_T16_mode_rate_uniform_schedule_normal_seed_42.csv
cifar10,weight_decay,L2-all-WD,42,0.65,84.020000,/home/595/sl9144/codes/snn_simulation/QCFS_simulation/cifar10-checkpoints/vgg16_L[16]_pcmnecmp_seed42_wd_l16_vgg16.pth,../important_results/cifar10_vgg16_pc_margin_mne_pre_first_conv_seed42/L2-all-WD/seed_42/noise_sweep_matrix_cifar10_vgg16_T16_mode_rate_uniform_schedule_normal_seed_42.csv
cifar10,weight_decay,L2-all-WD,42,0.70,83.340000,/home/595/sl9144/codes/snn_simulation/QCFS_simulation/cifar10-checkpoints/vgg16_L[16]_pcmnecmp_seed42_wd_l16_vgg16.pth,../important_results/cifar10_vgg16_pc_margin_mne_pre_first_conv_seed42/L2-all-WD/seed_42/noise_sweep_matrix_cifar10_vgg16_T16_mode_rate_uniform_schedule_normal_seed_42.csv
cifar10,weight_decay,L2-all-WD,42,0.75,82.090000,/home/595/sl9144/codes/snn_simulation/QCFS_simulation/cifar10-checkpoints/vgg16_L[16]_pcmnecmp_seed42_wd_l16_vgg16.pth,../important_results/cifar10_vgg16_pc_margin_mne_pre_first_conv_seed42/L2-all-WD/seed_42/noise_sweep_matrix_cifar10_vgg16_T16_mode_rate_uniform_schedule_normal_seed_42.csv
cifar10,weight_decay,L2-all-WD,42,0.80,80.470000,/home/595/sl9144/codes/snn_simulation/QCFS_simulation/cifar10-checkpoints/vgg16_L[16]_pcmnecmp_seed42_wd_l16_vgg16.pth,../important_results/cifar10_vgg16_pc_margin_mne_pre_first_conv_seed42/L2-all-WD/seed_42/noise_sweep_matrix_cifar10_vgg16_T16_mode_rate_uniform_schedule_normal_seed_42.csv
cifar10,weight_decay,L2-all-WD,42,0.85,79.000000,/home/595/sl9144/codes/snn_simulation/QCFS_simulation/cifar10-checkpoints/vgg16_L[16]_pcmnecmp_seed42_wd_l16_vgg16.pth,../important_results/cifar10_vgg16_pc_margin_mne_pre_first_conv_seed42/L2-all-WD/seed_42/noise_sweep_matrix_cifar10_vgg16_T16_mode_rate_uniform_schedule_normal_seed_42.csv
cifar10,weight_decay,L2-all-WD,42,0.90,77.680000,/home/595/sl9144/codes/snn_simulation/QCFS_simulation/cifar10-checkpoints/vgg16_L[16]_pcmnecmp_seed42_wd_l16_vgg16.pth,../important_results/cifar10_vgg16_pc_margin_mne_pre_first_conv_seed42/L2-all-WD/seed_42/noise_sweep_matrix_cifar10_vgg16_T16_mode_rate_uniform_schedule_normal_seed_42.csv
cifar10,weight_decay,L2-all-WD,42,0.95,76.080000,/home/595/sl9144/codes/snn_simulation/QCFS_simulation/cifar10-checkpoints/vgg16_L[16]_pcmnecmp_seed42_wd_l16_vgg16.pth,../important_results/cifar10_vgg16_pc_margin_mne_pre_first_conv_seed42/L2-all-WD/seed_42/noise_sweep_matrix_cifar10_vgg16_T16_mode_rate_uniform_schedule_normal_seed_42.csv
cifar10,weight_decay,L2-all-WD,42,1.00,74.400000,/home/595/sl9144/codes/snn_simulation/QCFS_simulation/cifar10-checkpoints/vgg16_L[16]_pcmnecmp_seed42_wd_l16_vgg16.pth,../important_results/cifar10_vgg16_pc_margin_mne_pre_first_conv_seed42/L2-all-WD/seed_42/noise_sweep_matrix_cifar10_vgg16_T16_mode_rate_uniform_schedule_normal_seed_42.csv
