arch,regularizer,sigma,acc_mean,acc_sem,n_seeds
cnn2_c2_c4,weight_decay,0.00,83.866000,0.625377,5
cnn2_c2_c4,weight_decay,0.05,83.844000,0.606833,5
cnn2_c2_c4,weight_decay,0.10,83.758000,0.619293,5
cnn2_c2_c4,weight_decay,0.15,83.426000,0.583323,5
cnn2_c2_c4,weight_decay,0.20,83.240000,0.604252,5
cnn2_c2_c4,weight_decay,0.25,83.162000,0.580184,5
cnn2_c2_c4,weight_decay,0.30,82.968000,0.567903,5
cnn2_c2_c4,weight_decay,0.35,82.754000,0.484754,5
cnn2_c2_c4,weight_decay,0.40,82.584000,0.447600,5
cnn2_c2_c4,weight_decay,0.45,82.244000,0.525886,5
cnn2_c2_c4,weight_decay,0.50,82.026000,0.486709,5
cnn2_c2_c4,weight_decay,0.55,81.610000,0.528971,5
cnn2_c2_c4,weight_decay,0.60,81.302000,0.471237,5
cnn2_c2_c4,weight_decay,0.65,81.004000,0.588359,5
cnn2_c2_c4,weight_decay,0.70,80.632000,0.493127,5
cnn2_c2_c4,weight_decay,0.75,80.320000,0.591253,5
cnn2_c2_c4,weight_decay,0.80,80.250000,0.528668,5
cnn2_c2_c4,weight_decay,0.85,79.738000,0.604644,5
cnn2_c2_c4,weight_decay,0.90,79.368000,0.499974,5
cnn2_c2_c4,weight_decay,0.95,79.134000,0.653457,5
cnn2_c2_c4,weight_decay,1.00,78.616000,0.713615,5
cnn2_c2_c4,mne_l2,0.00,76.780000,1.095760,5
cnn2_c2_c4,mne_l2,0.05,76.742000,1.080247,5
cnn2_c2_c4,mne_l2,0.10,76.840000,1.117775,5
cnn2_c2_c4,mne_l2,0.15,76.714000,1.130414,5
cnn2_c2_c4,mne_l2,0.20,76.800000,0.988883,5
cnn2_c2_c4,mne_l2,0.25,76.818000,1.110056,5
cnn2_c2_c4,mne_l2,0.30,76.610000,1.170269,5
cnn2_c2_c4,mne_l2,0.35,76.846000,1.224674,5
cnn2_c2_c4,mne_l2,0.40,76.614000,1.117974,5
cnn2_c2_c4,mne_l2,0.45,76.652000,1.158242,5
cnn2_c2_c4,mne_l2,0.50,76.462000,1.154424,5
cnn2_c2_c4,mne_l2,0.55,76.666000,1.184114,5
cnn2_c2_c4,mne_l2,0.60,76.546000,1.255319,5
cnn2_c2_c4,mne_l2,0.65,76.546000,1.178731,5
cnn2_c2_c4,mne_l2,0.70,76.552000,1.204572,5
cnn2_c2_c4,mne_l2,0.75,76.468000,1.214514,5
cnn2_c2_c4,mne_l2,0.80,76.432000,1.330994,5
cnn2_c2_c4,mne_l2,0.85,76.330000,1.312658,5
cnn2_c2_c4,mne_l2,0.90,76.412000,1.211109,5
cnn2_c2_c4,mne_l2,0.95,76.558000,1.380921,5
cnn2_c2_c4,mne_l2,1.00,76.306000,1.293165,5
cnn2_c2_c4,no_regularization,0.00,83.168000,0.417773,5
cnn2_c2_c4,no_regularization,0.05,83.148000,0.466963,5
cnn2_c2_c4,no_regularization,0.10,83.136000,0.429425,5
cnn2_c2_c4,no_regularization,0.15,83.016000,0.408847,5
cnn2_c2_c4,no_regularization,0.20,82.792000,0.383385,5
cnn2_c2_c4,no_regularization,0.25,82.542000,0.411660,5
cnn2_c2_c4,no_regularization,0.30,82.408000,0.373636,5
cnn2_c2_c4,no_regularization,0.35,82.276000,0.380442,5
cnn2_c2_c4,no_regularization,0.40,82.044000,0.380087,5
cnn2_c2_c4,no_regularization,0.45,81.754000,0.376969,5
cnn2_c2_c4,no_regularization,0.50,81.616000,0.390341,5
cnn2_c2_c4,no_regularization,0.55,81.212000,0.424964,5
cnn2_c2_c4,no_regularization,0.60,80.982000,0.530701,5
cnn2_c2_c4,no_regularization,0.65,80.860000,0.508252,5
cnn2_c2_c4,no_regularization,0.70,80.474000,0.574409,5
cnn2_c2_c4,no_regularization,0.75,80.226000,0.686066,5
cnn2_c2_c4,no_regularization,0.80,79.700000,0.634681,5
cnn2_c2_c4,no_regularization,0.85,79.610000,0.739804,5
cnn2_c2_c4,no_regularization,0.90,79.078000,0.881620,5
cnn2_c2_c4,no_regularization,0.95,78.954000,0.932543,5
cnn2_c2_c4,no_regularization,1.00,78.602000,0.896635,5
cnn2_c4_c8,weight_decay,0.00,86.628000,0.254311,5
cnn2_c4_c8,weight_decay,0.05,86.556000,0.157181,5
cnn2_c4_c8,weight_decay,0.10,86.480000,0.241454,5
cnn2_c4_c8,weight_decay,0.15,86.094000,0.249972,5
cnn2_c4_c8,weight_decay,0.20,85.808000,0.159167,5
cnn2_c4_c8,weight_decay,0.25,85.576000,0.201410,5
cnn2_c4_c8,weight_decay,0.30,85.070000,0.256027,5
cnn2_c4_c8,weight_decay,0.35,84.426000,0.239804,5
cnn2_c4_c8,weight_decay,0.40,84.212000,0.273156,5
cnn2_c4_c8,weight_decay,0.45,83.700000,0.251336,5
cnn2_c4_c8,weight_decay,0.50,83.172000,0.268559,5
cnn2_c4_c8,weight_decay,0.55,82.818000,0.204289,5
cnn2_c4_c8,weight_decay,0.60,82.392000,0.301983,5
cnn2_c4_c8,weight_decay,0.65,82.176000,0.325186,5
cnn2_c4_c8,weight_decay,0.70,81.600000,0.267395,5
cnn2_c4_c8,weight_decay,0.75,81.334000,0.403009,5
cnn2_c4_c8,weight_decay,0.80,80.972000,0.318016,5
cnn2_c4_c8,weight_decay,0.85,80.456000,0.380284,5
cnn2_c4_c8,weight_decay,0.90,80.256000,0.281808,5
cnn2_c4_c8,weight_decay,0.95,80.014000,0.459789,5
cnn2_c4_c8,weight_decay,1.00,79.536000,0.323583,5
cnn2_c4_c8,mne_l2,0.00,81.794000,0.975441,5
cnn2_c4_c8,mne_l2,0.05,81.904000,0.967805,5
cnn2_c4_c8,mne_l2,0.10,81.798000,0.964668,5
cnn2_c4_c8,mne_l2,0.15,81.686000,0.978461,5
cnn2_c4_c8,mne_l2,0.20,81.732000,0.972257,5
cnn2_c4_c8,mne_l2,0.25,81.682000,0.991869,5
cnn2_c4_c8,mne_l2,0.30,81.696000,1.029668,5
cnn2_c4_c8,mne_l2,0.35,81.704000,1.052984,5
cnn2_c4_c8,mne_l2,0.40,81.770000,1.043988,5
cnn2_c4_c8,mne_l2,0.45,81.604000,1.070073,5
cnn2_c4_c8,mne_l2,0.50,81.746000,1.002550,5
cnn2_c4_c8,mne_l2,0.55,81.464000,0.987475,5
cnn2_c4_c8,mne_l2,0.60,81.576000,1.093346,5
cnn2_c4_c8,mne_l2,0.65,81.700000,1.096225,5
cnn2_c4_c8,mne_l2,0.70,81.298000,1.103397,5
cnn2_c4_c8,mne_l2,0.75,81.432000,1.120694,5
cnn2_c4_c8,mne_l2,0.80,81.568000,1.140633,5
cnn2_c4_c8,mne_l2,0.85,81.590000,1.104649,5
cnn2_c4_c8,mne_l2,0.90,81.398000,1.075637,5
cnn2_c4_c8,mne_l2,0.95,81.426000,1.018227,5
cnn2_c4_c8,mne_l2,1.00,81.466000,1.065226,5
cnn2_c4_c8,no_regularization,0.00,85.898000,0.273192,5
cnn2_c4_c8,no_regularization,0.05,85.886000,0.288801,5
cnn2_c4_c8,no_regularization,0.10,85.748000,0.276141,5
cnn2_c4_c8,no_regularization,0.15,85.530000,0.303513,5
cnn2_c4_c8,no_regularization,0.20,85.244000,0.306571,5
cnn2_c4_c8,no_regularization,0.25,84.982000,0.391119,5
cnn2_c4_c8,no_regularization,0.30,84.476000,0.373826,5
cnn2_c4_c8,no_regularization,0.35,84.118000,0.405936,5
cnn2_c4_c8,no_regularization,0.40,83.550000,0.466712,5
cnn2_c4_c8,no_regularization,0.45,83.350000,0.508753,5
cnn2_c4_c8,no_regularization,0.50,83.012000,0.479639,5
cnn2_c4_c8,no_regularization,0.55,82.682000,0.530654,5
cnn2_c4_c8,no_regularization,0.60,82.228000,0.565565,5
cnn2_c4_c8,no_regularization,0.65,81.946000,0.617370,5
cnn2_c4_c8,no_regularization,0.70,81.558000,0.679760,5
cnn2_c4_c8,no_regularization,0.75,81.382000,0.591299,5
cnn2_c4_c8,no_regularization,0.80,80.880000,0.554211,5
cnn2_c4_c8,no_regularization,0.85,80.594000,0.687522,5
cnn2_c4_c8,no_regularization,0.90,80.316000,0.601694,5
cnn2_c4_c8,no_regularization,0.95,79.842000,0.588043,5
cnn2_c4_c8,no_regularization,1.00,79.610000,0.625132,5
cnn2_c8_c16,weight_decay,0.00,88.196000,0.138550,5
cnn2_c8_c16,weight_decay,0.05,88.110000,0.139571,5
cnn2_c8_c16,weight_decay,0.10,87.962000,0.143819,5
cnn2_c8_c16,weight_decay,0.15,87.698000,0.210319,5
cnn2_c8_c16,weight_decay,0.20,87.448000,0.216988,5
cnn2_c8_c16,weight_decay,0.25,87.250000,0.303809,5
cnn2_c8_c16,weight_decay,0.30,86.830000,0.230282,5
cnn2_c8_c16,weight_decay,0.35,86.214000,0.269603,5
cnn2_c8_c16,weight_decay,0.40,85.868000,0.281308,5
cnn2_c8_c16,weight_decay,0.45,85.466000,0.267313,5
cnn2_c8_c16,weight_decay,0.50,85.056000,0.260895,5
cnn2_c8_c16,weight_decay,0.55,84.492000,0.221368,5
cnn2_c8_c16,weight_decay,0.60,83.978000,0.265168,5
cnn2_c8_c16,weight_decay,0.65,83.472000,0.255409,5
cnn2_c8_c16,weight_decay,0.70,83.276000,0.273159,5
cnn2_c8_c16,weight_decay,0.75,82.872000,0.260181,5
cnn2_c8_c16,weight_decay,0.80,82.274000,0.221576,5
cnn2_c8_c16,weight_decay,0.85,81.830000,0.273185,5
cnn2_c8_c16,weight_decay,0.90,81.462000,0.224575,5
cnn2_c8_c16,weight_decay,0.95,80.904000,0.360161,5
cnn2_c8_c16,weight_decay,1.00,80.334000,0.342208,5
cnn2_c8_c16,mne_l2,0.00,83.434000,0.281808,5
cnn2_c8_c16,mne_l2,0.05,83.434000,0.311362,5
cnn2_c8_c16,mne_l2,0.10,83.514000,0.288021,5
cnn2_c8_c16,mne_l2,0.15,83.392000,0.274653,5
cnn2_c8_c16,mne_l2,0.20,83.420000,0.232357,5
cnn2_c8_c16,mne_l2,0.25,83.408000,0.257632,5
cnn2_c8_c16,mne_l2,0.30,83.368000,0.276594,5
cnn2_c8_c16,mne_l2,0.35,83.458000,0.271190,5
cnn2_c8_c16,mne_l2,0.40,83.354000,0.207548,5
cnn2_c8_c16,mne_l2,0.45,83.420000,0.227420,5
cnn2_c8_c16,mne_l2,0.50,83.250000,0.252488,5
cnn2_c8_c16,mne_l2,0.55,83.430000,0.159154,5
cnn2_c8_c16,mne_l2,0.60,83.472000,0.167732,5
cnn2_c8_c16,mne_l2,0.65,83.320000,0.279786,5
cnn2_c8_c16,mne_l2,0.70,83.294000,0.204636,5
cnn2_c8_c16,mne_l2,0.75,83.394000,0.181235,5
cnn2_c8_c16,mne_l2,0.80,83.152000,0.171680,5
cnn2_c8_c16,mne_l2,0.85,83.130000,0.201941,5
cnn2_c8_c16,mne_l2,0.90,83.108000,0.147187,5
cnn2_c8_c16,mne_l2,0.95,83.180000,0.177876,5
cnn2_c8_c16,mne_l2,1.00,83.154000,0.208557,5
cnn2_c8_c16,no_regularization,0.00,87.720000,0.109636,5
cnn2_c8_c16,no_regularization,0.05,87.520000,0.103005,5
cnn2_c8_c16,no_regularization,0.10,87.588000,0.147594,5
cnn2_c8_c16,no_regularization,0.15,87.344000,0.085182,5
cnn2_c8_c16,no_regularization,0.20,87.202000,0.139262,5
cnn2_c8_c16,no_regularization,0.25,86.890000,0.158588,5
cnn2_c8_c16,no_regularization,0.30,86.616000,0.180654,5
cnn2_c8_c16,no_regularization,0.35,86.430000,0.211589,5
cnn2_c8_c16,no_regularization,0.40,85.980000,0.264802,5
cnn2_c8_c16,no_regularization,0.45,85.712000,0.251046,5
cnn2_c8_c16,no_regularization,0.50,85.366000,0.284580,5
cnn2_c8_c16,no_regularization,0.55,85.042000,0.234017,5
cnn2_c8_c16,no_regularization,0.60,84.548000,0.177381,5
cnn2_c8_c16,no_regularization,0.65,84.138000,0.258503,5
cnn2_c8_c16,no_regularization,0.70,83.728000,0.238105,5
cnn2_c8_c16,no_regularization,0.75,83.542000,0.062482,5
cnn2_c8_c16,no_regularization,0.80,82.892000,0.173274,5
cnn2_c8_c16,no_regularization,0.85,82.592000,0.121877,5
cnn2_c8_c16,no_regularization,0.90,81.922000,0.236715,5
cnn2_c8_c16,no_regularization,0.95,81.678000,0.077936,5
cnn2_c8_c16,no_regularization,1.00,81.104000,0.232026,5
cnn2_c16_c32,weight_decay,0.00,89.202000,0.098914,5
cnn2_c16_c32,weight_decay,0.05,89.114000,0.098367,5
cnn2_c16_c32,weight_decay,0.10,89.028000,0.060366,5
cnn2_c16_c32,weight_decay,0.15,88.840000,0.054129,5
cnn2_c16_c32,weight_decay,0.20,88.534000,0.083522,5
cnn2_c16_c32,weight_decay,0.25,88.320000,0.089443,5
cnn2_c16_c32,weight_decay,0.30,88.190000,0.138528,5
cnn2_c16_c32,weight_decay,0.35,87.864000,0.063135,5
cnn2_c16_c32,weight_decay,0.40,87.690000,0.150765,5
cnn2_c16_c32,weight_decay,0.45,87.308000,0.143262,5
cnn2_c16_c32,weight_decay,0.50,87.084000,0.167738,5
cnn2_c16_c32,weight_decay,0.55,86.534000,0.155293,5
cnn2_c16_c32,weight_decay,0.60,86.304000,0.212499,5
cnn2_c16_c32,weight_decay,0.65,85.996000,0.173828,5
cnn2_c16_c32,weight_decay,0.70,85.434000,0.207065,5
cnn2_c16_c32,weight_decay,0.75,85.060000,0.317789,5
cnn2_c16_c32,weight_decay,0.80,84.674000,0.315636,5
cnn2_c16_c32,weight_decay,0.85,84.194000,0.305820,5
cnn2_c16_c32,weight_decay,0.90,83.780000,0.319515,5
cnn2_c16_c32,weight_decay,0.95,83.368000,0.305342,5
cnn2_c16_c32,weight_decay,1.00,82.840000,0.392301,5
cnn2_c16_c32,mne_l2,0.00,85.212000,0.415011,5
cnn2_c16_c32,mne_l2,0.05,85.224000,0.420162,5
cnn2_c16_c32,mne_l2,0.10,85.150000,0.489826,5
cnn2_c16_c32,mne_l2,0.15,85.098000,0.479702,5
cnn2_c16_c32,mne_l2,0.20,85.110000,0.396321,5
cnn2_c16_c32,mne_l2,0.25,84.998000,0.481491,5
cnn2_c16_c32,mne_l2,0.30,85.044000,0.490618,5
cnn2_c16_c32,mne_l2,0.35,85.030000,0.434845,5
cnn2_c16_c32,mne_l2,0.40,84.938000,0.483760,5
cnn2_c16_c32,mne_l2,0.45,85.066000,0.503484,5
cnn2_c16_c32,mne_l2,0.50,84.882000,0.538399,5
cnn2_c16_c32,mne_l2,0.55,84.840000,0.554446,5
cnn2_c16_c32,mne_l2,0.60,84.742000,0.515203,5
cnn2_c16_c32,mne_l2,0.65,84.788000,0.548192,5
cnn2_c16_c32,mne_l2,0.70,84.550000,0.578835,5
cnn2_c16_c32,mne_l2,0.75,84.696000,0.540820,5
cnn2_c16_c32,mne_l2,0.80,84.328000,0.542018,5
cnn2_c16_c32,mne_l2,0.85,84.506000,0.581761,5
cnn2_c16_c32,mne_l2,0.90,84.244000,0.558718,5
cnn2_c16_c32,mne_l2,0.95,84.268000,0.561528,5
cnn2_c16_c32,mne_l2,1.00,84.036000,0.576477,5
cnn2_c16_c32,no_regularization,0.00,88.752000,0.081511,5
cnn2_c16_c32,no_regularization,0.05,88.598000,0.110245,5
cnn2_c16_c32,no_regularization,0.10,88.480000,0.113490,5
cnn2_c16_c32,no_regularization,0.15,88.538000,0.082122,5
cnn2_c16_c32,no_regularization,0.20,88.256000,0.127460,5
cnn2_c16_c32,no_regularization,0.25,87.986000,0.136294,5
cnn2_c16_c32,no_regularization,0.30,87.964000,0.160487,5
cnn2_c16_c32,no_regularization,0.35,87.724000,0.209442,5
cnn2_c16_c32,no_regularization,0.40,87.270000,0.197155,5
cnn2_c16_c32,no_regularization,0.45,86.910000,0.179304,5
cnn2_c16_c32,no_regularization,0.50,86.778000,0.237390,5
cnn2_c16_c32,no_regularization,0.55,86.724000,0.269028,5
cnn2_c16_c32,no_regularization,0.60,86.284000,0.248689,5
cnn2_c16_c32,no_regularization,0.65,85.832000,0.262705,5
cnn2_c16_c32,no_regularization,0.70,85.404000,0.257926,5
cnn2_c16_c32,no_regularization,0.75,85.162000,0.322062,5
cnn2_c16_c32,no_regularization,0.80,84.808000,0.427193,5
cnn2_c16_c32,no_regularization,0.85,84.472000,0.324721,5
cnn2_c16_c32,no_regularization,0.90,84.090000,0.355528,5
cnn2_c16_c32,no_regularization,0.95,83.472000,0.255076,5
cnn2_c16_c32,no_regularization,1.00,83.014000,0.278022,5
