dataset,arch,variant,variant_label,regularizer,reg_coeff,weight_decay,seed,L,T,if_mode,spike_schedule,noise_position,noise_type,sigma,acc,checkpoint,matrix_csv
cifar10,vgg16,weight_decay,weight_decay,weight_decay,none,0.0005,42,16,16,rate_uniform,normal,post_input_if,gaussian,0,90.500000,cifar10-checkpoints/vgg16_L[16]_mneablate_cifar10_weight_decay_rcnone_seed42_L16.pth,/home/595/sl9144/codes/snn_simulation/important_results/mne_stability_ablation_pilot/cifar10/mneablate_cifar10_weight_decay_rcnone_seed42_L16/noise_sweep_matrix_cifar10_vgg16_T16_mode_rate_uniform_schedule_normal_seed_42.csv
cifar10,vgg16,weight_decay,weight_decay,weight_decay,none,0.0005,42,16,16,rate_uniform,normal,post_input_if,gaussian,0.05,90.360000,cifar10-checkpoints/vgg16_L[16]_mneablate_cifar10_weight_decay_rcnone_seed42_L16.pth,/home/595/sl9144/codes/snn_simulation/important_results/mne_stability_ablation_pilot/cifar10/mneablate_cifar10_weight_decay_rcnone_seed42_L16/noise_sweep_matrix_cifar10_vgg16_T16_mode_rate_uniform_schedule_normal_seed_42.csv
cifar10,vgg16,weight_decay,weight_decay,weight_decay,none,0.0005,42,16,16,rate_uniform,normal,post_input_if,gaussian,0.1,90.390000,cifar10-checkpoints/vgg16_L[16]_mneablate_cifar10_weight_decay_rcnone_seed42_L16.pth,/home/595/sl9144/codes/snn_simulation/important_results/mne_stability_ablation_pilot/cifar10/mneablate_cifar10_weight_decay_rcnone_seed42_L16/noise_sweep_matrix_cifar10_vgg16_T16_mode_rate_uniform_schedule_normal_seed_42.csv
cifar10,vgg16,weight_decay,weight_decay,weight_decay,none,0.0005,42,16,16,rate_uniform,normal,post_input_if,gaussian,0.15,90.400000,cifar10-checkpoints/vgg16_L[16]_mneablate_cifar10_weight_decay_rcnone_seed42_L16.pth,/home/595/sl9144/codes/snn_simulation/important_results/mne_stability_ablation_pilot/cifar10/mneablate_cifar10_weight_decay_rcnone_seed42_L16/noise_sweep_matrix_cifar10_vgg16_T16_mode_rate_uniform_schedule_normal_seed_42.csv
cifar10,vgg16,weight_decay,weight_decay,weight_decay,none,0.0005,42,16,16,rate_uniform,normal,post_input_if,gaussian,0.2,90.150000,cifar10-checkpoints/vgg16_L[16]_mneablate_cifar10_weight_decay_rcnone_seed42_L16.pth,/home/595/sl9144/codes/snn_simulation/important_results/mne_stability_ablation_pilot/cifar10/mneablate_cifar10_weight_decay_rcnone_seed42_L16/noise_sweep_matrix_cifar10_vgg16_T16_mode_rate_uniform_schedule_normal_seed_42.csv
cifar10,vgg16,weight_decay,weight_decay,weight_decay,none,0.0005,42,16,16,rate_uniform,normal,post_input_if,gaussian,0.25,89.860000,cifar10-checkpoints/vgg16_L[16]_mneablate_cifar10_weight_decay_rcnone_seed42_L16.pth,/home/595/sl9144/codes/snn_simulation/important_results/mne_stability_ablation_pilot/cifar10/mneablate_cifar10_weight_decay_rcnone_seed42_L16/noise_sweep_matrix_cifar10_vgg16_T16_mode_rate_uniform_schedule_normal_seed_42.csv
cifar10,vgg16,weight_decay,weight_decay,weight_decay,none,0.0005,42,16,16,rate_uniform,normal,post_input_if,gaussian,0.3,89.640000,cifar10-checkpoints/vgg16_L[16]_mneablate_cifar10_weight_decay_rcnone_seed42_L16.pth,/home/595/sl9144/codes/snn_simulation/important_results/mne_stability_ablation_pilot/cifar10/mneablate_cifar10_weight_decay_rcnone_seed42_L16/noise_sweep_matrix_cifar10_vgg16_T16_mode_rate_uniform_schedule_normal_seed_42.csv
cifar10,vgg16,weight_decay,weight_decay,weight_decay,none,0.0005,42,16,16,rate_uniform,normal,post_input_if,gaussian,0.35,88.950000,cifar10-checkpoints/vgg16_L[16]_mneablate_cifar10_weight_decay_rcnone_seed42_L16.pth,/home/595/sl9144/codes/snn_simulation/important_results/mne_stability_ablation_pilot/cifar10/mneablate_cifar10_weight_decay_rcnone_seed42_L16/noise_sweep_matrix_cifar10_vgg16_T16_mode_rate_uniform_schedule_normal_seed_42.csv
cifar10,vgg16,weight_decay,weight_decay,weight_decay,none,0.0005,42,16,16,rate_uniform,normal,post_input_if,gaussian,0.4,88.450000,cifar10-checkpoints/vgg16_L[16]_mneablate_cifar10_weight_decay_rcnone_seed42_L16.pth,/home/595/sl9144/codes/snn_simulation/important_results/mne_stability_ablation_pilot/cifar10/mneablate_cifar10_weight_decay_rcnone_seed42_L16/noise_sweep_matrix_cifar10_vgg16_T16_mode_rate_uniform_schedule_normal_seed_42.csv
cifar10,vgg16,weight_decay,weight_decay,weight_decay,none,0.0005,42,16,16,rate_uniform,normal,post_input_if,gaussian,0.45,87.770000,cifar10-checkpoints/vgg16_L[16]_mneablate_cifar10_weight_decay_rcnone_seed42_L16.pth,/home/595/sl9144/codes/snn_simulation/important_results/mne_stability_ablation_pilot/cifar10/mneablate_cifar10_weight_decay_rcnone_seed42_L16/noise_sweep_matrix_cifar10_vgg16_T16_mode_rate_uniform_schedule_normal_seed_42.csv
cifar10,vgg16,weight_decay,weight_decay,weight_decay,none,0.0005,42,16,16,rate_uniform,normal,post_input_if,gaussian,0.5,85.980000,cifar10-checkpoints/vgg16_L[16]_mneablate_cifar10_weight_decay_rcnone_seed42_L16.pth,/home/595/sl9144/codes/snn_simulation/important_results/mne_stability_ablation_pilot/cifar10/mneablate_cifar10_weight_decay_rcnone_seed42_L16/noise_sweep_matrix_cifar10_vgg16_T16_mode_rate_uniform_schedule_normal_seed_42.csv
cifar10,vgg16,weight_decay,weight_decay,weight_decay,none,0.0005,42,16,16,rate_uniform,normal,post_input_if,gaussian,0.55,84.030000,cifar10-checkpoints/vgg16_L[16]_mneablate_cifar10_weight_decay_rcnone_seed42_L16.pth,/home/595/sl9144/codes/snn_simulation/important_results/mne_stability_ablation_pilot/cifar10/mneablate_cifar10_weight_decay_rcnone_seed42_L16/noise_sweep_matrix_cifar10_vgg16_T16_mode_rate_uniform_schedule_normal_seed_42.csv
cifar10,vgg16,weight_decay,weight_decay,weight_decay,none,0.0005,42,16,16,rate_uniform,normal,post_input_if,gaussian,0.6,81.380000,cifar10-checkpoints/vgg16_L[16]_mneablate_cifar10_weight_decay_rcnone_seed42_L16.pth,/home/595/sl9144/codes/snn_simulation/important_results/mne_stability_ablation_pilot/cifar10/mneablate_cifar10_weight_decay_rcnone_seed42_L16/noise_sweep_matrix_cifar10_vgg16_T16_mode_rate_uniform_schedule_normal_seed_42.csv
cifar10,vgg16,weight_decay,weight_decay,weight_decay,none,0.0005,42,16,16,rate_uniform,normal,post_input_if,gaussian,0.65,78.230000,cifar10-checkpoints/vgg16_L[16]_mneablate_cifar10_weight_decay_rcnone_seed42_L16.pth,/home/595/sl9144/codes/snn_simulation/important_results/mne_stability_ablation_pilot/cifar10/mneablate_cifar10_weight_decay_rcnone_seed42_L16/noise_sweep_matrix_cifar10_vgg16_T16_mode_rate_uniform_schedule_normal_seed_42.csv
cifar10,vgg16,weight_decay,weight_decay,weight_decay,none,0.0005,42,16,16,rate_uniform,normal,post_input_if,gaussian,0.7,74.070000,cifar10-checkpoints/vgg16_L[16]_mneablate_cifar10_weight_decay_rcnone_seed42_L16.pth,/home/595/sl9144/codes/snn_simulation/important_results/mne_stability_ablation_pilot/cifar10/mneablate_cifar10_weight_decay_rcnone_seed42_L16/noise_sweep_matrix_cifar10_vgg16_T16_mode_rate_uniform_schedule_normal_seed_42.csv
cifar10,vgg16,weight_decay,weight_decay,weight_decay,none,0.0005,42,16,16,rate_uniform,normal,post_input_if,gaussian,0.75,68.670000,cifar10-checkpoints/vgg16_L[16]_mneablate_cifar10_weight_decay_rcnone_seed42_L16.pth,/home/595/sl9144/codes/snn_simulation/important_results/mne_stability_ablation_pilot/cifar10/mneablate_cifar10_weight_decay_rcnone_seed42_L16/noise_sweep_matrix_cifar10_vgg16_T16_mode_rate_uniform_schedule_normal_seed_42.csv
cifar10,vgg16,weight_decay,weight_decay,weight_decay,none,0.0005,42,16,16,rate_uniform,normal,post_input_if,gaussian,0.8,62.370000,cifar10-checkpoints/vgg16_L[16]_mneablate_cifar10_weight_decay_rcnone_seed42_L16.pth,/home/595/sl9144/codes/snn_simulation/important_results/mne_stability_ablation_pilot/cifar10/mneablate_cifar10_weight_decay_rcnone_seed42_L16/noise_sweep_matrix_cifar10_vgg16_T16_mode_rate_uniform_schedule_normal_seed_42.csv
cifar10,vgg16,weight_decay,weight_decay,weight_decay,none,0.0005,42,16,16,rate_uniform,normal,post_input_if,gaussian,0.85,55.260000,cifar10-checkpoints/vgg16_L[16]_mneablate_cifar10_weight_decay_rcnone_seed42_L16.pth,/home/595/sl9144/codes/snn_simulation/important_results/mne_stability_ablation_pilot/cifar10/mneablate_cifar10_weight_decay_rcnone_seed42_L16/noise_sweep_matrix_cifar10_vgg16_T16_mode_rate_uniform_schedule_normal_seed_42.csv
cifar10,vgg16,weight_decay,weight_decay,weight_decay,none,0.0005,42,16,16,rate_uniform,normal,post_input_if,gaussian,0.9,48.110000,cifar10-checkpoints/vgg16_L[16]_mneablate_cifar10_weight_decay_rcnone_seed42_L16.pth,/home/595/sl9144/codes/snn_simulation/important_results/mne_stability_ablation_pilot/cifar10/mneablate_cifar10_weight_decay_rcnone_seed42_L16/noise_sweep_matrix_cifar10_vgg16_T16_mode_rate_uniform_schedule_normal_seed_42.csv
cifar10,vgg16,weight_decay,weight_decay,weight_decay,none,0.0005,42,16,16,rate_uniform,normal,post_input_if,gaussian,0.95,40.960000,cifar10-checkpoints/vgg16_L[16]_mneablate_cifar10_weight_decay_rcnone_seed42_L16.pth,/home/595/sl9144/codes/snn_simulation/important_results/mne_stability_ablation_pilot/cifar10/mneablate_cifar10_weight_decay_rcnone_seed42_L16/noise_sweep_matrix_cifar10_vgg16_T16_mode_rate_uniform_schedule_normal_seed_42.csv
cifar10,vgg16,weight_decay,weight_decay,weight_decay,none,0.0005,42,16,16,rate_uniform,normal,post_input_if,gaussian,1,33.630000,cifar10-checkpoints/vgg16_L[16]_mneablate_cifar10_weight_decay_rcnone_seed42_L16.pth,/home/595/sl9144/codes/snn_simulation/important_results/mne_stability_ablation_pilot/cifar10/mneablate_cifar10_weight_decay_rcnone_seed42_L16/noise_sweep_matrix_cifar10_vgg16_T16_mode_rate_uniform_schedule_normal_seed_42.csv
cifar10,vgg16,old_detach,old_mne_detach_lambda,mne_l2,0.0001,0.0,42,16,16,rate_uniform,normal,post_input_if,gaussian,0,90.500000,cifar10-checkpoints/vgg16_L[16]_mneablate_cifar10_old_detach_rc0p0001_seed42_L16.pth,/home/595/sl9144/codes/snn_simulation/important_results/mne_stability_ablation_pilot/cifar10/mneablate_cifar10_old_detach_rc0p0001_seed42_L16/noise_sweep_matrix_cifar10_vgg16_T16_mode_rate_uniform_schedule_normal_seed_42.csv
cifar10,vgg16,old_detach,old_mne_detach_lambda,mne_l2,0.0001,0.0,42,16,16,rate_uniform,normal,post_input_if,gaussian,0.05,90.510000,cifar10-checkpoints/vgg16_L[16]_mneablate_cifar10_old_detach_rc0p0001_seed42_L16.pth,/home/595/sl9144/codes/snn_simulation/important_results/mne_stability_ablation_pilot/cifar10/mneablate_cifar10_old_detach_rc0p0001_seed42_L16/noise_sweep_matrix_cifar10_vgg16_T16_mode_rate_uniform_schedule_normal_seed_42.csv
cifar10,vgg16,old_detach,old_mne_detach_lambda,mne_l2,0.0001,0.0,42,16,16,rate_uniform,normal,post_input_if,gaussian,0.1,90.480000,cifar10-checkpoints/vgg16_L[16]_mneablate_cifar10_old_detach_rc0p0001_seed42_L16.pth,/home/595/sl9144/codes/snn_simulation/important_results/mne_stability_ablation_pilot/cifar10/mneablate_cifar10_old_detach_rc0p0001_seed42_L16/noise_sweep_matrix_cifar10_vgg16_T16_mode_rate_uniform_schedule_normal_seed_42.csv
cifar10,vgg16,old_detach,old_mne_detach_lambda,mne_l2,0.0001,0.0,42,16,16,rate_uniform,normal,post_input_if,gaussian,0.15,90.370000,cifar10-checkpoints/vgg16_L[16]_mneablate_cifar10_old_detach_rc0p0001_seed42_L16.pth,/home/595/sl9144/codes/snn_simulation/important_results/mne_stability_ablation_pilot/cifar10/mneablate_cifar10_old_detach_rc0p0001_seed42_L16/noise_sweep_matrix_cifar10_vgg16_T16_mode_rate_uniform_schedule_normal_seed_42.csv
cifar10,vgg16,old_detach,old_mne_detach_lambda,mne_l2,0.0001,0.0,42,16,16,rate_uniform,normal,post_input_if,gaussian,0.2,90.490000,cifar10-checkpoints/vgg16_L[16]_mneablate_cifar10_old_detach_rc0p0001_seed42_L16.pth,/home/595/sl9144/codes/snn_simulation/important_results/mne_stability_ablation_pilot/cifar10/mneablate_cifar10_old_detach_rc0p0001_seed42_L16/noise_sweep_matrix_cifar10_vgg16_T16_mode_rate_uniform_schedule_normal_seed_42.csv
cifar10,vgg16,old_detach,old_mne_detach_lambda,mne_l2,0.0001,0.0,42,16,16,rate_uniform,normal,post_input_if,gaussian,0.25,90.420000,cifar10-checkpoints/vgg16_L[16]_mneablate_cifar10_old_detach_rc0p0001_seed42_L16.pth,/home/595/sl9144/codes/snn_simulation/important_results/mne_stability_ablation_pilot/cifar10/mneablate_cifar10_old_detach_rc0p0001_seed42_L16/noise_sweep_matrix_cifar10_vgg16_T16_mode_rate_uniform_schedule_normal_seed_42.csv
cifar10,vgg16,old_detach,old_mne_detach_lambda,mne_l2,0.0001,0.0,42,16,16,rate_uniform,normal,post_input_if,gaussian,0.3,90.430000,cifar10-checkpoints/vgg16_L[16]_mneablate_cifar10_old_detach_rc0p0001_seed42_L16.pth,/home/595/sl9144/codes/snn_simulation/important_results/mne_stability_ablation_pilot/cifar10/mneablate_cifar10_old_detach_rc0p0001_seed42_L16/noise_sweep_matrix_cifar10_vgg16_T16_mode_rate_uniform_schedule_normal_seed_42.csv
cifar10,vgg16,old_detach,old_mne_detach_lambda,mne_l2,0.0001,0.0,42,16,16,rate_uniform,normal,post_input_if,gaussian,0.35,90.460000,cifar10-checkpoints/vgg16_L[16]_mneablate_cifar10_old_detach_rc0p0001_seed42_L16.pth,/home/595/sl9144/codes/snn_simulation/important_results/mne_stability_ablation_pilot/cifar10/mneablate_cifar10_old_detach_rc0p0001_seed42_L16/noise_sweep_matrix_cifar10_vgg16_T16_mode_rate_uniform_schedule_normal_seed_42.csv
cifar10,vgg16,old_detach,old_mne_detach_lambda,mne_l2,0.0001,0.0,42,16,16,rate_uniform,normal,post_input_if,gaussian,0.4,90.470000,cifar10-checkpoints/vgg16_L[16]_mneablate_cifar10_old_detach_rc0p0001_seed42_L16.pth,/home/595/sl9144/codes/snn_simulation/important_results/mne_stability_ablation_pilot/cifar10/mneablate_cifar10_old_detach_rc0p0001_seed42_L16/noise_sweep_matrix_cifar10_vgg16_T16_mode_rate_uniform_schedule_normal_seed_42.csv
cifar10,vgg16,old_detach,old_mne_detach_lambda,mne_l2,0.0001,0.0,42,16,16,rate_uniform,normal,post_input_if,gaussian,0.45,90.470000,cifar10-checkpoints/vgg16_L[16]_mneablate_cifar10_old_detach_rc0p0001_seed42_L16.pth,/home/595/sl9144/codes/snn_simulation/important_results/mne_stability_ablation_pilot/cifar10/mneablate_cifar10_old_detach_rc0p0001_seed42_L16/noise_sweep_matrix_cifar10_vgg16_T16_mode_rate_uniform_schedule_normal_seed_42.csv
cifar10,vgg16,old_detach,old_mne_detach_lambda,mne_l2,0.0001,0.0,42,16,16,rate_uniform,normal,post_input_if,gaussian,0.5,90.450000,cifar10-checkpoints/vgg16_L[16]_mneablate_cifar10_old_detach_rc0p0001_seed42_L16.pth,/home/595/sl9144/codes/snn_simulation/important_results/mne_stability_ablation_pilot/cifar10/mneablate_cifar10_old_detach_rc0p0001_seed42_L16/noise_sweep_matrix_cifar10_vgg16_T16_mode_rate_uniform_schedule_normal_seed_42.csv
cifar10,vgg16,old_detach,old_mne_detach_lambda,mne_l2,0.0001,0.0,42,16,16,rate_uniform,normal,post_input_if,gaussian,0.55,90.480000,cifar10-checkpoints/vgg16_L[16]_mneablate_cifar10_old_detach_rc0p0001_seed42_L16.pth,/home/595/sl9144/codes/snn_simulation/important_results/mne_stability_ablation_pilot/cifar10/mneablate_cifar10_old_detach_rc0p0001_seed42_L16/noise_sweep_matrix_cifar10_vgg16_T16_mode_rate_uniform_schedule_normal_seed_42.csv
cifar10,vgg16,old_detach,old_mne_detach_lambda,mne_l2,0.0001,0.0,42,16,16,rate_uniform,normal,post_input_if,gaussian,0.6,90.330000,cifar10-checkpoints/vgg16_L[16]_mneablate_cifar10_old_detach_rc0p0001_seed42_L16.pth,/home/595/sl9144/codes/snn_simulation/important_results/mne_stability_ablation_pilot/cifar10/mneablate_cifar10_old_detach_rc0p0001_seed42_L16/noise_sweep_matrix_cifar10_vgg16_T16_mode_rate_uniform_schedule_normal_seed_42.csv
cifar10,vgg16,old_detach,old_mne_detach_lambda,mne_l2,0.0001,0.0,42,16,16,rate_uniform,normal,post_input_if,gaussian,0.65,90.380000,cifar10-checkpoints/vgg16_L[16]_mneablate_cifar10_old_detach_rc0p0001_seed42_L16.pth,/home/595/sl9144/codes/snn_simulation/important_results/mne_stability_ablation_pilot/cifar10/mneablate_cifar10_old_detach_rc0p0001_seed42_L16/noise_sweep_matrix_cifar10_vgg16_T16_mode_rate_uniform_schedule_normal_seed_42.csv
cifar10,vgg16,old_detach,old_mne_detach_lambda,mne_l2,0.0001,0.0,42,16,16,rate_uniform,normal,post_input_if,gaussian,0.7,90.390000,cifar10-checkpoints/vgg16_L[16]_mneablate_cifar10_old_detach_rc0p0001_seed42_L16.pth,/home/595/sl9144/codes/snn_simulation/important_results/mne_stability_ablation_pilot/cifar10/mneablate_cifar10_old_detach_rc0p0001_seed42_L16/noise_sweep_matrix_cifar10_vgg16_T16_mode_rate_uniform_schedule_normal_seed_42.csv
cifar10,vgg16,old_detach,old_mne_detach_lambda,mne_l2,0.0001,0.0,42,16,16,rate_uniform,normal,post_input_if,gaussian,0.75,90.360000,cifar10-checkpoints/vgg16_L[16]_mneablate_cifar10_old_detach_rc0p0001_seed42_L16.pth,/home/595/sl9144/codes/snn_simulation/important_results/mne_stability_ablation_pilot/cifar10/mneablate_cifar10_old_detach_rc0p0001_seed42_L16/noise_sweep_matrix_cifar10_vgg16_T16_mode_rate_uniform_schedule_normal_seed_42.csv
cifar10,vgg16,old_detach,old_mne_detach_lambda,mne_l2,0.0001,0.0,42,16,16,rate_uniform,normal,post_input_if,gaussian,0.8,90.460000,cifar10-checkpoints/vgg16_L[16]_mneablate_cifar10_old_detach_rc0p0001_seed42_L16.pth,/home/595/sl9144/codes/snn_simulation/important_results/mne_stability_ablation_pilot/cifar10/mneablate_cifar10_old_detach_rc0p0001_seed42_L16/noise_sweep_matrix_cifar10_vgg16_T16_mode_rate_uniform_schedule_normal_seed_42.csv
cifar10,vgg16,old_detach,old_mne_detach_lambda,mne_l2,0.0001,0.0,42,16,16,rate_uniform,normal,post_input_if,gaussian,0.85,90.440000,cifar10-checkpoints/vgg16_L[16]_mneablate_cifar10_old_detach_rc0p0001_seed42_L16.pth,/home/595/sl9144/codes/snn_simulation/important_results/mne_stability_ablation_pilot/cifar10/mneablate_cifar10_old_detach_rc0p0001_seed42_L16/noise_sweep_matrix_cifar10_vgg16_T16_mode_rate_uniform_schedule_normal_seed_42.csv
cifar10,vgg16,old_detach,old_mne_detach_lambda,mne_l2,0.0001,0.0,42,16,16,rate_uniform,normal,post_input_if,gaussian,0.9,90.530000,cifar10-checkpoints/vgg16_L[16]_mneablate_cifar10_old_detach_rc0p0001_seed42_L16.pth,/home/595/sl9144/codes/snn_simulation/important_results/mne_stability_ablation_pilot/cifar10/mneablate_cifar10_old_detach_rc0p0001_seed42_L16/noise_sweep_matrix_cifar10_vgg16_T16_mode_rate_uniform_schedule_normal_seed_42.csv
cifar10,vgg16,old_detach,old_mne_detach_lambda,mne_l2,0.0001,0.0,42,16,16,rate_uniform,normal,post_input_if,gaussian,0.95,90.350000,cifar10-checkpoints/vgg16_L[16]_mneablate_cifar10_old_detach_rc0p0001_seed42_L16.pth,/home/595/sl9144/codes/snn_simulation/important_results/mne_stability_ablation_pilot/cifar10/mneablate_cifar10_old_detach_rc0p0001_seed42_L16/noise_sweep_matrix_cifar10_vgg16_T16_mode_rate_uniform_schedule_normal_seed_42.csv
cifar10,vgg16,old_detach,old_mne_detach_lambda,mne_l2,0.0001,0.0,42,16,16,rate_uniform,normal,post_input_if,gaussian,1,90.320000,cifar10-checkpoints/vgg16_L[16]_mneablate_cifar10_old_detach_rc0p0001_seed42_L16.pth,/home/595/sl9144/codes/snn_simulation/important_results/mne_stability_ablation_pilot/cifar10/mneablate_cifar10_old_detach_rc0p0001_seed42_L16/noise_sweep_matrix_cifar10_vgg16_T16_mode_rate_uniform_schedule_normal_seed_42.csv
cifar10,vgg16,lref_only,stable_lref_only,stable_mne_l2,0.0001,0.0,42,16,16,rate_uniform,normal,post_input_if,gaussian,0,86.990000,cifar10-checkpoints/vgg16_L[16]_mneablate_cifar10_lref_only_rc0p0001_seed42_L16.pth,/home/595/sl9144/codes/snn_simulation/important_results/mne_stability_ablation_pilot/cifar10/mneablate_cifar10_lref_only_rc0p0001_seed42_L16/noise_sweep_matrix_cifar10_vgg16_T16_mode_rate_uniform_schedule_normal_seed_42.csv
cifar10,vgg16,lref_only,stable_lref_only,stable_mne_l2,0.0001,0.0,42,16,16,rate_uniform,normal,post_input_if,gaussian,0.05,87.010000,cifar10-checkpoints/vgg16_L[16]_mneablate_cifar10_lref_only_rc0p0001_seed42_L16.pth,/home/595/sl9144/codes/snn_simulation/important_results/mne_stability_ablation_pilot/cifar10/mneablate_cifar10_lref_only_rc0p0001_seed42_L16/noise_sweep_matrix_cifar10_vgg16_T16_mode_rate_uniform_schedule_normal_seed_42.csv
cifar10,vgg16,lref_only,stable_lref_only,stable_mne_l2,0.0001,0.0,42,16,16,rate_uniform,normal,post_input_if,gaussian,0.1,87.080000,cifar10-checkpoints/vgg16_L[16]_mneablate_cifar10_lref_only_rc0p0001_seed42_L16.pth,/home/595/sl9144/codes/snn_simulation/important_results/mne_stability_ablation_pilot/cifar10/mneablate_cifar10_lref_only_rc0p0001_seed42_L16/noise_sweep_matrix_cifar10_vgg16_T16_mode_rate_uniform_schedule_normal_seed_42.csv
cifar10,vgg16,lref_only,stable_lref_only,stable_mne_l2,0.0001,0.0,42,16,16,rate_uniform,normal,post_input_if,gaussian,0.15,87.020000,cifar10-checkpoints/vgg16_L[16]_mneablate_cifar10_lref_only_rc0p0001_seed42_L16.pth,/home/595/sl9144/codes/snn_simulation/important_results/mne_stability_ablation_pilot/cifar10/mneablate_cifar10_lref_only_rc0p0001_seed42_L16/noise_sweep_matrix_cifar10_vgg16_T16_mode_rate_uniform_schedule_normal_seed_42.csv
cifar10,vgg16,lref_only,stable_lref_only,stable_mne_l2,0.0001,0.0,42,16,16,rate_uniform,normal,post_input_if,gaussian,0.2,87.050000,cifar10-checkpoints/vgg16_L[16]_mneablate_cifar10_lref_only_rc0p0001_seed42_L16.pth,/home/595/sl9144/codes/snn_simulation/important_results/mne_stability_ablation_pilot/cifar10/mneablate_cifar10_lref_only_rc0p0001_seed42_L16/noise_sweep_matrix_cifar10_vgg16_T16_mode_rate_uniform_schedule_normal_seed_42.csv
cifar10,vgg16,lref_only,stable_lref_only,stable_mne_l2,0.0001,0.0,42,16,16,rate_uniform,normal,post_input_if,gaussian,0.25,87.030000,cifar10-checkpoints/vgg16_L[16]_mneablate_cifar10_lref_only_rc0p0001_seed42_L16.pth,/home/595/sl9144/codes/snn_simulation/important_results/mne_stability_ablation_pilot/cifar10/mneablate_cifar10_lref_only_rc0p0001_seed42_L16/noise_sweep_matrix_cifar10_vgg16_T16_mode_rate_uniform_schedule_normal_seed_42.csv
cifar10,vgg16,lref_only,stable_lref_only,stable_mne_l2,0.0001,0.0,42,16,16,rate_uniform,normal,post_input_if,gaussian,0.3,87.090000,cifar10-checkpoints/vgg16_L[16]_mneablate_cifar10_lref_only_rc0p0001_seed42_L16.pth,/home/595/sl9144/codes/snn_simulation/important_results/mne_stability_ablation_pilot/cifar10/mneablate_cifar10_lref_only_rc0p0001_seed42_L16/noise_sweep_matrix_cifar10_vgg16_T16_mode_rate_uniform_schedule_normal_seed_42.csv
cifar10,vgg16,lref_only,stable_lref_only,stable_mne_l2,0.0001,0.0,42,16,16,rate_uniform,normal,post_input_if,gaussian,0.35,86.910000,cifar10-checkpoints/vgg16_L[16]_mneablate_cifar10_lref_only_rc0p0001_seed42_L16.pth,/home/595/sl9144/codes/snn_simulation/important_results/mne_stability_ablation_pilot/cifar10/mneablate_cifar10_lref_only_rc0p0001_seed42_L16/noise_sweep_matrix_cifar10_vgg16_T16_mode_rate_uniform_schedule_normal_seed_42.csv
cifar10,vgg16,lref_only,stable_lref_only,stable_mne_l2,0.0001,0.0,42,16,16,rate_uniform,normal,post_input_if,gaussian,0.4,87.020000,cifar10-checkpoints/vgg16_L[16]_mneablate_cifar10_lref_only_rc0p0001_seed42_L16.pth,/home/595/sl9144/codes/snn_simulation/important_results/mne_stability_ablation_pilot/cifar10/mneablate_cifar10_lref_only_rc0p0001_seed42_L16/noise_sweep_matrix_cifar10_vgg16_T16_mode_rate_uniform_schedule_normal_seed_42.csv
cifar10,vgg16,lref_only,stable_lref_only,stable_mne_l2,0.0001,0.0,42,16,16,rate_uniform,normal,post_input_if,gaussian,0.45,86.920000,cifar10-checkpoints/vgg16_L[16]_mneablate_cifar10_lref_only_rc0p0001_seed42_L16.pth,/home/595/sl9144/codes/snn_simulation/important_results/mne_stability_ablation_pilot/cifar10/mneablate_cifar10_lref_only_rc0p0001_seed42_L16/noise_sweep_matrix_cifar10_vgg16_T16_mode_rate_uniform_schedule_normal_seed_42.csv
cifar10,vgg16,lref_only,stable_lref_only,stable_mne_l2,0.0001,0.0,42,16,16,rate_uniform,normal,post_input_if,gaussian,0.5,87.070000,cifar10-checkpoints/vgg16_L[16]_mneablate_cifar10_lref_only_rc0p0001_seed42_L16.pth,/home/595/sl9144/codes/snn_simulation/important_results/mne_stability_ablation_pilot/cifar10/mneablate_cifar10_lref_only_rc0p0001_seed42_L16/noise_sweep_matrix_cifar10_vgg16_T16_mode_rate_uniform_schedule_normal_seed_42.csv
cifar10,vgg16,lref_only,stable_lref_only,stable_mne_l2,0.0001,0.0,42,16,16,rate_uniform,normal,post_input_if,gaussian,0.55,86.900000,cifar10-checkpoints/vgg16_L[16]_mneablate_cifar10_lref_only_rc0p0001_seed42_L16.pth,/home/595/sl9144/codes/snn_simulation/important_results/mne_stability_ablation_pilot/cifar10/mneablate_cifar10_lref_only_rc0p0001_seed42_L16/noise_sweep_matrix_cifar10_vgg16_T16_mode_rate_uniform_schedule_normal_seed_42.csv
cifar10,vgg16,lref_only,stable_lref_only,stable_mne_l2,0.0001,0.0,42,16,16,rate_uniform,normal,post_input_if,gaussian,0.6,86.760000,cifar10-checkpoints/vgg16_L[16]_mneablate_cifar10_lref_only_rc0p0001_seed42_L16.pth,/home/595/sl9144/codes/snn_simulation/important_results/mne_stability_ablation_pilot/cifar10/mneablate_cifar10_lref_only_rc0p0001_seed42_L16/noise_sweep_matrix_cifar10_vgg16_T16_mode_rate_uniform_schedule_normal_seed_42.csv
cifar10,vgg16,lref_only,stable_lref_only,stable_mne_l2,0.0001,0.0,42,16,16,rate_uniform,normal,post_input_if,gaussian,0.65,87.030000,cifar10-checkpoints/vgg16_L[16]_mneablate_cifar10_lref_only_rc0p0001_seed42_L16.pth,/home/595/sl9144/codes/snn_simulation/important_results/mne_stability_ablation_pilot/cifar10/mneablate_cifar10_lref_only_rc0p0001_seed42_L16/noise_sweep_matrix_cifar10_vgg16_T16_mode_rate_uniform_schedule_normal_seed_42.csv
cifar10,vgg16,lref_only,stable_lref_only,stable_mne_l2,0.0001,0.0,42,16,16,rate_uniform,normal,post_input_if,gaussian,0.7,86.930000,cifar10-checkpoints/vgg16_L[16]_mneablate_cifar10_lref_only_rc0p0001_seed42_L16.pth,/home/595/sl9144/codes/snn_simulation/important_results/mne_stability_ablation_pilot/cifar10/mneablate_cifar10_lref_only_rc0p0001_seed42_L16/noise_sweep_matrix_cifar10_vgg16_T16_mode_rate_uniform_schedule_normal_seed_42.csv
cifar10,vgg16,lref_only,stable_lref_only,stable_mne_l2,0.0001,0.0,42,16,16,rate_uniform,normal,post_input_if,gaussian,0.75,86.880000,cifar10-checkpoints/vgg16_L[16]_mneablate_cifar10_lref_only_rc0p0001_seed42_L16.pth,/home/595/sl9144/codes/snn_simulation/important_results/mne_stability_ablation_pilot/cifar10/mneablate_cifar10_lref_only_rc0p0001_seed42_L16/noise_sweep_matrix_cifar10_vgg16_T16_mode_rate_uniform_schedule_normal_seed_42.csv
cifar10,vgg16,lref_only,stable_lref_only,stable_mne_l2,0.0001,0.0,42,16,16,rate_uniform,normal,post_input_if,gaussian,0.8,86.580000,cifar10-checkpoints/vgg16_L[16]_mneablate_cifar10_lref_only_rc0p0001_seed42_L16.pth,/home/595/sl9144/codes/snn_simulation/important_results/mne_stability_ablation_pilot/cifar10/mneablate_cifar10_lref_only_rc0p0001_seed42_L16/noise_sweep_matrix_cifar10_vgg16_T16_mode_rate_uniform_schedule_normal_seed_42.csv
cifar10,vgg16,lref_only,stable_lref_only,stable_mne_l2,0.0001,0.0,42,16,16,rate_uniform,normal,post_input_if,gaussian,0.85,86.840000,cifar10-checkpoints/vgg16_L[16]_mneablate_cifar10_lref_only_rc0p0001_seed42_L16.pth,/home/595/sl9144/codes/snn_simulation/important_results/mne_stability_ablation_pilot/cifar10/mneablate_cifar10_lref_only_rc0p0001_seed42_L16/noise_sweep_matrix_cifar10_vgg16_T16_mode_rate_uniform_schedule_normal_seed_42.csv
cifar10,vgg16,lref_only,stable_lref_only,stable_mne_l2,0.0001,0.0,42,16,16,rate_uniform,normal,post_input_if,gaussian,0.9,86.830000,cifar10-checkpoints/vgg16_L[16]_mneablate_cifar10_lref_only_rc0p0001_seed42_L16.pth,/home/595/sl9144/codes/snn_simulation/important_results/mne_stability_ablation_pilot/cifar10/mneablate_cifar10_lref_only_rc0p0001_seed42_L16/noise_sweep_matrix_cifar10_vgg16_T16_mode_rate_uniform_schedule_normal_seed_42.csv
cifar10,vgg16,lref_only,stable_lref_only,stable_mne_l2,0.0001,0.0,42,16,16,rate_uniform,normal,post_input_if,gaussian,0.95,86.680000,cifar10-checkpoints/vgg16_L[16]_mneablate_cifar10_lref_only_rc0p0001_seed42_L16.pth,/home/595/sl9144/codes/snn_simulation/important_results/mne_stability_ablation_pilot/cifar10/mneablate_cifar10_lref_only_rc0p0001_seed42_L16/noise_sweep_matrix_cifar10_vgg16_T16_mode_rate_uniform_schedule_normal_seed_42.csv
cifar10,vgg16,lref_only,stable_lref_only,stable_mne_l2,0.0001,0.0,42,16,16,rate_uniform,normal,post_input_if,gaussian,1,86.750000,cifar10-checkpoints/vgg16_L[16]_mneablate_cifar10_lref_only_rc0p0001_seed42_L16.pth,/home/595/sl9144/codes/snn_simulation/important_results/mne_stability_ablation_pilot/cifar10/mneablate_cifar10_lref_only_rc0p0001_seed42_L16/noise_sweep_matrix_cifar10_vgg16_T16_mode_rate_uniform_schedule_normal_seed_42.csv
cifar10,vgg16,fanin_mean,stable_fanin_mean_bn_detached,stable_mne_l2,0.0001,0.0,42,16,16,rate_uniform,normal,post_input_if,gaussian,0,89.690000,cifar10-checkpoints/vgg16_L[16]_mneablate_cifar10_fanin_mean_rc0p0001_seed42_L16.pth,/home/595/sl9144/codes/snn_simulation/important_results/mne_stability_ablation_pilot/cifar10/mneablate_cifar10_fanin_mean_rc0p0001_seed42_L16/noise_sweep_matrix_cifar10_vgg16_T16_mode_rate_uniform_schedule_normal_seed_42.csv
cifar10,vgg16,fanin_mean,stable_fanin_mean_bn_detached,stable_mne_l2,0.0001,0.0,42,16,16,rate_uniform,normal,post_input_if,gaussian,0.05,89.780000,cifar10-checkpoints/vgg16_L[16]_mneablate_cifar10_fanin_mean_rc0p0001_seed42_L16.pth,/home/595/sl9144/codes/snn_simulation/important_results/mne_stability_ablation_pilot/cifar10/mneablate_cifar10_fanin_mean_rc0p0001_seed42_L16/noise_sweep_matrix_cifar10_vgg16_T16_mode_rate_uniform_schedule_normal_seed_42.csv
cifar10,vgg16,fanin_mean,stable_fanin_mean_bn_detached,stable_mne_l2,0.0001,0.0,42,16,16,rate_uniform,normal,post_input_if,gaussian,0.1,89.620000,cifar10-checkpoints/vgg16_L[16]_mneablate_cifar10_fanin_mean_rc0p0001_seed42_L16.pth,/home/595/sl9144/codes/snn_simulation/important_results/mne_stability_ablation_pilot/cifar10/mneablate_cifar10_fanin_mean_rc0p0001_seed42_L16/noise_sweep_matrix_cifar10_vgg16_T16_mode_rate_uniform_schedule_normal_seed_42.csv
cifar10,vgg16,fanin_mean,stable_fanin_mean_bn_detached,stable_mne_l2,0.0001,0.0,42,16,16,rate_uniform,normal,post_input_if,gaussian,0.15,89.630000,cifar10-checkpoints/vgg16_L[16]_mneablate_cifar10_fanin_mean_rc0p0001_seed42_L16.pth,/home/595/sl9144/codes/snn_simulation/important_results/mne_stability_ablation_pilot/cifar10/mneablate_cifar10_fanin_mean_rc0p0001_seed42_L16/noise_sweep_matrix_cifar10_vgg16_T16_mode_rate_uniform_schedule_normal_seed_42.csv
cifar10,vgg16,fanin_mean,stable_fanin_mean_bn_detached,stable_mne_l2,0.0001,0.0,42,16,16,rate_uniform,normal,post_input_if,gaussian,0.2,89.720000,cifar10-checkpoints/vgg16_L[16]_mneablate_cifar10_fanin_mean_rc0p0001_seed42_L16.pth,/home/595/sl9144/codes/snn_simulation/important_results/mne_stability_ablation_pilot/cifar10/mneablate_cifar10_fanin_mean_rc0p0001_seed42_L16/noise_sweep_matrix_cifar10_vgg16_T16_mode_rate_uniform_schedule_normal_seed_42.csv
cifar10,vgg16,fanin_mean,stable_fanin_mean_bn_detached,stable_mne_l2,0.0001,0.0,42,16,16,rate_uniform,normal,post_input_if,gaussian,0.25,89.740000,cifar10-checkpoints/vgg16_L[16]_mneablate_cifar10_fanin_mean_rc0p0001_seed42_L16.pth,/home/595/sl9144/codes/snn_simulation/important_results/mne_stability_ablation_pilot/cifar10/mneablate_cifar10_fanin_mean_rc0p0001_seed42_L16/noise_sweep_matrix_cifar10_vgg16_T16_mode_rate_uniform_schedule_normal_seed_42.csv
cifar10,vgg16,fanin_mean,stable_fanin_mean_bn_detached,stable_mne_l2,0.0001,0.0,42,16,16,rate_uniform,normal,post_input_if,gaussian,0.3,89.540000,cifar10-checkpoints/vgg16_L[16]_mneablate_cifar10_fanin_mean_rc0p0001_seed42_L16.pth,/home/595/sl9144/codes/snn_simulation/important_results/mne_stability_ablation_pilot/cifar10/mneablate_cifar10_fanin_mean_rc0p0001_seed42_L16/noise_sweep_matrix_cifar10_vgg16_T16_mode_rate_uniform_schedule_normal_seed_42.csv
cifar10,vgg16,fanin_mean,stable_fanin_mean_bn_detached,stable_mne_l2,0.0001,0.0,42,16,16,rate_uniform,normal,post_input_if,gaussian,0.35,89.590000,cifar10-checkpoints/vgg16_L[16]_mneablate_cifar10_fanin_mean_rc0p0001_seed42_L16.pth,/home/595/sl9144/codes/snn_simulation/important_results/mne_stability_ablation_pilot/cifar10/mneablate_cifar10_fanin_mean_rc0p0001_seed42_L16/noise_sweep_matrix_cifar10_vgg16_T16_mode_rate_uniform_schedule_normal_seed_42.csv
cifar10,vgg16,fanin_mean,stable_fanin_mean_bn_detached,stable_mne_l2,0.0001,0.0,42,16,16,rate_uniform,normal,post_input_if,gaussian,0.4,89.610000,cifar10-checkpoints/vgg16_L[16]_mneablate_cifar10_fanin_mean_rc0p0001_seed42_L16.pth,/home/595/sl9144/codes/snn_simulation/important_results/mne_stability_ablation_pilot/cifar10/mneablate_cifar10_fanin_mean_rc0p0001_seed42_L16/noise_sweep_matrix_cifar10_vgg16_T16_mode_rate_uniform_schedule_normal_seed_42.csv
cifar10,vgg16,fanin_mean,stable_fanin_mean_bn_detached,stable_mne_l2,0.0001,0.0,42,16,16,rate_uniform,normal,post_input_if,gaussian,0.45,89.720000,cifar10-checkpoints/vgg16_L[16]_mneablate_cifar10_fanin_mean_rc0p0001_seed42_L16.pth,/home/595/sl9144/codes/snn_simulation/important_results/mne_stability_ablation_pilot/cifar10/mneablate_cifar10_fanin_mean_rc0p0001_seed42_L16/noise_sweep_matrix_cifar10_vgg16_T16_mode_rate_uniform_schedule_normal_seed_42.csv
cifar10,vgg16,fanin_mean,stable_fanin_mean_bn_detached,stable_mne_l2,0.0001,0.0,42,16,16,rate_uniform,normal,post_input_if,gaussian,0.5,89.670000,cifar10-checkpoints/vgg16_L[16]_mneablate_cifar10_fanin_mean_rc0p0001_seed42_L16.pth,/home/595/sl9144/codes/snn_simulation/important_results/mne_stability_ablation_pilot/cifar10/mneablate_cifar10_fanin_mean_rc0p0001_seed42_L16/noise_sweep_matrix_cifar10_vgg16_T16_mode_rate_uniform_schedule_normal_seed_42.csv
cifar10,vgg16,fanin_mean,stable_fanin_mean_bn_detached,stable_mne_l2,0.0001,0.0,42,16,16,rate_uniform,normal,post_input_if,gaussian,0.55,89.820000,cifar10-checkpoints/vgg16_L[16]_mneablate_cifar10_fanin_mean_rc0p0001_seed42_L16.pth,/home/595/sl9144/codes/snn_simulation/important_results/mne_stability_ablation_pilot/cifar10/mneablate_cifar10_fanin_mean_rc0p0001_seed42_L16/noise_sweep_matrix_cifar10_vgg16_T16_mode_rate_uniform_schedule_normal_seed_42.csv
cifar10,vgg16,fanin_mean,stable_fanin_mean_bn_detached,stable_mne_l2,0.0001,0.0,42,16,16,rate_uniform,normal,post_input_if,gaussian,0.6,89.680000,cifar10-checkpoints/vgg16_L[16]_mneablate_cifar10_fanin_mean_rc0p0001_seed42_L16.pth,/home/595/sl9144/codes/snn_simulation/important_results/mne_stability_ablation_pilot/cifar10/mneablate_cifar10_fanin_mean_rc0p0001_seed42_L16/noise_sweep_matrix_cifar10_vgg16_T16_mode_rate_uniform_schedule_normal_seed_42.csv
cifar10,vgg16,fanin_mean,stable_fanin_mean_bn_detached,stable_mne_l2,0.0001,0.0,42,16,16,rate_uniform,normal,post_input_if,gaussian,0.65,89.570000,cifar10-checkpoints/vgg16_L[16]_mneablate_cifar10_fanin_mean_rc0p0001_seed42_L16.pth,/home/595/sl9144/codes/snn_simulation/important_results/mne_stability_ablation_pilot/cifar10/mneablate_cifar10_fanin_mean_rc0p0001_seed42_L16/noise_sweep_matrix_cifar10_vgg16_T16_mode_rate_uniform_schedule_normal_seed_42.csv
cifar10,vgg16,fanin_mean,stable_fanin_mean_bn_detached,stable_mne_l2,0.0001,0.0,42,16,16,rate_uniform,normal,post_input_if,gaussian,0.7,89.720000,cifar10-checkpoints/vgg16_L[16]_mneablate_cifar10_fanin_mean_rc0p0001_seed42_L16.pth,/home/595/sl9144/codes/snn_simulation/important_results/mne_stability_ablation_pilot/cifar10/mneablate_cifar10_fanin_mean_rc0p0001_seed42_L16/noise_sweep_matrix_cifar10_vgg16_T16_mode_rate_uniform_schedule_normal_seed_42.csv
cifar10,vgg16,fanin_mean,stable_fanin_mean_bn_detached,stable_mne_l2,0.0001,0.0,42,16,16,rate_uniform,normal,post_input_if,gaussian,0.75,89.730000,cifar10-checkpoints/vgg16_L[16]_mneablate_cifar10_fanin_mean_rc0p0001_seed42_L16.pth,/home/595/sl9144/codes/snn_simulation/important_results/mne_stability_ablation_pilot/cifar10/mneablate_cifar10_fanin_mean_rc0p0001_seed42_L16/noise_sweep_matrix_cifar10_vgg16_T16_mode_rate_uniform_schedule_normal_seed_42.csv
cifar10,vgg16,fanin_mean,stable_fanin_mean_bn_detached,stable_mne_l2,0.0001,0.0,42,16,16,rate_uniform,normal,post_input_if,gaussian,0.8,89.520000,cifar10-checkpoints/vgg16_L[16]_mneablate_cifar10_fanin_mean_rc0p0001_seed42_L16.pth,/home/595/sl9144/codes/snn_simulation/important_results/mne_stability_ablation_pilot/cifar10/mneablate_cifar10_fanin_mean_rc0p0001_seed42_L16/noise_sweep_matrix_cifar10_vgg16_T16_mode_rate_uniform_schedule_normal_seed_42.csv
cifar10,vgg16,fanin_mean,stable_fanin_mean_bn_detached,stable_mne_l2,0.0001,0.0,42,16,16,rate_uniform,normal,post_input_if,gaussian,0.85,89.760000,cifar10-checkpoints/vgg16_L[16]_mneablate_cifar10_fanin_mean_rc0p0001_seed42_L16.pth,/home/595/sl9144/codes/snn_simulation/important_results/mne_stability_ablation_pilot/cifar10/mneablate_cifar10_fanin_mean_rc0p0001_seed42_L16/noise_sweep_matrix_cifar10_vgg16_T16_mode_rate_uniform_schedule_normal_seed_42.csv
cifar10,vgg16,fanin_mean,stable_fanin_mean_bn_detached,stable_mne_l2,0.0001,0.0,42,16,16,rate_uniform,normal,post_input_if,gaussian,0.9,89.650000,cifar10-checkpoints/vgg16_L[16]_mneablate_cifar10_fanin_mean_rc0p0001_seed42_L16.pth,/home/595/sl9144/codes/snn_simulation/important_results/mne_stability_ablation_pilot/cifar10/mneablate_cifar10_fanin_mean_rc0p0001_seed42_L16/noise_sweep_matrix_cifar10_vgg16_T16_mode_rate_uniform_schedule_normal_seed_42.csv
cifar10,vgg16,fanin_mean,stable_fanin_mean_bn_detached,stable_mne_l2,0.0001,0.0,42,16,16,rate_uniform,normal,post_input_if,gaussian,0.95,89.620000,cifar10-checkpoints/vgg16_L[16]_mneablate_cifar10_fanin_mean_rc0p0001_seed42_L16.pth,/home/595/sl9144/codes/snn_simulation/important_results/mne_stability_ablation_pilot/cifar10/mneablate_cifar10_fanin_mean_rc0p0001_seed42_L16/noise_sweep_matrix_cifar10_vgg16_T16_mode_rate_uniform_schedule_normal_seed_42.csv
cifar10,vgg16,fanin_mean,stable_fanin_mean_bn_detached,stable_mne_l2,0.0001,0.0,42,16,16,rate_uniform,normal,post_input_if,gaussian,1,89.670000,cifar10-checkpoints/vgg16_L[16]_mneablate_cifar10_fanin_mean_rc0p0001_seed42_L16.pth,/home/595/sl9144/codes/snn_simulation/important_results/mne_stability_ablation_pilot/cifar10/mneablate_cifar10_fanin_mean_rc0p0001_seed42_L16/noise_sweep_matrix_cifar10_vgg16_T16_mode_rate_uniform_schedule_normal_seed_42.csv
cifar10,vgg16,full_bn,stable_fanin_mean_bn_affine_trainable,stable_mne_l2,0.0001,0.0,42,16,16,rate_uniform,normal,post_input_if,gaussian,0,85.840000,cifar10-checkpoints/vgg16_L[16]_mneablate_cifar10_full_bn_rc0p0001_seed42_L16.pth,/home/595/sl9144/codes/snn_simulation/important_results/mne_stability_ablation_pilot/cifar10/mneablate_cifar10_full_bn_rc0p0001_seed42_L16/noise_sweep_matrix_cifar10_vgg16_T16_mode_rate_uniform_schedule_normal_seed_42.csv
cifar10,vgg16,full_bn,stable_fanin_mean_bn_affine_trainable,stable_mne_l2,0.0001,0.0,42,16,16,rate_uniform,normal,post_input_if,gaussian,0.05,85.800000,cifar10-checkpoints/vgg16_L[16]_mneablate_cifar10_full_bn_rc0p0001_seed42_L16.pth,/home/595/sl9144/codes/snn_simulation/important_results/mne_stability_ablation_pilot/cifar10/mneablate_cifar10_full_bn_rc0p0001_seed42_L16/noise_sweep_matrix_cifar10_vgg16_T16_mode_rate_uniform_schedule_normal_seed_42.csv
cifar10,vgg16,full_bn,stable_fanin_mean_bn_affine_trainable,stable_mne_l2,0.0001,0.0,42,16,16,rate_uniform,normal,post_input_if,gaussian,0.1,85.800000,cifar10-checkpoints/vgg16_L[16]_mneablate_cifar10_full_bn_rc0p0001_seed42_L16.pth,/home/595/sl9144/codes/snn_simulation/important_results/mne_stability_ablation_pilot/cifar10/mneablate_cifar10_full_bn_rc0p0001_seed42_L16/noise_sweep_matrix_cifar10_vgg16_T16_mode_rate_uniform_schedule_normal_seed_42.csv
cifar10,vgg16,full_bn,stable_fanin_mean_bn_affine_trainable,stable_mne_l2,0.0001,0.0,42,16,16,rate_uniform,normal,post_input_if,gaussian,0.15,85.760000,cifar10-checkpoints/vgg16_L[16]_mneablate_cifar10_full_bn_rc0p0001_seed42_L16.pth,/home/595/sl9144/codes/snn_simulation/important_results/mne_stability_ablation_pilot/cifar10/mneablate_cifar10_full_bn_rc0p0001_seed42_L16/noise_sweep_matrix_cifar10_vgg16_T16_mode_rate_uniform_schedule_normal_seed_42.csv
cifar10,vgg16,full_bn,stable_fanin_mean_bn_affine_trainable,stable_mne_l2,0.0001,0.0,42,16,16,rate_uniform,normal,post_input_if,gaussian,0.2,85.830000,cifar10-checkpoints/vgg16_L[16]_mneablate_cifar10_full_bn_rc0p0001_seed42_L16.pth,/home/595/sl9144/codes/snn_simulation/important_results/mne_stability_ablation_pilot/cifar10/mneablate_cifar10_full_bn_rc0p0001_seed42_L16/noise_sweep_matrix_cifar10_vgg16_T16_mode_rate_uniform_schedule_normal_seed_42.csv
cifar10,vgg16,full_bn,stable_fanin_mean_bn_affine_trainable,stable_mne_l2,0.0001,0.0,42,16,16,rate_uniform,normal,post_input_if,gaussian,0.25,85.810000,cifar10-checkpoints/vgg16_L[16]_mneablate_cifar10_full_bn_rc0p0001_seed42_L16.pth,/home/595/sl9144/codes/snn_simulation/important_results/mne_stability_ablation_pilot/cifar10/mneablate_cifar10_full_bn_rc0p0001_seed42_L16/noise_sweep_matrix_cifar10_vgg16_T16_mode_rate_uniform_schedule_normal_seed_42.csv
cifar10,vgg16,full_bn,stable_fanin_mean_bn_affine_trainable,stable_mne_l2,0.0001,0.0,42,16,16,rate_uniform,normal,post_input_if,gaussian,0.3,85.870000,cifar10-checkpoints/vgg16_L[16]_mneablate_cifar10_full_bn_rc0p0001_seed42_L16.pth,/home/595/sl9144/codes/snn_simulation/important_results/mne_stability_ablation_pilot/cifar10/mneablate_cifar10_full_bn_rc0p0001_seed42_L16/noise_sweep_matrix_cifar10_vgg16_T16_mode_rate_uniform_schedule_normal_seed_42.csv
cifar10,vgg16,full_bn,stable_fanin_mean_bn_affine_trainable,stable_mne_l2,0.0001,0.0,42,16,16,rate_uniform,normal,post_input_if,gaussian,0.35,85.810000,cifar10-checkpoints/vgg16_L[16]_mneablate_cifar10_full_bn_rc0p0001_seed42_L16.pth,/home/595/sl9144/codes/snn_simulation/important_results/mne_stability_ablation_pilot/cifar10/mneablate_cifar10_full_bn_rc0p0001_seed42_L16/noise_sweep_matrix_cifar10_vgg16_T16_mode_rate_uniform_schedule_normal_seed_42.csv
cifar10,vgg16,full_bn,stable_fanin_mean_bn_affine_trainable,stable_mne_l2,0.0001,0.0,42,16,16,rate_uniform,normal,post_input_if,gaussian,0.4,85.950000,cifar10-checkpoints/vgg16_L[16]_mneablate_cifar10_full_bn_rc0p0001_seed42_L16.pth,/home/595/sl9144/codes/snn_simulation/important_results/mne_stability_ablation_pilot/cifar10/mneablate_cifar10_full_bn_rc0p0001_seed42_L16/noise_sweep_matrix_cifar10_vgg16_T16_mode_rate_uniform_schedule_normal_seed_42.csv
cifar10,vgg16,full_bn,stable_fanin_mean_bn_affine_trainable,stable_mne_l2,0.0001,0.0,42,16,16,rate_uniform,normal,post_input_if,gaussian,0.45,85.900000,cifar10-checkpoints/vgg16_L[16]_mneablate_cifar10_full_bn_rc0p0001_seed42_L16.pth,/home/595/sl9144/codes/snn_simulation/important_results/mne_stability_ablation_pilot/cifar10/mneablate_cifar10_full_bn_rc0p0001_seed42_L16/noise_sweep_matrix_cifar10_vgg16_T16_mode_rate_uniform_schedule_normal_seed_42.csv
cifar10,vgg16,full_bn,stable_fanin_mean_bn_affine_trainable,stable_mne_l2,0.0001,0.0,42,16,16,rate_uniform,normal,post_input_if,gaussian,0.5,85.920000,cifar10-checkpoints/vgg16_L[16]_mneablate_cifar10_full_bn_rc0p0001_seed42_L16.pth,/home/595/sl9144/codes/snn_simulation/important_results/mne_stability_ablation_pilot/cifar10/mneablate_cifar10_full_bn_rc0p0001_seed42_L16/noise_sweep_matrix_cifar10_vgg16_T16_mode_rate_uniform_schedule_normal_seed_42.csv
cifar10,vgg16,full_bn,stable_fanin_mean_bn_affine_trainable,stable_mne_l2,0.0001,0.0,42,16,16,rate_uniform,normal,post_input_if,gaussian,0.55,85.880000,cifar10-checkpoints/vgg16_L[16]_mneablate_cifar10_full_bn_rc0p0001_seed42_L16.pth,/home/595/sl9144/codes/snn_simulation/important_results/mne_stability_ablation_pilot/cifar10/mneablate_cifar10_full_bn_rc0p0001_seed42_L16/noise_sweep_matrix_cifar10_vgg16_T16_mode_rate_uniform_schedule_normal_seed_42.csv
cifar10,vgg16,full_bn,stable_fanin_mean_bn_affine_trainable,stable_mne_l2,0.0001,0.0,42,16,16,rate_uniform,normal,post_input_if,gaussian,0.6,85.920000,cifar10-checkpoints/vgg16_L[16]_mneablate_cifar10_full_bn_rc0p0001_seed42_L16.pth,/home/595/sl9144/codes/snn_simulation/important_results/mne_stability_ablation_pilot/cifar10/mneablate_cifar10_full_bn_rc0p0001_seed42_L16/noise_sweep_matrix_cifar10_vgg16_T16_mode_rate_uniform_schedule_normal_seed_42.csv
cifar10,vgg16,full_bn,stable_fanin_mean_bn_affine_trainable,stable_mne_l2,0.0001,0.0,42,16,16,rate_uniform,normal,post_input_if,gaussian,0.65,86.010000,cifar10-checkpoints/vgg16_L[16]_mneablate_cifar10_full_bn_rc0p0001_seed42_L16.pth,/home/595/sl9144/codes/snn_simulation/important_results/mne_stability_ablation_pilot/cifar10/mneablate_cifar10_full_bn_rc0p0001_seed42_L16/noise_sweep_matrix_cifar10_vgg16_T16_mode_rate_uniform_schedule_normal_seed_42.csv
cifar10,vgg16,full_bn,stable_fanin_mean_bn_affine_trainable,stable_mne_l2,0.0001,0.0,42,16,16,rate_uniform,normal,post_input_if,gaussian,0.7,86.020000,cifar10-checkpoints/vgg16_L[16]_mneablate_cifar10_full_bn_rc0p0001_seed42_L16.pth,/home/595/sl9144/codes/snn_simulation/important_results/mne_stability_ablation_pilot/cifar10/mneablate_cifar10_full_bn_rc0p0001_seed42_L16/noise_sweep_matrix_cifar10_vgg16_T16_mode_rate_uniform_schedule_normal_seed_42.csv
cifar10,vgg16,full_bn,stable_fanin_mean_bn_affine_trainable,stable_mne_l2,0.0001,0.0,42,16,16,rate_uniform,normal,post_input_if,gaussian,0.75,85.930000,cifar10-checkpoints/vgg16_L[16]_mneablate_cifar10_full_bn_rc0p0001_seed42_L16.pth,/home/595/sl9144/codes/snn_simulation/important_results/mne_stability_ablation_pilot/cifar10/mneablate_cifar10_full_bn_rc0p0001_seed42_L16/noise_sweep_matrix_cifar10_vgg16_T16_mode_rate_uniform_schedule_normal_seed_42.csv
cifar10,vgg16,full_bn,stable_fanin_mean_bn_affine_trainable,stable_mne_l2,0.0001,0.0,42,16,16,rate_uniform,normal,post_input_if,gaussian,0.8,86.020000,cifar10-checkpoints/vgg16_L[16]_mneablate_cifar10_full_bn_rc0p0001_seed42_L16.pth,/home/595/sl9144/codes/snn_simulation/important_results/mne_stability_ablation_pilot/cifar10/mneablate_cifar10_full_bn_rc0p0001_seed42_L16/noise_sweep_matrix_cifar10_vgg16_T16_mode_rate_uniform_schedule_normal_seed_42.csv
cifar10,vgg16,full_bn,stable_fanin_mean_bn_affine_trainable,stable_mne_l2,0.0001,0.0,42,16,16,rate_uniform,normal,post_input_if,gaussian,0.85,85.830000,cifar10-checkpoints/vgg16_L[16]_mneablate_cifar10_full_bn_rc0p0001_seed42_L16.pth,/home/595/sl9144/codes/snn_simulation/important_results/mne_stability_ablation_pilot/cifar10/mneablate_cifar10_full_bn_rc0p0001_seed42_L16/noise_sweep_matrix_cifar10_vgg16_T16_mode_rate_uniform_schedule_normal_seed_42.csv
cifar10,vgg16,full_bn,stable_fanin_mean_bn_affine_trainable,stable_mne_l2,0.0001,0.0,42,16,16,rate_uniform,normal,post_input_if,gaussian,0.9,85.990000,cifar10-checkpoints/vgg16_L[16]_mneablate_cifar10_full_bn_rc0p0001_seed42_L16.pth,/home/595/sl9144/codes/snn_simulation/important_results/mne_stability_ablation_pilot/cifar10/mneablate_cifar10_full_bn_rc0p0001_seed42_L16/noise_sweep_matrix_cifar10_vgg16_T16_mode_rate_uniform_schedule_normal_seed_42.csv
cifar10,vgg16,full_bn,stable_fanin_mean_bn_affine_trainable,stable_mne_l2,0.0001,0.0,42,16,16,rate_uniform,normal,post_input_if,gaussian,0.95,86.210000,cifar10-checkpoints/vgg16_L[16]_mneablate_cifar10_full_bn_rc0p0001_seed42_L16.pth,/home/595/sl9144/codes/snn_simulation/important_results/mne_stability_ablation_pilot/cifar10/mneablate_cifar10_full_bn_rc0p0001_seed42_L16/noise_sweep_matrix_cifar10_vgg16_T16_mode_rate_uniform_schedule_normal_seed_42.csv
cifar10,vgg16,full_bn,stable_fanin_mean_bn_affine_trainable,stable_mne_l2,0.0001,0.0,42,16,16,rate_uniform,normal,post_input_if,gaussian,1,85.850000,cifar10-checkpoints/vgg16_L[16]_mneablate_cifar10_full_bn_rc0p0001_seed42_L16.pth,/home/595/sl9144/codes/snn_simulation/important_results/mne_stability_ablation_pilot/cifar10/mneablate_cifar10_full_bn_rc0p0001_seed42_L16/noise_sweep_matrix_cifar10_vgg16_T16_mode_rate_uniform_schedule_normal_seed_42.csv
