dataset,model,method,method_label,seed,L,T,site,sigma,sigma_scale,scale_reference,actual_sigma,noise_repeat,noise_seed,accuracy,checkpoint
fashion_mnist,cnn2,old_detach,MNE-L2,40,16,4,post_input_if,0,post_input_if_rms,1.79159567,0,0,20300818,75.190000,/Users/S4142196/Documents/Phd_Document/codes/QCFS_simulation_FI/QCFS_simulation/fashion_mnist-checkpoints/cnn2_L[16]_fashion_spectral_mne_cnn2_old_detach_rc0p0001_seed40_ep30_L16_trainT0.pth
fashion_mnist,cnn2,old_detach,MNE-L2,40,16,4,post_input_if,0.5,post_input_if_rms,1.79159567,0.895797835,0,20300918,31.820000,/Users/S4142196/Documents/Phd_Document/codes/QCFS_simulation_FI/QCFS_simulation/fashion_mnist-checkpoints/cnn2_L[16]_fashion_spectral_mne_cnn2_old_detach_rc0p0001_seed40_ep30_L16_trainT0.pth
fashion_mnist,cnn2,old_detach,MNE-L2,40,16,4,post_input_if,0.5,post_input_if_rms,1.79159567,0.895797835,1,20300919,31.720000,/Users/S4142196/Documents/Phd_Document/codes/QCFS_simulation_FI/QCFS_simulation/fashion_mnist-checkpoints/cnn2_L[16]_fashion_spectral_mne_cnn2_old_detach_rc0p0001_seed40_ep30_L16_trainT0.pth
fashion_mnist,cnn2,old_detach,MNE-L2,40,16,4,post_input_if,0.5,post_input_if_rms,1.79159567,0.895797835,2,20300920,31.560000,/Users/S4142196/Documents/Phd_Document/codes/QCFS_simulation_FI/QCFS_simulation/fashion_mnist-checkpoints/cnn2_L[16]_fashion_spectral_mne_cnn2_old_detach_rc0p0001_seed40_ep30_L16_trainT0.pth
fashion_mnist,cnn2,orthogonal,Orthogonal,40,16,4,post_input_if,0,post_input_if_rms,1.81033837,0,0,20300818,59.510000,/Users/S4142196/Documents/Phd_Document/codes/QCFS_simulation_FI/QCFS_simulation/fashion_mnist-checkpoints/cnn2_L[16]_fashion_spectral_mne_cnn2_orthogonal_rc0p0001_seed40_ep30_L16_trainT0.pth
fashion_mnist,cnn2,orthogonal,Orthogonal,40,16,4,post_input_if,0.5,post_input_if_rms,1.81033837,0.905169187,0,20300918,30.010000,/Users/S4142196/Documents/Phd_Document/codes/QCFS_simulation_FI/QCFS_simulation/fashion_mnist-checkpoints/cnn2_L[16]_fashion_spectral_mne_cnn2_orthogonal_rc0p0001_seed40_ep30_L16_trainT0.pth
fashion_mnist,cnn2,orthogonal,Orthogonal,40,16,4,post_input_if,0.5,post_input_if_rms,1.81033837,0.905169187,1,20300919,30.240000,/Users/S4142196/Documents/Phd_Document/codes/QCFS_simulation_FI/QCFS_simulation/fashion_mnist-checkpoints/cnn2_L[16]_fashion_spectral_mne_cnn2_orthogonal_rc0p0001_seed40_ep30_L16_trainT0.pth
fashion_mnist,cnn2,orthogonal,Orthogonal,40,16,4,post_input_if,0.5,post_input_if_rms,1.81033837,0.905169187,2,20300920,30.610000,/Users/S4142196/Documents/Phd_Document/codes/QCFS_simulation_FI/QCFS_simulation/fashion_mnist-checkpoints/cnn2_L[16]_fashion_spectral_mne_cnn2_orthogonal_rc0p0001_seed40_ep30_L16_trainT0.pth
fashion_mnist,cnn2,no_reg,No Reg,40,16,4,post_input_if,0,post_input_if_rms,1.79542676,0,0,20300818,59.290000,/Users/S4142196/Documents/Phd_Document/codes/QCFS_simulation_FI/QCFS_simulation/fashion_mnist-checkpoints/cnn2_L[16]_fashion_spectral_mne_cnn2_no_reg_rcnone_seed40_ep30_L16_trainT0.pth
fashion_mnist,cnn2,no_reg,No Reg,40,16,4,post_input_if,0.5,post_input_if_rms,1.79542676,0.897713381,0,20300918,29.040000,/Users/S4142196/Documents/Phd_Document/codes/QCFS_simulation_FI/QCFS_simulation/fashion_mnist-checkpoints/cnn2_L[16]_fashion_spectral_mne_cnn2_no_reg_rcnone_seed40_ep30_L16_trainT0.pth
fashion_mnist,cnn2,no_reg,No Reg,40,16,4,post_input_if,0.5,post_input_if_rms,1.79542676,0.897713381,1,20300919,28.760000,/Users/S4142196/Documents/Phd_Document/codes/QCFS_simulation_FI/QCFS_simulation/fashion_mnist-checkpoints/cnn2_L[16]_fashion_spectral_mne_cnn2_no_reg_rcnone_seed40_ep30_L16_trainT0.pth
fashion_mnist,cnn2,no_reg,No Reg,40,16,4,post_input_if,0.5,post_input_if_rms,1.79542676,0.897713381,2,20300920,29.110000,/Users/S4142196/Documents/Phd_Document/codes/QCFS_simulation_FI/QCFS_simulation/fashion_mnist-checkpoints/cnn2_L[16]_fashion_spectral_mne_cnn2_no_reg_rcnone_seed40_ep30_L16_trainT0.pth
fashion_mnist,cnn2,l2,L2,40,16,4,post_input_if,0,post_input_if_rms,1.42793792,0,0,20300818,67.290000,/Users/S4142196/Documents/Phd_Document/codes/QCFS_simulation_FI/QCFS_simulation/fashion_mnist-checkpoints/cnn2_L[16]_fashion_spectral_mne_cnn2_l2_rcnone_seed40_ep30_L16_trainT0.pth
fashion_mnist,cnn2,l2,L2,40,16,4,post_input_if,0.5,post_input_if_rms,1.42793792,0.713968959,0,20300918,33.370000,/Users/S4142196/Documents/Phd_Document/codes/QCFS_simulation_FI/QCFS_simulation/fashion_mnist-checkpoints/cnn2_L[16]_fashion_spectral_mne_cnn2_l2_rcnone_seed40_ep30_L16_trainT0.pth
fashion_mnist,cnn2,l2,L2,40,16,4,post_input_if,0.5,post_input_if_rms,1.42793792,0.713968959,1,20300919,33.010000,/Users/S4142196/Documents/Phd_Document/codes/QCFS_simulation_FI/QCFS_simulation/fashion_mnist-checkpoints/cnn2_L[16]_fashion_spectral_mne_cnn2_l2_rcnone_seed40_ep30_L16_trainT0.pth
fashion_mnist,cnn2,l2,L2,40,16,4,post_input_if,0.5,post_input_if_rms,1.42793792,0.713968959,2,20300920,33.490000,/Users/S4142196/Documents/Phd_Document/codes/QCFS_simulation_FI/QCFS_simulation/fashion_mnist-checkpoints/cnn2_L[16]_fashion_spectral_mne_cnn2_l2_rcnone_seed40_ep30_L16_trainT0.pth
fashion_mnist,cnn2,old_detach,MNE-L2,41,16,4,post_input_if,0,post_input_if_rms,1.72402016,0,0,20301818,77.390000,/Users/S4142196/Documents/Phd_Document/codes/QCFS_simulation_FI/QCFS_simulation/fashion_mnist-checkpoints/cnn2_L[16]_fashion_spectral_mne_cnn2_old_detach_rc0p0001_seed41_ep30_L16_trainT0.pth
fashion_mnist,cnn2,old_detach,MNE-L2,41,16,4,post_input_if,0.5,post_input_if_rms,1.72402016,0.862010079,0,20301918,35.600000,/Users/S4142196/Documents/Phd_Document/codes/QCFS_simulation_FI/QCFS_simulation/fashion_mnist-checkpoints/cnn2_L[16]_fashion_spectral_mne_cnn2_old_detach_rc0p0001_seed41_ep30_L16_trainT0.pth
fashion_mnist,cnn2,old_detach,MNE-L2,41,16,4,post_input_if,0.5,post_input_if_rms,1.72402016,0.862010079,1,20301919,34.360000,/Users/S4142196/Documents/Phd_Document/codes/QCFS_simulation_FI/QCFS_simulation/fashion_mnist-checkpoints/cnn2_L[16]_fashion_spectral_mne_cnn2_old_detach_rc0p0001_seed41_ep30_L16_trainT0.pth
fashion_mnist,cnn2,old_detach,MNE-L2,41,16,4,post_input_if,0.5,post_input_if_rms,1.72402016,0.862010079,2,20301920,35.330000,/Users/S4142196/Documents/Phd_Document/codes/QCFS_simulation_FI/QCFS_simulation/fashion_mnist-checkpoints/cnn2_L[16]_fashion_spectral_mne_cnn2_old_detach_rc0p0001_seed41_ep30_L16_trainT0.pth
fashion_mnist,cnn2,orthogonal,Orthogonal,41,16,4,post_input_if,0,post_input_if_rms,1.71923669,0,0,20301818,77.500000,/Users/S4142196/Documents/Phd_Document/codes/QCFS_simulation_FI/QCFS_simulation/fashion_mnist-checkpoints/cnn2_L[16]_fashion_spectral_mne_cnn2_orthogonal_rc0p0001_seed41_ep30_L16_trainT0.pth
fashion_mnist,cnn2,orthogonal,Orthogonal,41,16,4,post_input_if,0.5,post_input_if_rms,1.71923669,0.859618347,0,20301918,34.310000,/Users/S4142196/Documents/Phd_Document/codes/QCFS_simulation_FI/QCFS_simulation/fashion_mnist-checkpoints/cnn2_L[16]_fashion_spectral_mne_cnn2_orthogonal_rc0p0001_seed41_ep30_L16_trainT0.pth
fashion_mnist,cnn2,orthogonal,Orthogonal,41,16,4,post_input_if,0.5,post_input_if_rms,1.71923669,0.859618347,1,20301919,33.800000,/Users/S4142196/Documents/Phd_Document/codes/QCFS_simulation_FI/QCFS_simulation/fashion_mnist-checkpoints/cnn2_L[16]_fashion_spectral_mne_cnn2_orthogonal_rc0p0001_seed41_ep30_L16_trainT0.pth
fashion_mnist,cnn2,orthogonal,Orthogonal,41,16,4,post_input_if,0.5,post_input_if_rms,1.71923669,0.859618347,2,20301920,34.070000,/Users/S4142196/Documents/Phd_Document/codes/QCFS_simulation_FI/QCFS_simulation/fashion_mnist-checkpoints/cnn2_L[16]_fashion_spectral_mne_cnn2_orthogonal_rc0p0001_seed41_ep30_L16_trainT0.pth
fashion_mnist,cnn2,no_reg,No Reg,41,16,4,post_input_if,0,post_input_if_rms,1.72680955,0,0,20301818,76.910000,/Users/S4142196/Documents/Phd_Document/codes/QCFS_simulation_FI/QCFS_simulation/fashion_mnist-checkpoints/cnn2_L[16]_fashion_spectral_mne_cnn2_no_reg_rcnone_seed41_ep30_L16_trainT0.pth
fashion_mnist,cnn2,no_reg,No Reg,41,16,4,post_input_if,0.5,post_input_if_rms,1.72680955,0.863404777,0,20301918,33.610000,/Users/S4142196/Documents/Phd_Document/codes/QCFS_simulation_FI/QCFS_simulation/fashion_mnist-checkpoints/cnn2_L[16]_fashion_spectral_mne_cnn2_no_reg_rcnone_seed41_ep30_L16_trainT0.pth
fashion_mnist,cnn2,no_reg,No Reg,41,16,4,post_input_if,0.5,post_input_if_rms,1.72680955,0.863404777,1,20301919,33.440000,/Users/S4142196/Documents/Phd_Document/codes/QCFS_simulation_FI/QCFS_simulation/fashion_mnist-checkpoints/cnn2_L[16]_fashion_spectral_mne_cnn2_no_reg_rcnone_seed41_ep30_L16_trainT0.pth
fashion_mnist,cnn2,no_reg,No Reg,41,16,4,post_input_if,0.5,post_input_if_rms,1.72680955,0.863404777,2,20301920,33.520000,/Users/S4142196/Documents/Phd_Document/codes/QCFS_simulation_FI/QCFS_simulation/fashion_mnist-checkpoints/cnn2_L[16]_fashion_spectral_mne_cnn2_no_reg_rcnone_seed41_ep30_L16_trainT0.pth
fashion_mnist,cnn2,l2,L2,41,16,4,post_input_if,0,post_input_if_rms,1.40607917,0,0,20301818,80.020000,/Users/S4142196/Documents/Phd_Document/codes/QCFS_simulation_FI/QCFS_simulation/fashion_mnist-checkpoints/cnn2_L[16]_fashion_spectral_mne_cnn2_l2_rcnone_seed41_ep30_L16_trainT0.pth
fashion_mnist,cnn2,l2,L2,41,16,4,post_input_if,0.5,post_input_if_rms,1.40607917,0.703039587,0,20301918,34.840000,/Users/S4142196/Documents/Phd_Document/codes/QCFS_simulation_FI/QCFS_simulation/fashion_mnist-checkpoints/cnn2_L[16]_fashion_spectral_mne_cnn2_l2_rcnone_seed41_ep30_L16_trainT0.pth
fashion_mnist,cnn2,l2,L2,41,16,4,post_input_if,0.5,post_input_if_rms,1.40607917,0.703039587,1,20301919,34.600000,/Users/S4142196/Documents/Phd_Document/codes/QCFS_simulation_FI/QCFS_simulation/fashion_mnist-checkpoints/cnn2_L[16]_fashion_spectral_mne_cnn2_l2_rcnone_seed41_ep30_L16_trainT0.pth
fashion_mnist,cnn2,l2,L2,41,16,4,post_input_if,0.5,post_input_if_rms,1.40607917,0.703039587,2,20301920,34.630000,/Users/S4142196/Documents/Phd_Document/codes/QCFS_simulation_FI/QCFS_simulation/fashion_mnist-checkpoints/cnn2_L[16]_fashion_spectral_mne_cnn2_l2_rcnone_seed41_ep30_L16_trainT0.pth
fashion_mnist,cnn2,old_detach,MNE-L2,42,16,4,post_input_if,0,post_input_if_rms,1.76173435,0,0,20302818,74.770000,/Users/S4142196/Documents/Phd_Document/codes/QCFS_simulation_FI/QCFS_simulation/fashion_mnist-checkpoints/cnn2_L[16]_fashion_spectral_mne_cnn2_old_detach_rc0p0001_seed42_ep30_L16_trainT0.pth
fashion_mnist,cnn2,old_detach,MNE-L2,42,16,4,post_input_if,0.5,post_input_if_rms,1.76173435,0.880867175,0,20302918,29.190000,/Users/S4142196/Documents/Phd_Document/codes/QCFS_simulation_FI/QCFS_simulation/fashion_mnist-checkpoints/cnn2_L[16]_fashion_spectral_mne_cnn2_old_detach_rc0p0001_seed42_ep30_L16_trainT0.pth
fashion_mnist,cnn2,old_detach,MNE-L2,42,16,4,post_input_if,0.5,post_input_if_rms,1.76173435,0.880867175,1,20302919,29.580000,/Users/S4142196/Documents/Phd_Document/codes/QCFS_simulation_FI/QCFS_simulation/fashion_mnist-checkpoints/cnn2_L[16]_fashion_spectral_mne_cnn2_old_detach_rc0p0001_seed42_ep30_L16_trainT0.pth
fashion_mnist,cnn2,old_detach,MNE-L2,42,16,4,post_input_if,0.5,post_input_if_rms,1.76173435,0.880867175,2,20302920,29.810000,/Users/S4142196/Documents/Phd_Document/codes/QCFS_simulation_FI/QCFS_simulation/fashion_mnist-checkpoints/cnn2_L[16]_fashion_spectral_mne_cnn2_old_detach_rc0p0001_seed42_ep30_L16_trainT0.pth
fashion_mnist,cnn2,orthogonal,Orthogonal,42,16,4,post_input_if,0,post_input_if_rms,1.76308135,0,0,20302818,74.940000,/Users/S4142196/Documents/Phd_Document/codes/QCFS_simulation_FI/QCFS_simulation/fashion_mnist-checkpoints/cnn2_L[16]_fashion_spectral_mne_cnn2_orthogonal_rc0p0001_seed42_ep30_L16_trainT0.pth
fashion_mnist,cnn2,orthogonal,Orthogonal,42,16,4,post_input_if,0.5,post_input_if_rms,1.76308135,0.881540676,0,20302918,31.700000,/Users/S4142196/Documents/Phd_Document/codes/QCFS_simulation_FI/QCFS_simulation/fashion_mnist-checkpoints/cnn2_L[16]_fashion_spectral_mne_cnn2_orthogonal_rc0p0001_seed42_ep30_L16_trainT0.pth
fashion_mnist,cnn2,orthogonal,Orthogonal,42,16,4,post_input_if,0.5,post_input_if_rms,1.76308135,0.881540676,1,20302919,32.130000,/Users/S4142196/Documents/Phd_Document/codes/QCFS_simulation_FI/QCFS_simulation/fashion_mnist-checkpoints/cnn2_L[16]_fashion_spectral_mne_cnn2_orthogonal_rc0p0001_seed42_ep30_L16_trainT0.pth
fashion_mnist,cnn2,orthogonal,Orthogonal,42,16,4,post_input_if,0.5,post_input_if_rms,1.76308135,0.881540676,2,20302920,31.570000,/Users/S4142196/Documents/Phd_Document/codes/QCFS_simulation_FI/QCFS_simulation/fashion_mnist-checkpoints/cnn2_L[16]_fashion_spectral_mne_cnn2_orthogonal_rc0p0001_seed42_ep30_L16_trainT0.pth
fashion_mnist,cnn2,no_reg,No Reg,42,16,4,post_input_if,0,post_input_if_rms,1.761892,0,0,20302818,74.090000,/Users/S4142196/Documents/Phd_Document/codes/QCFS_simulation_FI/QCFS_simulation/fashion_mnist-checkpoints/cnn2_L[16]_fashion_spectral_mne_cnn2_no_reg_rcnone_seed42_ep30_L16_trainT0.pth
fashion_mnist,cnn2,no_reg,No Reg,42,16,4,post_input_if,0.5,post_input_if_rms,1.761892,0.880946,0,20302918,29.500000,/Users/S4142196/Documents/Phd_Document/codes/QCFS_simulation_FI/QCFS_simulation/fashion_mnist-checkpoints/cnn2_L[16]_fashion_spectral_mne_cnn2_no_reg_rcnone_seed42_ep30_L16_trainT0.pth
fashion_mnist,cnn2,no_reg,No Reg,42,16,4,post_input_if,0.5,post_input_if_rms,1.761892,0.880946,1,20302919,29.270000,/Users/S4142196/Documents/Phd_Document/codes/QCFS_simulation_FI/QCFS_simulation/fashion_mnist-checkpoints/cnn2_L[16]_fashion_spectral_mne_cnn2_no_reg_rcnone_seed42_ep30_L16_trainT0.pth
fashion_mnist,cnn2,no_reg,No Reg,42,16,4,post_input_if,0.5,post_input_if_rms,1.761892,0.880946,2,20302920,29.020000,/Users/S4142196/Documents/Phd_Document/codes/QCFS_simulation_FI/QCFS_simulation/fashion_mnist-checkpoints/cnn2_L[16]_fashion_spectral_mne_cnn2_no_reg_rcnone_seed42_ep30_L16_trainT0.pth
fashion_mnist,cnn2,l2,L2,42,16,4,post_input_if,0,post_input_if_rms,1.41998746,0,0,20302818,77.530000,/Users/S4142196/Documents/Phd_Document/codes/QCFS_simulation_FI/QCFS_simulation/fashion_mnist-checkpoints/cnn2_L[16]_fashion_spectral_mne_cnn2_l2_rcnone_seed42_ep30_L16_trainT0.pth
fashion_mnist,cnn2,l2,L2,42,16,4,post_input_if,0.5,post_input_if_rms,1.41998746,0.709993731,0,20302918,31.480000,/Users/S4142196/Documents/Phd_Document/codes/QCFS_simulation_FI/QCFS_simulation/fashion_mnist-checkpoints/cnn2_L[16]_fashion_spectral_mne_cnn2_l2_rcnone_seed42_ep30_L16_trainT0.pth
fashion_mnist,cnn2,l2,L2,42,16,4,post_input_if,0.5,post_input_if_rms,1.41998746,0.709993731,1,20302919,31.350000,/Users/S4142196/Documents/Phd_Document/codes/QCFS_simulation_FI/QCFS_simulation/fashion_mnist-checkpoints/cnn2_L[16]_fashion_spectral_mne_cnn2_l2_rcnone_seed42_ep30_L16_trainT0.pth
fashion_mnist,cnn2,l2,L2,42,16,4,post_input_if,0.5,post_input_if_rms,1.41998746,0.709993731,2,20302920,31.570000,/Users/S4142196/Documents/Phd_Document/codes/QCFS_simulation_FI/QCFS_simulation/fashion_mnist-checkpoints/cnn2_L[16]_fashion_spectral_mne_cnn2_l2_rcnone_seed42_ep30_L16_trainT0.pth
fashion_mnist,cnn2,old_detach,MNE-L2,43,16,4,post_input_if,0,post_input_if_rms,1.79998161,0,0,20303818,69.050000,/Users/S4142196/Documents/Phd_Document/codes/QCFS_simulation_FI/QCFS_simulation/fashion_mnist-checkpoints/cnn2_L[16]_fashion_spectral_mne_cnn2_old_detach_rc0p0001_seed43_ep30_L16_trainT0.pth
fashion_mnist,cnn2,old_detach,MNE-L2,43,16,4,post_input_if,0.5,post_input_if_rms,1.79998161,0.899990804,0,20303918,33.520000,/Users/S4142196/Documents/Phd_Document/codes/QCFS_simulation_FI/QCFS_simulation/fashion_mnist-checkpoints/cnn2_L[16]_fashion_spectral_mne_cnn2_old_detach_rc0p0001_seed43_ep30_L16_trainT0.pth
fashion_mnist,cnn2,old_detach,MNE-L2,43,16,4,post_input_if,0.5,post_input_if_rms,1.79998161,0.899990804,1,20303919,33.200000,/Users/S4142196/Documents/Phd_Document/codes/QCFS_simulation_FI/QCFS_simulation/fashion_mnist-checkpoints/cnn2_L[16]_fashion_spectral_mne_cnn2_old_detach_rc0p0001_seed43_ep30_L16_trainT0.pth
fashion_mnist,cnn2,old_detach,MNE-L2,43,16,4,post_input_if,0.5,post_input_if_rms,1.79998161,0.899990804,2,20303920,33.520000,/Users/S4142196/Documents/Phd_Document/codes/QCFS_simulation_FI/QCFS_simulation/fashion_mnist-checkpoints/cnn2_L[16]_fashion_spectral_mne_cnn2_old_detach_rc0p0001_seed43_ep30_L16_trainT0.pth
fashion_mnist,cnn2,orthogonal,Orthogonal,43,16,4,post_input_if,0,post_input_if_rms,1.79262463,0,0,20303818,71.430000,/Users/S4142196/Documents/Phd_Document/codes/QCFS_simulation_FI/QCFS_simulation/fashion_mnist-checkpoints/cnn2_L[16]_fashion_spectral_mne_cnn2_orthogonal_rc0p0001_seed43_ep30_L16_trainT0.pth
fashion_mnist,cnn2,orthogonal,Orthogonal,43,16,4,post_input_if,0.5,post_input_if_rms,1.79262463,0.896312317,0,20303918,34.620000,/Users/S4142196/Documents/Phd_Document/codes/QCFS_simulation_FI/QCFS_simulation/fashion_mnist-checkpoints/cnn2_L[16]_fashion_spectral_mne_cnn2_orthogonal_rc0p0001_seed43_ep30_L16_trainT0.pth
fashion_mnist,cnn2,orthogonal,Orthogonal,43,16,4,post_input_if,0.5,post_input_if_rms,1.79262463,0.896312317,1,20303919,35.780000,/Users/S4142196/Documents/Phd_Document/codes/QCFS_simulation_FI/QCFS_simulation/fashion_mnist-checkpoints/cnn2_L[16]_fashion_spectral_mne_cnn2_orthogonal_rc0p0001_seed43_ep30_L16_trainT0.pth
fashion_mnist,cnn2,orthogonal,Orthogonal,43,16,4,post_input_if,0.5,post_input_if_rms,1.79262463,0.896312317,2,20303920,35.650000,/Users/S4142196/Documents/Phd_Document/codes/QCFS_simulation_FI/QCFS_simulation/fashion_mnist-checkpoints/cnn2_L[16]_fashion_spectral_mne_cnn2_orthogonal_rc0p0001_seed43_ep30_L16_trainT0.pth
fashion_mnist,cnn2,no_reg,No Reg,43,16,4,post_input_if,0,post_input_if_rms,1.79575561,0,0,20303818,70.220000,/Users/S4142196/Documents/Phd_Document/codes/QCFS_simulation_FI/QCFS_simulation/fashion_mnist-checkpoints/cnn2_L[16]_fashion_spectral_mne_cnn2_no_reg_rcnone_seed43_ep30_L16_trainT0.pth
fashion_mnist,cnn2,no_reg,No Reg,43,16,4,post_input_if,0.5,post_input_if_rms,1.79575561,0.897877806,0,20303918,35.280000,/Users/S4142196/Documents/Phd_Document/codes/QCFS_simulation_FI/QCFS_simulation/fashion_mnist-checkpoints/cnn2_L[16]_fashion_spectral_mne_cnn2_no_reg_rcnone_seed43_ep30_L16_trainT0.pth
fashion_mnist,cnn2,no_reg,No Reg,43,16,4,post_input_if,0.5,post_input_if_rms,1.79575561,0.897877806,1,20303919,35.560000,/Users/S4142196/Documents/Phd_Document/codes/QCFS_simulation_FI/QCFS_simulation/fashion_mnist-checkpoints/cnn2_L[16]_fashion_spectral_mne_cnn2_no_reg_rcnone_seed43_ep30_L16_trainT0.pth
fashion_mnist,cnn2,no_reg,No Reg,43,16,4,post_input_if,0.5,post_input_if_rms,1.79575561,0.897877806,2,20303920,35.850000,/Users/S4142196/Documents/Phd_Document/codes/QCFS_simulation_FI/QCFS_simulation/fashion_mnist-checkpoints/cnn2_L[16]_fashion_spectral_mne_cnn2_no_reg_rcnone_seed43_ep30_L16_trainT0.pth
fashion_mnist,cnn2,l2,L2,43,16,4,post_input_if,0,post_input_if_rms,1.42658718,0,0,20303818,74.700000,/Users/S4142196/Documents/Phd_Document/codes/QCFS_simulation_FI/QCFS_simulation/fashion_mnist-checkpoints/cnn2_L[16]_fashion_spectral_mne_cnn2_l2_rcnone_seed43_ep30_L16_trainT0.pth
fashion_mnist,cnn2,l2,L2,43,16,4,post_input_if,0.5,post_input_if_rms,1.42658718,0.713293589,0,20303918,37.030000,/Users/S4142196/Documents/Phd_Document/codes/QCFS_simulation_FI/QCFS_simulation/fashion_mnist-checkpoints/cnn2_L[16]_fashion_spectral_mne_cnn2_l2_rcnone_seed43_ep30_L16_trainT0.pth
fashion_mnist,cnn2,l2,L2,43,16,4,post_input_if,0.5,post_input_if_rms,1.42658718,0.713293589,1,20303919,37.300000,/Users/S4142196/Documents/Phd_Document/codes/QCFS_simulation_FI/QCFS_simulation/fashion_mnist-checkpoints/cnn2_L[16]_fashion_spectral_mne_cnn2_l2_rcnone_seed43_ep30_L16_trainT0.pth
fashion_mnist,cnn2,l2,L2,43,16,4,post_input_if,0.5,post_input_if_rms,1.42658718,0.713293589,2,20303920,37.900000,/Users/S4142196/Documents/Phd_Document/codes/QCFS_simulation_FI/QCFS_simulation/fashion_mnist-checkpoints/cnn2_L[16]_fashion_spectral_mne_cnn2_l2_rcnone_seed43_ep30_L16_trainT0.pth
fashion_mnist,cnn2,old_detach,MNE-L2,44,16,4,post_input_if,0,post_input_if_rms,1.81286635,0,0,20304818,77.160000,/Users/S4142196/Documents/Phd_Document/codes/QCFS_simulation_FI/QCFS_simulation/fashion_mnist-checkpoints/cnn2_L[16]_fashion_spectral_mne_cnn2_old_detach_rc0p0001_seed44_ep30_L16_trainT0.pth
fashion_mnist,cnn2,old_detach,MNE-L2,44,16,4,post_input_if,0.5,post_input_if_rms,1.81286635,0.906433173,0,20304918,34.760000,/Users/S4142196/Documents/Phd_Document/codes/QCFS_simulation_FI/QCFS_simulation/fashion_mnist-checkpoints/cnn2_L[16]_fashion_spectral_mne_cnn2_old_detach_rc0p0001_seed44_ep30_L16_trainT0.pth
fashion_mnist,cnn2,old_detach,MNE-L2,44,16,4,post_input_if,0.5,post_input_if_rms,1.81286635,0.906433173,1,20304919,33.900000,/Users/S4142196/Documents/Phd_Document/codes/QCFS_simulation_FI/QCFS_simulation/fashion_mnist-checkpoints/cnn2_L[16]_fashion_spectral_mne_cnn2_old_detach_rc0p0001_seed44_ep30_L16_trainT0.pth
fashion_mnist,cnn2,old_detach,MNE-L2,44,16,4,post_input_if,0.5,post_input_if_rms,1.81286635,0.906433173,2,20304920,34.620000,/Users/S4142196/Documents/Phd_Document/codes/QCFS_simulation_FI/QCFS_simulation/fashion_mnist-checkpoints/cnn2_L[16]_fashion_spectral_mne_cnn2_old_detach_rc0p0001_seed44_ep30_L16_trainT0.pth
fashion_mnist,cnn2,orthogonal,Orthogonal,44,16,4,post_input_if,0,post_input_if_rms,1.79892868,0,0,20304818,77.210000,/Users/S4142196/Documents/Phd_Document/codes/QCFS_simulation_FI/QCFS_simulation/fashion_mnist-checkpoints/cnn2_L[16]_fashion_spectral_mne_cnn2_orthogonal_rc0p0001_seed44_ep30_L16_trainT0.pth
fashion_mnist,cnn2,orthogonal,Orthogonal,44,16,4,post_input_if,0.5,post_input_if_rms,1.79892868,0.89946434,0,20304918,35.970000,/Users/S4142196/Documents/Phd_Document/codes/QCFS_simulation_FI/QCFS_simulation/fashion_mnist-checkpoints/cnn2_L[16]_fashion_spectral_mne_cnn2_orthogonal_rc0p0001_seed44_ep30_L16_trainT0.pth
fashion_mnist,cnn2,orthogonal,Orthogonal,44,16,4,post_input_if,0.5,post_input_if_rms,1.79892868,0.89946434,1,20304919,35.380000,/Users/S4142196/Documents/Phd_Document/codes/QCFS_simulation_FI/QCFS_simulation/fashion_mnist-checkpoints/cnn2_L[16]_fashion_spectral_mne_cnn2_orthogonal_rc0p0001_seed44_ep30_L16_trainT0.pth
fashion_mnist,cnn2,orthogonal,Orthogonal,44,16,4,post_input_if,0.5,post_input_if_rms,1.79892868,0.89946434,2,20304920,35.370000,/Users/S4142196/Documents/Phd_Document/codes/QCFS_simulation_FI/QCFS_simulation/fashion_mnist-checkpoints/cnn2_L[16]_fashion_spectral_mne_cnn2_orthogonal_rc0p0001_seed44_ep30_L16_trainT0.pth
fashion_mnist,cnn2,no_reg,No Reg,44,16,4,post_input_if,0,post_input_if_rms,1.79157534,0,0,20304818,76.560000,/Users/S4142196/Documents/Phd_Document/codes/QCFS_simulation_FI/QCFS_simulation/fashion_mnist-checkpoints/cnn2_L[16]_fashion_spectral_mne_cnn2_no_reg_rcnone_seed44_ep30_L16_trainT0.pth
fashion_mnist,cnn2,no_reg,No Reg,44,16,4,post_input_if,0.5,post_input_if_rms,1.79157534,0.895787672,0,20304918,28.500000,/Users/S4142196/Documents/Phd_Document/codes/QCFS_simulation_FI/QCFS_simulation/fashion_mnist-checkpoints/cnn2_L[16]_fashion_spectral_mne_cnn2_no_reg_rcnone_seed44_ep30_L16_trainT0.pth
fashion_mnist,cnn2,no_reg,No Reg,44,16,4,post_input_if,0.5,post_input_if_rms,1.79157534,0.895787672,1,20304919,28.340000,/Users/S4142196/Documents/Phd_Document/codes/QCFS_simulation_FI/QCFS_simulation/fashion_mnist-checkpoints/cnn2_L[16]_fashion_spectral_mne_cnn2_no_reg_rcnone_seed44_ep30_L16_trainT0.pth
fashion_mnist,cnn2,no_reg,No Reg,44,16,4,post_input_if,0.5,post_input_if_rms,1.79157534,0.895787672,2,20304920,28.060000,/Users/S4142196/Documents/Phd_Document/codes/QCFS_simulation_FI/QCFS_simulation/fashion_mnist-checkpoints/cnn2_L[16]_fashion_spectral_mne_cnn2_no_reg_rcnone_seed44_ep30_L16_trainT0.pth
fashion_mnist,cnn2,l2,L2,44,16,4,post_input_if,0,post_input_if_rms,1.43122037,0,0,20304818,79.240000,/Users/S4142196/Documents/Phd_Document/codes/QCFS_simulation_FI/QCFS_simulation/fashion_mnist-checkpoints/cnn2_L[16]_fashion_spectral_mne_cnn2_l2_rcnone_seed44_ep30_L16_trainT0.pth
fashion_mnist,cnn2,l2,L2,44,16,4,post_input_if,0.5,post_input_if_rms,1.43122037,0.715610186,0,20304918,36.470000,/Users/S4142196/Documents/Phd_Document/codes/QCFS_simulation_FI/QCFS_simulation/fashion_mnist-checkpoints/cnn2_L[16]_fashion_spectral_mne_cnn2_l2_rcnone_seed44_ep30_L16_trainT0.pth
fashion_mnist,cnn2,l2,L2,44,16,4,post_input_if,0.5,post_input_if_rms,1.43122037,0.715610186,1,20304919,36.230000,/Users/S4142196/Documents/Phd_Document/codes/QCFS_simulation_FI/QCFS_simulation/fashion_mnist-checkpoints/cnn2_L[16]_fashion_spectral_mne_cnn2_l2_rcnone_seed44_ep30_L16_trainT0.pth
fashion_mnist,cnn2,l2,L2,44,16,4,post_input_if,0.5,post_input_if_rms,1.43122037,0.715610186,2,20304920,36.390000,/Users/S4142196/Documents/Phd_Document/codes/QCFS_simulation_FI/QCFS_simulation/fashion_mnist-checkpoints/cnn2_L[16]_fashion_spectral_mne_cnn2_l2_rcnone_seed44_ep30_L16_trainT0.pth
